seed,hull,gear,weapon,valid,mass_kg,top_speed_kmh,power_kw,armour_front_mm,armour_side_mm,frontal_m2,firepower_kw,alpha_mj,best_pen_mm,weapon_range_km,sight_km,ground_pressure_kpa,length_m,width_m,height_m,lift_kw,armour_kept,problem
7,hull_lancer,track,turret_gun,true,19059,54.8,223,155,62,3.3,85.4,0.02,3,0.33,2.27,63.9,5.3,3.2,2.2,0,1.00,""
8,hull_lancer,track,turret_gun,true,12587,70.0,439,243,56,2.3,45.0,0.01,1,0.30,2.23,61.3,5.0,2.6,2.0,0,1.00,""
9,hull_lancer,track,turret_beam,true,147353,70.0,3169,149,131,15.5,291.3,0.94,9,7.68,3.67,109.7,12.8,5.7,12.0,0,1.00,""
10,hull_lancer,track,turret_beam,true,23376,46.2,237,62,35,6.2,91.8,0.21,0,2.34,2.87,75.8,8.0,3.5,5.4,0,1.00,""
11,hull_lancer,track,turret_gun,true,104593,70.0,2186,212,98,17.0,222.9,0.33,26,0.82,3.87,128.6,13.4,5.3,14.0,0,1.00,""
12,hull_lancer,track,turret_beam,true,108238,70.0,3430,330,163,15.6,130.0,0.35,2,5.29,3.36,53.8,12.9,5.9,9.1,0,1.00,""
13,hull_lancer,track,turret_gun,true,58333,41.5,575,78,35,14.1,293.8,0.37,27,0.88,3.41,115.9,13.0,5.0,9.6,0,1.00,""
14,hull_lancer,track,turret_gun,true,66142,70.0,1669,116,43,16.9,191.1,0.20,19,0.74,3.61,71.7,11.7,5.5,11.4,0,1.00,""
15,hull_lancer,track,turret_gun,true,4563,70.0,102,62,44,1.8,176.6,0.08,10,0.51,2.14,30.4,4.1,2.6,1.7,0,1.00,""
16,hull_lancer,track,turret_missile,true,56481,46.1,558,123,71,7.1,15340.6,419.31,810,0.83,2.79,126.3,10.1,3.6,4.9,0,1.00,""
17,hull_lancer,track,turret_beam,true,17510,43.8,161,185,93,2.6,64.0,0.56,0,0.87,2.14,97.5,4.7,2.8,1.7,0,1.00,""
18,hull_lancer,track,turret_gun,true,97623,70.0,1993,214,123,9.1,61.2,0.02,3,0.42,2.92,53.4,11.6,5.6,5.7,0,1.00,""
19,hull_lancer,track,turret_gun,true,37241,50.0,474,142,21,11.6,358.0,0.17,17,0.68,3.25,69.5,11.5,4.7,8.2,0,1.00,""
20,hull_lancer,track,turret_missile,true,34274,42.5,309,221,86,4.0,945.1,19.34,300,3.26,2.35,97.1,7.8,3.3,2.5,0,1.00,""
21,hull_lancer,track,turret_gun,true,118286,70.0,4337,222,45,21.9,167.2,0.09,11,0.55,4.08,66.1,14.0,6.1,16.3,0,1.00,""
22,hull_lancer,track,turret_gun,true,47213,70.0,1415,246,69,7.0,101.0,0.05,7,0.47,2.75,81.4,7.3,3.8,4.7,0,1.00,""
23,hull_lancer,track,turret_beam,true,86346,57.8,1303,317,80,10.5,114.7,0.31,2,5.08,3.26,104.9,10.4,4.7,8.3,0,1.00,""
24,hull_lancer,track,turret_gun,true,13971,70.0,287,153,91,1.8,202.1,0.07,9,0.53,2.13,80.9,4.5,2.1,1.6,0,1.00,""
25,hull_lancer,track,turret_gun,true,16249,70.0,286,73,40,3.7,1268.7,0.06,8,0.59,2.51,59.5,7.1,3.0,3.3,0,1.00,""
26,hull_lancer,track,turret_beam,true,19090,67.4,287,122,35,4.1,99.4,0.18,0,1.76,2.72,57.7,8.6,3.5,4.5,0,1.00,""
27,hull_lancer,track,turret_gun,true,29794,70.0,1090,113,17,8.3,73.2,0.13,11,1.05,3.12,67.4,10.4,3.9,7.2,0,1.00,""
28,hull_lancer,track,turret_gun,true,19623,70.0,681,139,91,4.0,491.2,0.01,2,0.32,2.48,61.1,5.7,3.3,3.2,0,1.00,""
29,hull_lancer,track,none,true,14506,70.0,395,283,87,2.0,0.0,0.00,0,0.00,2.12,69.8,5.4,2.5,1.6,0,1.00,""
30,hull_lancer,track,turret_beam,true,5810,70.0,138,54,37,2.1,54.6,0.79,0,0.70,2.18,41.5,3.6,2.3,1.8,0,1.00,""
31,hull_lancer,track,turret_missile,true,17040,55.4,1066,127,55,4.5,17159.3,522.86,933,3.57,2.44,118.1,3.5,2.7,3.0,0,1.00,""
32,hull_lancer,track,turret_gun,true,37370,62.9,516,116,53,6.8,55.1,0.01,1,0.30,2.82,92.7,10.5,4.2,5.1,0,1.00,""
33,hull_lancer,track,turret_beam,true,55561,58.8,741,160,44,11.1,280.5,6.98,23,3.20,3.22,124.6,11.6,4.6,8.0,0,1.00,""
34,hull_lancer,track,turret_missile,true,18134,70.0,602,129,70,3.3,745.3,11.51,372,1.72,2.25,88.9,5.3,3.0,2.1,0,1.00,""
35,hull_lancer,track,turret_missile,true,14459,70.0,245,53,24,4.6,614.2,11.98,292,5.94,2.47,47.9,7.9,3.5,3.1,0,1.00,""
36,hull_lancer,track,turret_gun,true,6686,70.0,218,174,42,1.8,168.4,0.08,11,0.55,2.14,40.6,4.5,2.4,1.7,0,1.00,""
37,hull_lancer,track,turret_missile,true,11564,58.3,150,157,32,3.2,4796.1,100.03,701,0.79,2.34,61.0,4.9,2.9,2.5,0,1.00,""
38,hull_lancer,track,none,true,11260,70.0,206,122,100,1.7,0.0,0.00,0,0.00,2.12,62.0,4.2,2.2,1.6,0,1.00,""
39,hull_lancer,track,turret_beam,true,72232,67.2,1106,54,35,15.6,424.6,176.03,937,4.57,3.24,81.8,12.0,4.6,8.1,0,1.00,""
40,hull_lancer,track,turret_gun,true,9724,70.0,163,111,75,1.8,124.9,0.05,8,0.53,2.33,55.8,4.5,2.2,2.4,0,1.00,""
41,hull_lancer,track,turret_missile,true,153351,70.0,3835,334,143,21.6,1200.6,19.61,394,0.78,4.21,53.8,13.2,7.2,17.8,0,1.00,""
42,hull_lancer,track,turret_missile,true,7609,59.3,202,69,29,3.3,308.0,4.60,267,4.05,2.47,36.0,5.5,2.5,3.1,0,1.00,""
43,hull_lancer,track,turret_beam,true,102039,70.0,3365,128,59,18.8,1312.2,103.64,758,5.91,4.12,118.0,13.3,5.0,16.8,0,1.00,""
44,hull_lancer,track,turret_gun,true,14162,38.8,116,76,70,3.2,45.8,0.02,3,0.46,2.22,74.7,4.9,2.9,2.0,0,1.00,""
45,hull_lancer,track,turret_gun,true,50454,63.7,736,109,48,11.1,22.9,0.01,1,0.30,3.29,65.4,10.9,4.8,8.5,0,1.00,""
46,hull_lancer,track,turret_gun,true,21258,70.0,749,69,55,3.8,40.1,0.01,1,0.30,2.29,87.0,6.4,2.8,2.3,0,1.00,""
47,hull_lancer,track,turret_gun,true,25256,70.0,433,92,26,6.7,756.9,0.02,3,0.40,2.93,77.6,8.3,3.7,5.8,0,1.00,""
48,hull_lancer,track,turret_missile,true,84581,62.3,1140,162,95,11.6,2123.6,40.68,448,1.77,3.17,64.5,9.7,5.7,7.5,0,1.00,""
49,hull_lancer,track,turret_missile,true,17821,70.0,464,101,35,4.3,16151.3,506.30,848,4.30,2.46,84.3,5.5,2.5,3.1,0,1.00,""
50,hull_lancer,track,turret_missile,true,82834,70.0,3031,171,43,11.6,4114.0,103.77,497,3.27,2.61,86.4,13.3,5.6,3.9,0,1.00,""
51,hull_lancer,track,turret_gun,true,95983,64.5,1490,170,136,17.7,89.2,0.02,3,0.34,3.57,67.7,13.0,5.7,11.0,0,1.00,""
52,hull_lancer,track,turret_missile,true,7109,70.0,118,102,50,2.2,896.7,16.18,311,2.09,2.20,52.5,3.5,2.2,1.9,0,1.00,""
53,hull_lancer,track,turret_missile,true,16866,66.6,261,59,23,5.1,3829.6,84.04,488,0.82,2.53,46.0,9.5,3.4,3.4,0,1.00,""
54,hull_lancer,track,turret_gun,true,49188,70.0,2186,110,58,11.4,95.6,0.03,4,0.37,3.17,75.5,10.0,4.6,7.6,0,1.00,""
55,hull_lancer,track,turret_beam,true,34493,70.0,584,35,16,8.6,227.9,92.46,168,2.18,2.62,111.9,7.1,3.5,3.9,0,1.00,""
56,hull_lancer,track,turret_gun,true,26813,70.0,603,151,89,4.0,107.2,0.05,7,0.49,2.58,75.9,5.9,3.4,3.6,0,1.00,""
57,hull_lancer,track,turret_missile,true,74546,70.0,2467,125,47,9.4,1439.2,32.08,337,2.99,2.48,54.0,11.1,5.4,3.1,0,1.00,""
58,hull_lancer,track,turret_gun,true,58216,70.0,2017,130,74,8.8,31.6,0.05,6,0.77,3.04,99.4,9.8,4.2,6.6,0,1.00,""
59,hull_lancer,track,none,true,5929,70.0,156,123,51,2.5,0.0,0.00,0,0.00,2.05,44.4,3.5,2.6,1.4,0,1.00,""
60,hull_lancer,track,turret_beam,true,7805,70.0,163,119,36,2.3,42.8,0.11,0,0.72,2.36,37.2,5.5,2.7,2.6,0,1.00,""
61,hull_lancer,track,turret_gun,true,16343,70.0,395,57,65,3.8,155.9,0.20,17,0.88,2.35,105.6,4.0,2.5,2.5,0,1.00,""
62,hull_lancer,track,turret_missile,true,35587,70.0,819,107,39,9.0,7943.0,197.73,659,1.75,2.58,59.6,12.5,4.7,3.7,0,1.00,""
63,hull_lancer,track,turret_gun,true,80914,49.8,876,143,104,13.0,16.6,0.00,1,0.30,3.41,102.0,12.1,5.3,9.5,0,1.00,""
64,hull_lancer,track,turret_missile,true,44932,59.8,784,66,36,11.5,1535.3,30.70,405,3.67,3.28,59.7,12.0,4.8,8.5,0,1.00,""
65,hull_lancer,track,turret_gun,true,136387,70.0,2260,204,125,14.6,52.5,0.03,5,0.50,3.32,63.3,13.0,6.4,8.8,0,1.00,""
66,hull_lancer,track,turret_gun,true,39408,52.5,450,136,58,7.1,198.5,0.19,18,0.72,2.70,56.6,8.1,4.3,4.3,0,1.00,""
67,hull_lancer,track,turret_gun,true,65093,70.0,1114,208,89,9.6,1159.0,0.03,5,0.43,3.14,95.4,9.8,4.4,7.3,0,1.00,""
68,hull_lancer,track,turret_gun,true,58190,70.0,1095,230,81,8.2,145.1,0.24,18,1.09,2.90,103.1,8.5,4.5,5.6,0,1.00,""
69,hull_lancer,track,turret_gun,true,20391,70.0,460,110,57,3.9,109.1,0.06,8,0.65,2.32,89.7,5.9,2.9,2.4,0,1.00,""
70,hull_lancer,track,turret_missile,true,26488,39.6,224,121,58,5.9,388.4,5.41,329,1.49,2.76,83.7,8.2,3.9,4.7,0,1.00,""
71,hull_lancer,track,turret_gun,true,39430,70.0,968,122,74,5.5,166.8,0.24,21,0.81,2.43,65.0,8.2,3.7,2.9,0,1.00,""
72,hull_lancer,track,turret_gun,true,96131,70.0,2181,125,91,11.5,145.3,0.18,17,0.79,3.08,110.9,12.4,4.9,6.9,0,1.00,""
73,hull_lancer,track,turret_gun,true,95822,38.6,793,213,88,10.9,159.2,0.21,18,0.83,3.13,57.9,12.0,5.7,7.2,0,1.00,""
74,hull_lancer,track,turret_gun,true,96180,61.1,1334,143,71,13.9,424.4,0.01,3,0.45,3.47,68.9,12.3,5.9,10.1,0,1.00,""
75,hull_lancer,track,turret_gun,true,24726,70.0,410,141,37,8.0,244.7,0.26,22,0.76,2.62,67.0,8.5,4.1,3.9,0,1.00,""
76,hull_lancer,track,turret_gun,true,10768,59.2,148,34,26,3.3,276.7,0.41,29,0.91,2.31,46.0,6.9,2.5,2.3,0,1.00,""
77,hull_lancer,track,turret_gun,true,20985,70.0,347,115,59,3.9,152.2,0.23,18,1.01,2.34,94.3,5.8,2.9,2.5,0,1.00,""
78,hull_lancer,track,turret_gun,true,19947,70.0,528,140,74,3.5,773.7,0.02,4,0.39,2.27,54.0,5.4,3.4,2.2,0,1.00,""
79,hull_lancer,track,turret_missile,true,65125,70.0,1263,168,81,8.5,2700.2,59.49,423,1.35,2.50,55.5,11.0,5.2,3.2,0,1.00,""
80,hull_lancer,track,turret_beam,true,26056,49.3,269,216,128,3.7,107.5,0.16,0,0.65,2.16,66.8,5.4,3.7,1.7,0,1.00,""
81,hull_lancer,track,turret_beam,true,30234,38.6,250,105,58,6.4,97.6,4.50,4,1.46,2.84,94.6,8.3,3.7,5.2,0,1.00,""
82,hull_lancer,track,turret_beam,true,12695,44.3,127,28,20,4.2,48.1,24.85,2,0.35,2.41,55.7,5.4,2.5,2.8,0,1.00,""
83,hull_lancer,track,turret_gun,true,139175,57.1,1724,240,159,16.0,269.1,0.42,28,0.97,3.46,61.6,12.8,6.7,10.0,0,1.00,""
84,hull_lancer,track,turret_beam,true,15755,70.0,410,131,55,3.0,159.7,2.56,1,0.83,2.44,56.7,5.3,2.8,3.0,0,1.00,""
85,hull_lancer,track,turret_gun,true,37977,70.0,801,140,52,9.5,60.4,0.04,6,0.49,3.14,90.5,10.9,4.0,7.4,0,1.00,""
86,hull_lancer,track,turret_gun,true,35804,70.0,1317,186,58,6.0,211.9,0.32,24,0.95,2.64,102.2,9.1,3.7,4.0,0,1.00,""
87,hull_lancer,track,turret_beam,true,11335,45.9,113,88,19,3.7,36.7,0.05,0,1.24,2.48,39.3,7.5,3.1,3.2,0,1.00,""
88,hull_lancer,track,turret_gun,true,12498,70.0,475,162,40,2.7,86.6,0.04,6,0.60,2.37,61.0,5.3,2.4,2.6,0,1.00,""
89,hull_lancer,track,turret_gun,true,51492,38.6,429,141,59,12.4,33.7,0.05,6,0.75,3.47,89.2,11.9,5.0,10.1,0,1.00,""
90,hull_lancer,track,turret_missile,true,62916,42.2,561,246,94,7.5,1876.1,44.92,1056,2.03,2.84,127.0,9.1,4.4,5.2,0,1.00,""
91,hull_lancer,track,turret_gun,true,105614,70.0,2041,304,117,14.4,45.1,0.02,4,0.51,3.40,85.2,12.5,5.5,9.5,0,1.00,""
92,hull_lancer,track,turret_beam,true,83898,59.3,1380,103,115,14.3,208.7,0.54,3,4.87,3.46,59.7,13.4,5.6,10.0,0,1.00,""
93,hull_lancer,track,turret_beam,true,81409,70.0,3113,59,45,13.0,1221.3,145.05,297,2.34,3.05,119.9,9.7,4.3,6.7,0,1.00,""
94,hull_lancer,track,turret_gun,true,89396,70.0,2569,204,65,14.6,105.3,0.05,7,0.50,3.28,81.0,11.5,5.3,8.4,0,1.00,""
95,hull_lancer,track,none,true,16250,70.0,992,276,78,2.6,0.0,0.00,0,0.00,2.40,66.4,6.4,2.7,2.8,0,1.00,""
96,hull_lancer,track,turret_missile,true,32378,54.6,374,226,72,4.4,2416.1,46.18,592,2.12,2.46,88.4,7.5,3.1,3.1,0,1.00,""
97,hull_lancer,track,turret_missile,true,16705,38.3,734,10,36,4.4,5950.0,162.67,722,7.88,2.52,66.5,5.5,2.7,3.4,0,1.00,""
98,hull_lancer,track,none,true,14320,70.0,518,241,90,1.6,0.0,0.00,0,0.00,2.12,77.2,4.8,2.2,1.6,0,1.00,""
99,hull_lancer,track,turret_missile,true,21729,70.0,841,29,62,5.8,21151.3,689.81,931,3.92,2.54,56.1,5.5,3.1,3.5,0,1.00,""
100,hull_lancer,track,turret_beam,true,33188,66.7,630,278,134,4.5,125.3,0.44,0,0.79,2.68,93.3,5.9,3.6,4.2,0,1.00,""
101,hull_lancer,track,turret_missile,true,18714,70.0,501,144,56,3.8,2181.5,47.68,385,1.25,2.45,74.8,6.5,3.1,3.0,0,1.00,""
102,hull_lancer,track,turret_missile,true,138741,70.0,2321,148,81,16.2,69.8,0.87,291,2.82,3.88,96.8,13.2,5.8,14.1,0,1.00,""
103,hull_lancer,track,turret_gun,true,45289,39.1,447,89,79,13.1,158.5,0.05,8,0.47,3.44,69.4,10.9,4.4,9.8,0,1.00,""
104,hull_lancer,track,turret_missile,true,43474,70.0,721,98,62,6.2,2224.2,46.69,447,3.64,2.53,82.4,7.7,4.4,3.4,0,1.00,""
105,hull_lancer,track,turret_gun,true,31178,55.1,555,157,60,5.2,488.3,0.86,42,1.22,2.74,101.2,8.3,2.9,4.6,0,1.00,""
106,hull_lancer,track,turret_gun,true,54507,47.8,553,184,79,7.6,62.3,0.02,3,0.34,2.44,53.5,7.2,4.7,3.0,0,1.00,""
1000007,hull_lancer,wheel,turret_gun,true,65816,109.7,898,158,46,14.7,42.6,0.01,3,0.36,2.50,65.1,9.7,7.9,3.3,0,0.70,""
1000008,hull_lancer,wheel,turret_missile,true,70951,103.5,698,90,30,15.8,649.4,11.51,276,2.34,3.82,131.7,13.0,6.2,13.6,0,1.00,""
1000009,hull_lancer,wheel,turret_gun,true,43724,134.0,1275,130,34,8.1,315.7,0.53,33,1.00,2.50,169.9,10.7,4.5,3.3,0,1.00,""
1000010,hull_lancer,wheel,turret_missile,true,75717,80.9,649,233,47,16.9,584.0,12.25,258,5.19,3.11,66.3,11.0,7.8,7.1,0,1.00,""
1000011,hull_lancer,wheel,turret_missile,true,4369,122.5,173,119,13,2.5,1874.9,32.94,464,0.77,2.37,154.1,3.2,2.7,2.6,0,1.00,""
1000012,hull_lancer,wheel,turret_missile,true,11563,98.5,547,157,34,3.6,762.9,15.14,486,7.82,2.42,183.2,5.5,3.3,2.9,0,1.00,""
1000013,hull_lancer,wheel,turret_gun,true,13055,109.4,756,50,14,4.3,83.0,0.02,4,0.38,2.69,237.7,6.3,3.2,4.3,0,1.00,""
1000014,hull_lancer,wheel,turret_beam,true,109890,120.2,2719,183,67,16.0,1087.0,2.54,26,8.02,2.54,96.7,10.9,8.2,3.5,0,1.00,""
1000015,hull_lancer,wheel,turret_gun,true,3372,60.3,36,34,10,2.4,44.8,0.01,1,0.30,2.39,70.1,3.7,2.9,2.7,0,1.00,""
1000016,hull_lancer,wheel,turret_gun,true,78558,115.3,1351,160,45,17.1,130.6,0.06,8,0.60,3.33,94.6,12.3,7.3,8.9,0,1.00,""
1000017,hull_lancer,wheel,none,true,6087,137.8,138,123,26,1.7,0.0,0.00,0,0.00,2.14,130.9,4.4,2.6,1.7,0,1.00,""
1000018,hull_lancer,wheel,turret_missile,true,47067,134.1,1068,129,42,11.6,7237.0,194.38,664,4.41,3.01,67.4,8.9,6.7,6.4,0,1.00,""
1000019,hull_lancer,wheel,turret_gun,true,23374,122.7,401,150,59,5.4,136.1,0.20,18,0.81,2.34,74.7,5.3,4.7,2.5,0,1.00,""
1000020,hull_lancer,wheel,none,true,6033,97.2,81,75,14,2.1,0.0,0.00,0,0.00,2.43,146.7,6.8,2.6,2.9,0,1.00,""
1000021,hull_lancer,wheel,none,true,8127,116.1,179,158,45,1.9,0.0,0.00,0,0.00,2.28,116.9,4.2,2.7,2.2,0,1.00,""
1000022,hull_lancer,wheel,turret_gun,true,90060,117.3,1310,120,64,15.0,107.0,0.17,15,0.95,3.24,317.0,11.3,5.5,8.2,0,1.00,""
1000023,hull_lancer,wheel,turret_gun,true,52915,93.6,626,143,21,15.3,24.4,0.01,2,0.34,3.16,46.5,11.0,7.9,7.4,0,1.00,""
1000024,hull_lancer,wheel,turret_gun,true,15166,98.5,189,103,41,3.5,53.9,0.01,2,0.30,2.16,62.1,5.7,4.0,1.8,0,1.00,""
1000025,hull_lancer,wheel,turret_gun,true,93245,96.2,2736,180,25,14.3,79.3,0.04,7,0.51,3.62,488.2,13.2,5.7,11.5,0,1.00,""
1000026,hull_lancer,wheel,turret_missile,true,59823,130.5,1492,181,57,10.0,2625.4,50.99,521,1.67,2.86,96.5,10.2,6.2,5.4,0,1.00,""
1000027,hull_lancer,wheel,turret_missile,true,70286,120.0,1098,123,52,14.1,2365.1,49.09,525,3.85,3.13,67.1,11.4,7.2,7.3,0,1.00,""
1000028,hull_lancer,wheel,turret_gun,true,17726,97.5,212,45,10,8.0,2645.0,0.12,13,0.65,3.10,227.1,9.0,4.0,7.1,0,1.00,""
1000029,hull_lancer,wheel,turret_gun,true,89019,119.0,987,477,74,10.3,1259.0,0.05,7,0.56,3.16,369.6,11.6,4.9,7.5,0,1.00,""
1000030,hull_lancer,wheel,turret_beam,true,134299,112.0,3673,209,53,20.7,40.7,0.13,2,9.57,3.54,128.1,13.2,7.9,10.8,0,1.00,""
1000031,hull_lancer,wheel,turret_missile,true,17911,133.6,589,52,31,8.6,1047.8,22.47,334,5.46,2.59,32.5,5.5,6.5,3.8,0,1.00,""
1000032,hull_lancer,wheel,turret_gun,true,49225,77.7,533,95,29,14.3,68.3,0.04,5,0.41,3.41,56.6,11.1,6.8,9.6,0,0.50,""
1000033,hull_lancer,wheel,turret_gun,true,42347,128.0,707,98,32,10.0,241.6,0.34,26,0.83,3.22,238.6,10.8,4.7,7.9,0,1.00,""
1000034,hull_lancer,wheel,turret_beam,true,176770,133.7,2336,61,49,26.5,917.7,423.21,6580,12.78,3.95,330.3,14.5,6.5,14.8,0,1.00,""
1000035,hull_lancer,wheel,turret_missile,true,98044,106.7,3498,224,66,19.2,3007.4,61.94,453,0.60,2.98,86.0,11.0,7.8,6.3,0,0.70,""
1000036,hull_lancer,wheel,turret_gun,true,30744,87.0,1170,79,22,9.9,144.2,0.19,17,0.82,2.93,142.0,8.4,4.9,5.8,0,1.00,""
1000037,hull_lancer,wheel,turret_gun,true,108628,128.3,1385,158,71,17.0,289.9,0.18,18,0.68,3.67,158.4,13.0,6.5,12.0,0,1.00,""
1000038,hull_lancer,wheel,turret_beam,true,4855,140.0,140,59,36,1.9,55.4,0.61,0,0.35,2.16,190.1,3.0,2.6,1.8,0,1.00,""
1000039,hull_lancer,wheel,turret_gun,true,26426,66.1,238,152,19,9.6,35.2,0.01,2,0.32,2.59,41.2,7.6,6.1,3.8,0,1.00,""
1000040,hull_lancer,wheel,turret_gun,true,68378,129.7,2166,76,31,16.8,73.4,0.03,5,0.56,3.30,52.8,12.5,8.1,8.6,0,0.50,""
1000041,hull_lancer,wheel,turret_gun,true,20085,94.4,209,150,25,5.8,23.3,0.00,1,0.30,2.44,107.4,7.5,3.8,3.0,0,1.00,""
1000042,hull_lancer,wheel,turret_gun,true,16508,64.7,149,74,29,5.3,19.0,0.01,1,0.30,2.34,47.2,6.1,4.6,2.5,0,1.00,""
1000043,hull_lancer,wheel,turret_gun,true,40760,127.8,706,159,26,9.3,775.3,0.02,3,0.32,3.07,111.1,11.1,5.2,6.8,0,1.00,""
1000044,hull_lancer,wheel,turret_gun,true,16959,133.7,289,140,21,4.5,21.3,0.01,2,0.34,2.36,260.2,7.6,3.3,2.6,0,1.00,""
1000045,hull_lancer,wheel,turret_missile,true,107350,135.7,3497,181,66,16.0,1105.8,22.67,380,6.26,3.52,98.6,11.7,7.7,10.5,0,1.00,""
1000046,hull_lancer,wheel,turret_missile,true,25608,125.9,332,375,75,3.4,326.4,4.72,401,2.13,2.42,215.7,5.7,3.6,2.9,0,1.00,""
1000047,hull_lancer,wheel,turret_gun,true,32708,121.1,566,162,29,6.7,351.8,0.01,1,0.30,2.30,57.6,9.0,5.7,2.3,0,1.00,""
1000048,hull_lancer,wheel,turret_missile,true,24334,131.4,481,150,56,4.7,4203.0,106.33,554,5.07,2.37,80.5,5.7,4.5,2.7,0,1.00,""
1000049,hull_lancer,wheel,turret_beam,true,34037,127.9,737,84,16,10.2,249.4,0.62,5,6.90,3.16,356.5,11.0,5.1,7.5,0,1.00,""
1000050,hull_lancer,wheel,turret_gun,true,46718,133.9,772,164,59,7.4,216.6,0.34,23,1.07,2.74,184.9,8.8,4.2,4.6,0,1.00,""
1000051,hull_lancer,wheel,turret_gun,true,11668,126.0,175,125,35,2.9,339.4,0.01,2,0.30,2.15,292.3,5.5,3.4,1.7,0,1.00,""
1000052,hull_lancer,wheel,turret_gun,true,38493,138.2,1260,114,52,7.1,495.3,0.87,43,1.17,2.52,225.5,8.2,4.4,3.4,0,1.00,""
1000053,hull_lancer,wheel,turret_gun,true,42580,103.9,518,266,73,6.8,2710.9,0.14,15,0.71,2.80,141.2,8.1,4.2,5.0,0,1.00,""
1000054,hull_lancer,wheel,turret_gun,true,14610,135.3,462,185,36,4.1,23.0,0.00,1,0.30,2.26,109.8,5.3,4.1,2.1,0,1.00,""
1000055,hull_lancer,wheel,turret_gun,true,80361,87.4,654,123,36,20.5,254.8,0.41,27,1.01,3.21,70.4,11.5,8.1,7.9,0,1.00,""
1000056,hull_lancer,wheel,turret_gun,true,19593,96.0,281,68,30,9.3,92.0,0.03,4,0.37,2.51,66.9,6.1,5.2,3.4,0,1.00,""
1000057,hull_lancer,wheel,turret_beam,true,95241,129.9,2187,53,59,15.5,866.0,157.02,492,3.11,2.97,161.5,10.3,5.8,6.2,0,1.00,""
1000058,hull_lancer,wheel,turret_gun,true,34375,98.6,473,171,58,6.7,636.5,1.23,52,1.31,2.77,220.1,7.7,4.0,4.8,0,1.00,""
1000059,hull_lancer,wheel,turret_gun,true,53182,139.4,1493,174,67,8.6,19.2,0.00,1,0.30,2.37,78.8,8.5,6.5,2.6,0,1.00,""
1000060,hull_lancer,wheel,turret_beam,true,54983,118.1,930,128,38,12.3,341.1,0.88,5,4.73,3.30,66.8,11.2,6.8,8.7,0,1.00,""
1000061,hull_lancer,wheel,turret_missile,true,11097,109.0,968,84,41,4.0,813.0,16.56,319,5.44,2.29,47.1,4.1,4.2,2.3,0,1.00,""
1000062,hull_lancer,wheel,turret_gun,true,42040,121.9,473,109,38,7.8,153.0,0.04,6,0.45,3.22,374.4,10.4,4.3,8.0,0,1.00,""
1000063,hull_lancer,wheel,turret_gun,true,14961,107.3,406,85,14,5.3,35.8,0.01,2,0.33,2.62,63.9,6.3,4.1,3.9,0,1.00,""
1000064,hull_lancer,wheel,turret_beam,true,8983,94.6,96,124,40,2.3,37.5,1.35,0,0.71,2.19,205.0,4.4,2.8,1.9,0,1.00,""
1000065,hull_lancer,wheel,turret_missile,true,65944,105.7,1014,52,48,20.0,1443.8,24.38,411,0.79,3.25,56.7,11.2,8.2,8.2,0,0.35,""
1000066,hull_lancer,wheel,none,true,8425,140.0,327,187,41,1.9,0.0,0.00,0,0.00,2.36,130.9,4.6,2.7,2.6,0,1.00,""
1000067,hull_lancer,wheel,turret_beam,true,10175,140.0,353,146,39,2.6,108.0,0.38,0,0.68,2.23,93.8,4.5,3.0,2.0,0,1.00,""
1000068,hull_lancer,wheel,turret_gun,true,13778,140.0,425,322,75,2.2,27.4,0.00,1,0.30,2.06,278.4,4.5,3.2,1.4,0,1.00,""
1000069,hull_lancer,wheel,turret_missile,true,17973,140.0,590,70,48,4.6,11922.4,341.86,866,4.35,2.39,68.8,5.7,4.1,2.7,0,1.00,""
1000070,hull_lancer,wheel,turret_missile,true,24675,136.9,816,54,19,7.3,675.1,12.84,308,5.80,2.78,256.1,11.1,4.6,4.9,0,1.00,""
1000071,hull_lancer,wheel,none,true,19657,94.7,262,97,52,5.2,0.0,0.00,0,0.00,2.32,46.6,5.5,5.3,2.4,0,1.00,""
1000072,hull_lancer,wheel,turret_gun,true,7995,73.0,80,125,38,2.3,725.8,0.03,5,0.54,2.24,55.7,4.2,3.1,2.1,0,1.00,""
1000073,hull_lancer,wheel,turret_gun,true,36039,117.6,653,155,15,11.6,74.8,0.03,4,0.35,3.04,76.9,10.3,5.8,6.7,0,1.00,""
1000074,hull_lancer,wheel,turret_missile,true,17566,140.0,610,7,56,5.4,10794.9,341.94,759,6.10,2.43,64.2,5.0,4.4,2.9,0,1.00,""
1000075,hull_lancer,wheel,turret_beam,true,88772,99.5,1162,70,26,22.9,463.1,4.67,54,9.15,3.08,68.5,12.5,8.3,7.0,0,1.00,""
1000076,hull_lancer,wheel,turret_missile,true,45771,114.0,889,131,26,10.0,3452.1,76.30,487,1.94,2.54,188.1,11.0,5.1,3.5,0,1.00,""
1000077,hull_lancer,wheel,turret_beam,true,226088,70.0,5912,121,71,34.7,2360.0,46.29,624,10.77,3.95,176.0,14.0,8.8,15.0,0,1.00,""
1000078,hull_lancer,wheel,turret_gun,true,45691,138.8,1058,302,77,5.0,27.0,0.00,1,0.30,2.27,206.7,8.7,4.2,2.2,0,1.00,""
1000079,hull_lancer,wheel,turret_gun,true,35181,119.0,570,183,38,7.8,156.4,0.10,12,0.57,2.78,117.4,8.1,4.5,4.9,0,1.00,""
1000080,hull_lancer,wheel,turret_missile,true,42565,115.8,948,59,19,16.1,7971.9,201.75,666,2.06,3.50,76.6,11.3,6.6,10.4,0,1.00,""
1000081,hull_lancer,wheel,turret_gun,true,41551,136.0,1191,148,33,6.8,319.3,0.00,1,0.30,2.99,312.0,9.9,4.3,6.2,0,1.00,""
1000082,hull_lancer,wheel,turret_gun,true,43447,123.2,755,238,27,11.7,2469.8,0.09,11,0.55,2.75,42.5,9.9,7.4,4.7,0,1.00,""
1000083,hull_lancer,wheel,turret_gun,true,142289,113.8,5659,205,60,22.7,56.4,0.02,3,0.40,3.92,232.3,14.8,6.8,14.6,0,1.00,""
1000084,hull_lancer,wheel,turret_gun,true,40914,137.8,638,91,56,7.1,146.1,0.24,18,1.01,2.77,435.1,8.5,4.0,4.8,0,1.00,""
1000085,hull_lancer,wheel,turret_missile,true,68031,137.5,1627,199,55,9.0,3466.6,94.19,570,8.48,2.57,106.1,10.8,5.7,3.6,0,1.00,""
1000086,hull_lancer,wheel,turret_missile,true,6845,140.0,187,64,19,2.9,3019.2,64.71,451,1.23,2.32,178.4,4.6,2.8,2.4,0,1.00,""
1000087,hull_lancer,wheel,none,true,6104,96.9,67,144,39,1.4,0.0,0.00,0,0.00,2.12,213.1,3.8,2.5,1.6,0,1.00,""
1000088,hull_lancer,wheel,turret_beam,true,33943,140.0,709,237,68,5.2,280.0,14.99,12,1.32,2.42,204.6,6.8,3.9,2.9,0,1.00,""
1000089,hull_lancer,wheel,turret_missile,true,31587,137.7,532,244,66,4.3,428.4,8.27,235,4.50,2.48,249.2,8.0,3.6,3.2,0,1.00,""
1000090,hull_lancer,wheel,turret_beam,true,43931,101.9,534,138,75,8.0,211.7,19.52,14,1.25,2.46,71.4,7.4,5.6,3.1,0,1.00,""
1000091,hull_lancer,wheel,turret_missile,true,58871,133.5,1402,116,46,8.9,1604.4,37.69,352,3.95,2.98,181.5,10.9,5.4,6.2,0,1.00,""
1000092,hull_lancer,wheel,turret_beam,true,33013,70.5,314,111,31,8.9,114.7,1.80,9,4.33,2.91,53.7,8.1,6.3,5.7,0,1.00,""
1000093,hull_lancer,wheel,none,true,15628,98.8,184,169,41,3.5,0.0,0.00,0,0.00,2.22,96.7,6.1,3.8,2.0,0,1.00,""
1000094,hull_lancer,wheel,turret_gun,true,17966,100.5,178,89,25,5.0,181.4,0.00,0,0.30,2.87,426.9,7.5,3.4,5.4,0,1.00,""
1000095,hull_lancer,wheel,turret_missile,true,11159,140.0,684,97,29,3.2,10580.2,288.53,849,4.13,2.32,329.6,4.7,2.7,2.4,0,1.00,""
1000096,hull_lancer,wheel,turret_gun,true,9586,63.7,98,93,26,3.2,340.6,0.01,1,0.30,2.37,54.0,5.0,3.9,2.6,0,0.50,""
1000097,hull_lancer,wheel,turret_missile,true,9060,140.0,277,79,16,3.2,667.7,10.76,307,1.97,2.29,73.3,6.3,3.5,2.3,0,1.00,""
1000098,hull_lancer,wheel,turret_beam,true,22173,138.2,520,167,52,4.9,205.7,1.89,0,0.56,2.41,64.7,6.1,4.9,2.8,0,0.70,""
1000099,hull_lancer,wheel,turret_gun,true,9400,80.2,79,77,48,2.8,144.4,0.07,9,0.56,2.24,112.7,4.0,3.1,2.1,0,1.00,""
1000100,hull_lancer,wheel,turret_gun,true,64082,130.3,1105,157,63,10.2,52.1,0.03,5,0.49,2.86,95.3,10.2,6.0,5.4,0,1.00,""
1000101,hull_lancer,wheel,turret_gun,true,10192,99.9,227,19,32,3.9,62.5,0.01,2,0.31,2.42,60.0,4.6,3.5,2.9,0,0.50,""
1000102,hull_lancer,wheel,turret_gun,true,91205,108.9,2310,255,98,16.9,1215.2,0.05,7,0.48,2.83,83.4,10.5,7.5,5.3,0,1.00,""
1000103,hull_lancer,wheel,turret_gun,true,53514,138.0,1077,102,50,10.6,540.4,0.96,45,1.20,2.55,69.8,9.1,6.7,3.5,0,1.00,""
1000104,hull_lancer,wheel,turret_beam,true,41505,133.3,1356,39,12,12.6,537.9,83.51,473,4.80,2.69,78.4,11.0,5.8,4.3,0,1.00,""
1000105,hull_lancer,wheel,turret_gun,true,7874,140.0,263,104,38,1.7,758.5,0.03,5,0.57,2.14,202.8,4.5,2.3,1.7,0,1.00,""
1000106,hull_lancer,wheel,turret_missile,true,15930,140.0,385,142,55,3.6,1585.5,34.57,403,5.64,2.39,284.2,5.0,2.9,2.7,0,1.00,""
2000007,hull_lancer,legs,turret_missile,true,20523,12.0,731,151,32,4.5,172.2,2.77,425,4.65,2.64,50.1,6.9,5.8,4.0,0,1.00,""
2000008,hull_lancer,legs,turret_gun,true,89331,7.1,1783,197,62,15.1,45.8,0.01,1,0.30,3.55,62.4,11.0,13.0,10.8,0,1.00,""
2000009,hull_lancer,legs,turret_gun,true,23494,6.7,709,93,25,7.7,99.4,0.05,7,0.47,2.92,80.9,7.0,6.4,5.7,0,1.00,""
2000010,hull_lancer,legs,turret_beam,true,17041,6.5,307,37,37,3.1,120.1,20.99,1,0.35,2.46,76.5,4.4,5.2,3.1,0,1.00,""
2000011,hull_lancer,legs,turret_beam,true,62904,19.5,4055,82,23,12.9,1616.7,66.31,900,10.84,3.05,77.0,12.9,6.9,6.7,0,1.00,""
2000012,hull_lancer,legs,turret_missile,true,30648,11.6,982,250,73,6.0,1513.3,33.18,346,2.94,2.78,67.1,6.2,9.0,4.9,0,1.00,""
2000013,hull_lancer,legs,turret_gun,true,18062,7.6,374,350,59,2.7,105.0,0.04,7,0.51,2.44,74.8,5.6,5.2,2.9,0,1.00,""
2000014,hull_lancer,legs,turret_missile,true,58237,10.6,1699,220,71,8.3,289.5,4.50,302,6.06,3.20,69.9,10.0,5.6,7.8,0,1.00,""
2000015,hull_lancer,legs,turret_gun,true,31809,17.1,1488,173,28,7.9,882.9,0.03,5,0.49,3.04,74.4,9.5,8.5,6.6,0,1.00,""
2000016,hull_lancer,legs,turret_beam,true,37626,12.3,2562,156,43,6.0,172.4,0.53,2,3.31,2.50,78.3,9.5,5.9,3.2,0,1.00,""
2000017,hull_lancer,legs,none,true,19707,9.2,1605,309,74,2.4,0.0,0.00,0,0.00,2.28,43.6,5.5,4.1,2.2,0,1.00,""
2000018,hull_lancer,legs,turret_beam,true,20163,14.7,816,43,12,7.2,324.2,3.52,10,2.85,2.99,43.8,8.2,6.4,6.2,0,1.00,""
2000019,hull_lancer,legs,turret_beam,true,53880,10.0,1474,263,75,6.7,585.4,4.98,38,6.15,3.03,62.0,8.8,5.2,6.5,0,1.00,""
2000020,hull_lancer,legs,turret_gun,true,62194,15.6,2688,160,58,9.5,140.0,0.06,8,0.46,2.77,70.7,10.8,8.7,4.8,0,1.00,""
2000021,hull_lancer,legs,turret_gun,true,73829,11.5,2353,162,53,14.2,67.4,0.02,3,0.32,3.33,91.0,10.9,11.3,8.9,0,1.00,""
2000022,hull_lancer,legs,turret_gun,true,8753,9.3,274,156,24,2.4,329.1,0.01,1,0.30,2.50,41.0,5.3,3.5,3.2,0,1.00,""
2000023,hull_lancer,legs,turret_gun,true,91244,6.8,1845,150,52,14.1,14.5,0.00,1,0.30,3.39,61.5,11.3,14.1,9.4,0,1.00,""
2000024,hull_lancer,legs,turret_missile,true,46172,13.3,2194,149,56,7.1,9356.6,234.37,709,1.31,2.99,81.0,9.3,5.7,6.2,0,1.00,""
2000025,hull_lancer,legs,none,true,12126,12.7,708,151,60,1.8,0.0,0.00,0,0.00,2.40,67.8,4.9,3.4,2.8,0,1.00,""
2000026,hull_lancer,legs,turret_gun,true,23282,11.2,1352,204,59,3.6,434.2,0.01,1,0.30,2.42,63.6,6.3,4.7,2.8,0,1.00,""
2000027,hull_lancer,legs,turret_gun,true,33637,11.2,2095,172,60,5.3,26.1,0.01,2,0.35,2.47,43.5,6.9,4.9,3.1,0,1.00,""
2000028,hull_lancer,legs,turret_gun,true,9826,13.4,367,28,24,3.8,30.4,0.01,1,0.30,2.56,55.7,5.3,5.2,3.6,0,1.00,""
2000029,hull_lancer,legs,turret_missile,true,95792,14.1,3772,242,66,15.6,1862.4,37.69,540,5.28,3.47,91.2,12.3,11.9,10.1,0,1.00,""
2000030,hull_lancer,legs,turret_gun,true,91250,12.3,3172,150,54,15.1,207.0,0.27,22,0.81,3.69,57.3,12.4,8.8,12.2,0,1.00,""
2000031,hull_lancer,legs,turret_beam,true,10026,11.4,409,86,23,3.6,152.9,3.30,4,1.61,2.69,74.3,5.7,3.8,4.3,0,1.00,""
2000032,hull_lancer,legs,turret_gun,true,46575,16.5,2113,136,64,8.2,237.8,0.16,16,0.70,2.79,61.4,8.4,10.1,4.9,0,1.00,""
2000033,hull_lancer,legs,turret_beam,true,11827,13.0,484,61,26,3.5,133.3,0.26,0,0.69,2.70,61.3,6.1,4.4,4.4,0,1.00,""
2000034,hull_lancer,legs,turret_beam,true,38773,12.3,1317,167,35,8.5,18.4,0.03,0,2.00,3.09,51.5,9.2,10.4,7.0,0,1.00,""
2000035,hull_lancer,legs,turret_gun,true,167105,8.0,3787,171,70,23.6,73.1,0.03,5,0.38,4.47,80.0,13.9,14.8,21.0,0,1.00,""
2000036,hull_lancer,legs,turret_gun,true,16496,6.7,311,58,41,4.2,92.3,0.15,13,1.02,2.46,59.6,6.6,4.7,3.0,0,1.00,""
2000037,hull_lancer,legs,turret_missile,true,39072,15.1,2034,180,67,5.7,1011.6,17.80,332,1.66,2.72,42.9,7.3,5.7,4.5,0,1.00,""
2000038,hull_lancer,legs,turret_beam,true,16984,17.7,1395,125,11,6.7,165.1,0.53,1,2.46,2.96,51.8,8.7,9.1,6.1,0,1.00,""
2000039,hull_lancer,legs,turret_gun,true,9930,7.9,222,38,22,3.7,62.0,0.03,5,0.45,2.45,41.3,5.5,5.5,3.0,0,1.00,""
2000040,hull_lancer,legs,turret_gun,true,29483,18.5,1894,131,11,10.7,250.7,0.42,26,1.13,2.90,94.2,12.9,10.7,5.6,0,1.00,""
2000041,hull_lancer,legs,turret_beam,true,51339,12.6,1876,132,64,6.4,24.8,0.05,0,2.02,2.46,93.9,9.9,7.5,3.0,0,1.00,""
2000042,hull_lancer,legs,none,true,10696,9.7,694,372,50,2.0,0.0,0.00,0,0.00,2.13,81.8,4.1,3.5,1.7,0,1.00,""
2000043,hull_lancer,legs,turret_gun,true,66967,9.3,1713,115,73,9.2,233.8,0.37,25,1.07,3.03,71.1,10.2,6.0,6.5,0,1.00,""
2000044,hull_lancer,legs,turret_missile,true,8419,8.0,350,104,33,2.4,857.9,14.89,573,1.66,2.24,96.5,4.7,4.0,2.1,0,1.00,""
2000045,hull_lancer,legs,turret_gun,true,50589,15.4,2926,220,71,6.6,55.2,0.03,4,0.35,2.86,82.4,8.8,5.2,5.3,0,1.00,""
2000046,hull_lancer,legs,turret_gun,true,19111,12.5,796,85,23,5.8,62.4,0.09,10,0.86,2.76,40.7,7.9,5.9,4.7,0,1.00,""
2000047,hull_lancer,legs,turret_gun,true,107990,12.5,3741,218,61,16.2,102.9,0.14,14,0.88,3.73,58.9,12.5,9.2,12.6,0,1.00,""
2000048,hull_lancer,legs,turret_gun,true,30876,7.6,659,150,45,5.8,164.1,0.11,13,0.62,2.61,91.8,8.1,5.3,3.9,0,1.00,""
2000049,hull_lancer,legs,turret_missile,true,76940,16.6,4516,142,53,11.2,2408.4,53.41,420,2.61,2.82,71.0,12.4,9.6,5.1,0,1.00,""
2000050,hull_lancer,legs,turret_gun,true,20996,13.1,1549,228,74,3.8,844.0,0.05,7,0.61,2.67,82.7,4.9,5.8,4.2,0,1.00,""
2000051,hull_lancer,legs,turret_gun,true,16615,13.5,1201,271,62,2.8,101.2,0.03,5,0.38,2.53,96.7,5.3,5.4,3.4,0,1.00,""
2000052,hull_lancer,legs,turret_missile,true,6319,12.2,396,36,20,3.6,21898.1,668.46,951,2.12,2.57,91.8,4.0,4.8,3.6,0,1.00,""
2000053,hull_lancer,legs,turret_gun,true,33886,7.4,889,136,59,5.8,43.1,0.04,6,0.65,2.86,44.0,7.8,5.9,5.4,0,1.00,""
2000054,hull_lancer,legs,turret_missile,true,60196,9.0,1523,149,41,11.4,673.2,12.58,273,2.81,3.62,70.1,11.9,7.4,11.4,0,1.00,""
2000055,hull_lancer,legs,turret_missile,true,46675,6.9,886,206,50,7.2,1420.7,25.55,598,1.41,2.83,70.8,9.5,6.6,5.2,0,1.00,""
2000056,hull_lancer,legs,turret_gun,true,80511,11.7,2629,122,47,17.5,359.2,0.58,34,1.06,3.59,70.4,11.2,10.8,11.1,0,1.00,""
2000057,hull_lancer,legs,turret_gun,true,8972,11.5,288,110,14,4.0,170.2,0.27,20,1.04,2.51,50.9,4.0,4.7,3.3,0,1.00,""
2000058,hull_lancer,legs,turret_gun,true,81697,20.4,6688,131,44,16.7,135.3,0.05,8,0.47,3.85,64.5,12.4,12.8,13.8,0,1.00,""
2000059,hull_lancer,legs,turret_missile,true,53005,17.9,2832,184,77,11.0,3123.8,65.17,596,2.84,3.16,79.4,8.0,11.4,7.5,0,1.00,""
2000060,hull_lancer,legs,turret_gun,true,74938,6.5,1372,166,50,12.7,38.4,0.02,4,0.49,3.73,71.6,11.5,8.0,12.5,0,1.00,""
2000061,hull_lancer,legs,turret_gun,true,80676,12.5,2847,176,43,14.1,9.9,0.00,0,0.30,3.73,44.4,13.0,10.1,12.5,0,1.00,""
2000062,hull_lancer,legs,turret_beam,true,9537,11.7,347,170,50,1.7,138.3,0.76,0,0.51,2.27,75.2,4.6,2.9,2.2,0,1.00,""
2000063,hull_lancer,legs,turret_gun,true,90244,8.3,2068,175,48,13.9,124.6,0.08,10,0.71,3.02,79.5,13.5,10.0,6.4,0,1.00,""
2000064,hull_lancer,legs,turret_missile,true,47997,7.8,1084,102,23,16.3,3417.6,73.98,540,2.72,4.24,72.5,12.1,8.2,18.2,0,1.00,""
2000065,hull_lancer,legs,turret_gun,true,25410,16.1,1141,45,19,8.0,26.2,0.01,2,0.40,2.75,44.1,7.2,9.6,4.6,0,1.00,""
2000066,hull_lancer,legs,turret_gun,true,75646,15.9,4210,196,69,10.7,1752.8,0.10,12,0.62,3.59,86.1,10.6,9.0,11.2,0,1.00,""
2000067,hull_lancer,legs,turret_gun,true,23470,16.2,1081,116,34,6.2,711.0,1.37,55,1.33,2.71,71.0,9.1,5.4,4.4,0,1.00,""
2000068,hull_lancer,legs,turret_missile,true,60345,12.3,2050,171,57,10.4,1681.6,40.92,603,10.70,3.25,54.6,9.3,11.1,8.2,0,1.00,""
2000069,hull_lancer,legs,turret_gun,true,21236,11.1,792,88,14,7.9,65.9,0.03,4,0.39,2.90,85.8,8.5,6.6,5.6,0,1.00,""
2000070,hull_lancer,legs,turret_gun,true,63735,9.4,1738,151,19,18.7,123.1,0.08,10,0.60,3.86,78.3,14.7,10.9,13.9,0,1.00,""
2000071,hull_lancer,legs,turret_gun,true,34864,8.2,785,97,75,4.6,71.2,0.10,11,0.74,2.62,73.4,7.1,3.9,3.9,0,1.00,""
2000072,hull_lancer,legs,turret_gun,true,105176,11.4,3445,224,77,15.0,14.5,0.00,1,0.30,3.88,80.9,12.4,8.3,14.1,0,1.00,""
2000073,hull_lancer,legs,turret_missile,true,54692,9.5,1476,242,56,9.8,1481.5,29.30,720,1.91,3.35,54.5,10.7,6.9,9.1,0,1.00,""
2000074,hull_lancer,legs,turret_gun,true,40408,16.7,3409,180,42,6.2,102.4,0.02,4,0.34,2.98,46.6,8.8,8.6,6.2,0,1.00,""
2000075,hull_lancer,legs,turret_missile,true,14314,12.6,1053,131,28,3.7,1964.0,36.13,451,1.39,2.58,75.0,6.6,5.4,3.7,0,1.00,""
2000076,hull_lancer,legs,turret_missile,true,7365,11.8,371,99,27,2.8,828.3,17.49,281,3.46,2.46,51.3,3.7,5.5,3.0,0,1.00,""
2000077,hull_lancer,legs,turret_gun,true,15475,9.4,589,201,77,2.6,30.8,0.01,1,0.30,2.53,41.4,4.4,4.2,3.4,0,1.00,""
2000078,hull_lancer,legs,turret_gun,true,31931,8.6,763,130,45,6.6,146.2,0.19,17,0.87,2.95,92.4,9.1,6.5,6.0,0,1.00,""
2000079,hull_lancer,legs,turret_missile,true,93908,9.7,2513,130,54,11.8,4764.3,116.11,863,4.28,3.00,40.7,13.0,9.5,6.3,0,1.00,""
2000080,hull_lancer,legs,turret_gun,true,52417,16.2,2335,138,32,10.5,51.3,0.01,2,0.33,3.35,54.8,11.3,8.9,9.0,0,1.00,""
2000081,hull_lancer,legs,turret_gun,true,42182,6.7,791,96,64,7.6,22.5,0.01,2,0.31,2.99,50.8,7.9,5.7,6.2,0,1.00,""
2000082,hull_lancer,legs,turret_missile,true,15661,13.6,594,44,14,6.1,10021.4,254.89,899,2.15,2.74,63.2,8.5,6.8,4.6,0,1.00,""
2000083,hull_lancer,legs,turret_missile,true,71715,17.4,3622,251,65,10.3,1728.7,30.97,543,1.64,3.54,78.9,11.4,7.1,10.8,0,1.00,""
2000084,hull_lancer,legs,turret_missile,true,57623,6.6,1487,173,51,9.7,7015.3,163.73,674,1.33,3.13,61.7,10.4,9.6,7.3,0,1.00,""
2000085,hull_lancer,legs,turret_missile,true,26105,12.1,1928,112,68,3.7,1265.9,23.31,358,1.94,2.69,47.5,6.5,4.7,4.3,0,1.00,""
2000086,hull_lancer,legs,turret_gun,true,84514,14.8,3871,313,72,12.8,44.5,0.01,2,0.30,3.15,88.8,11.0,10.1,7.4,0,1.00,""
2000087,hull_lancer,legs,turret_gun,true,62272,9.3,1620,176,34,13.8,284.2,0.00,1,0.30,3.81,45.5,13.2,11.2,13.4,0,1.00,""
2000088,hull_lancer,legs,turret_gun,true,12722,10.0,350,94,23,4.6,3063.8,0.12,13,0.61,2.63,96.6,6.7,7.2,4.0,0,1.00,""
2000089,hull_lancer,legs,turret_gun,true,23679,12.1,791,143,55,4.8,76.4,0.04,6,0.51,2.58,58.6,5.8,4.5,3.6,0,1.00,""
2000090,hull_lancer,legs,turret_missile,true,33195,10.3,2771,350,68,4.6,482.9,8.47,259,3.56,2.65,57.3,7.0,4.5,4.1,0,1.00,""
2000091,hull_lancer,legs,turret_gun,true,18527,8.8,464,65,19,6.9,192.0,0.24,21,0.75,2.91,45.5,9.0,6.1,5.7,0,1.00,""
2000092,hull_lancer,legs,none,true,12750,13.0,959,208,28,3.1,0.0,0.00,0,0.00,2.49,64.6,5.9,5.0,3.2,0,1.00,""
2000093,hull_lancer,legs,turret_beam,true,47017,16.7,2191,110,23,18.4,60.1,0.16,2,7.62,3.96,70.9,12.2,7.0,15.0,0,1.00,""
2000094,hull_lancer,legs,turret_missile,true,53488,15.8,3223,104,29,11.6,5866.3,145.24,556,1.51,2.83,75.4,11.9,10.3,5.2,0,1.00,""
2000095,hull_lancer,legs,turret_beam,true,125281,7.3,2540,59,52,16.6,993.4,227.54,1121,4.31,3.26,61.2,10.4,9.1,8.3,0,1.00,""
2000096,hull_lancer,legs,turret_missile,true,46524,16.4,2090,97,40,11.2,565.4,10.80,325,6.50,3.33,94.5,11.1,7.2,8.8,0,1.00,""
2000097,hull_lancer,legs,turret_gun,true,10837,6.8,212,35,28,4.5,232.6,0.31,24,0.83,2.39,58.6,6.5,4.6,2.7,0,1.00,""
2000098,hull_lancer,legs,turret_gun,true,18543,12.5,798,72,23,7.4,176.4,0.25,20,0.91,2.92,72.3,7.6,5.2,5.8,0,1.00,""
2000099,hull_lancer,legs,turret_missile,true,13566,13.4,503,97,27,4.1,5702.3,159.67,682,7.02,2.62,98.1,6.1,4.6,3.9,0,1.00,""
2000100,hull_lancer,legs,turret_beam,true,54296,13.9,2345,146,53,8.1,932.8,4.58,12,2.74,2.62,45.3,10.0,8.6,3.9,0,1.00,""
2000101,hull_lancer,legs,turret_gun,true,20873,10.0,578,65,52,4.4,52.9,0.02,3,0.30,2.46,43.8,5.9,5.1,3.0,0,1.00,""
2000102,hull_lancer,legs,turret_beam,true,32156,18.6,2781,44,11,12.2,265.3,0.95,4,4.16,3.24,50.1,10.9,12.2,8.1,0,1.00,""
2000103,hull_lancer,legs,turret_missile,true,82315,19.4,4521,204,54,12.6,920.2,19.74,585,8.29,3.51,65.2,11.9,7.6,10.4,0,1.00,""
2000104,hull_lancer,legs,turret_beam,true,48783,14.9,2003,97,37,10.5,791.7,72.54,111,1.95,3.09,99.3,9.5,8.1,6.9,0,1.00,""
2000105,hull_lancer,legs,turret_missile,true,15214,8.7,371,188,21,5.3,4134.6,97.32,524,2.97,2.69,72.6,5.9,6.9,4.3,0,1.00,""
2000106,hull_lancer,legs,turret_missile,true,40917,7.8,886,191,58,6.6,2156.7,45.27,416,2.44,2.74,98.8,8.1,6.5,4.6,0,1.00,""
3000007,hull_lancer,rail,turret_gun,true,71099,250.0,1719,159,21,7.4,73.1,0.04,6,0.54,2.76,13.3,9.3,6.4,4.6,0,1.00,""
3000008,hull_lancer,rail,turret_missile,true,85411,210.0,2116,152,26,10.1,11042.9,339.15,774,5.78,3.02,28.3,9.5,3.9,6.3,0,1.00,""
3000009,hull_lancer,rail,turret_beam,true,18435,170.3,262,8,8,3.8,102.1,17.84,1,0.35,2.48,15.9,3.2,3.7,3.0,0,1.00,""
3000010,hull_lancer,rail,turret_missile,true,46928,246.5,968,249,74,4.7,323.4,6.42,209,4.90,2.67,21.3,6.8,4.9,4.1,0,1.00,""
3000011,hull_lancer,rail,none,true,13296,165.6,325,47,13,2.1,0.0,0.00,0,0.00,2.32,7.8,4.7,3.0,2.2,0,1.00,""
3000012,hull_lancer,rail,turret_gun,true,78946,193.7,1003,202,60,7.2,43.2,0.02,4,0.55,3.04,37.2,9.3,4.0,6.5,0,1.00,""
3000013,hull_lancer,rail,turret_gun,true,103265,103.0,699,260,74,8.2,32.9,0.01,1,0.30,2.97,85.4,9.5,3.4,6.0,0,1.00,""
3000014,hull_lancer,rail,turret_missile,true,41393,160.9,634,79,34,7.3,16342.4,492.90,842,3.01,2.84,30.9,8.6,2.9,5.1,0,1.00,""
3000015,hull_lancer,rail,turret_beam,true,22931,162.7,594,149,34,2.8,236.8,0.85,0,0.44,2.43,18.3,5.8,2.9,2.8,0,1.00,""
3000016,hull_lancer,rail,turret_gun,true,157427,250.0,4354,240,61,17.8,8.3,0.00,0,0.30,4.05,46.1,12.8,5.8,15.8,0,1.00,""
3000017,hull_lancer,rail,turret_beam,true,16526,112.8,105,141,39,2.5,41.4,0.11,0,0.79,2.42,26.0,4.0,2.0,2.7,0,1.00,""
3000018,hull_lancer,rail,turret_missile,true,108906,250.0,2009,284,76,8.6,6263.2,157.03,567,1.41,2.90,33.1,9.7,5.0,5.5,0,1.00,""
3000019,hull_lancer,rail,turret_gun,true,47340,189.4,479,223,43,4.9,55.5,0.02,4,0.38,2.58,18.3,6.3,4.6,3.6,0,1.00,""
3000020,hull_lancer,rail,turret_gun,true,27769,147.7,196,148,43,4.1,76.3,0.11,12,0.76,2.49,18.8,5.6,3.5,3.0,0,1.00,""
3000021,hull_lancer,rail,turret_gun,true,50105,153.9,377,128,33,7.2,197.9,0.30,22,1.03,2.69,30.1,9.4,4.2,4.1,0,1.00,""
3000022,hull_lancer,rail,turret_beam,true,20507,237.8,853,58,16,3.2,232.5,12.58,1,0.35,2.52,7.1,4.3,6.0,3.2,0,1.00,""
3000023,hull_lancer,rail,turret_missile,true,54341,190.6,590,285,78,5.1,4747.0,109.72,558,2.28,2.59,26.9,6.9,3.5,3.6,0,1.00,""
3000024,hull_lancer,rail,turret_missile,true,47236,242.7,1171,77,53,6.0,8587.6,220.46,869,3.40,2.67,18.6,7.1,4.5,4.1,0,1.00,""
3000025,hull_lancer,rail,turret_missile,true,21311,160.8,198,180,55,3.3,3187.6,65.17,512,1.52,2.47,14.1,5.7,4.7,3.0,0,1.00,""
3000026,hull_lancer,rail,turret_beam,true,135628,235.0,2637,110,31,13.6,1040.3,19.16,205,8.42,3.72,42.1,13.5,4.4,12.3,0,1.00,""
3000027,hull_lancer,rail,turret_gun,true,39831,204.8,804,112,37,6.9,34.8,0.01,1,0.30,2.65,19.4,7.4,5.9,3.9,0,1.00,""
3000028,hull_lancer,rail,turret_gun,true,33757,212.5,640,141,57,3.3,121.1,0.06,8,0.54,2.55,13.5,5.8,3.9,3.4,0,1.00,""
3000029,hull_lancer,rail,turret_gun,true,32938,96.4,726,152,26,5.3,91.0,0.04,6,0.45,2.72,42.1,5.8,2.3,4.3,0,1.00,""
3000030,hull_lancer,rail,turret_missile,true,69373,238.3,1185,248,70,6.3,1024.5,18.60,324,1.66,2.94,17.3,7.4,5.1,5.8,0,1.00,""
3000031,hull_lancer,rail,turret_gun,true,135517,192.5,1351,129,30,12.2,38.0,0.01,2,0.34,3.49,22.2,11.2,6.3,10.2,0,1.00,""
3000032,hull_lancer,rail,turret_missile,true,55872,235.5,1600,72,23,8.2,523.8,8.14,414,2.44,3.47,28.8,10.9,4.4,9.9,0,1.00,""
3000033,hull_lancer,rail,turret_beam,true,20163,213.7,734,63,9,3.4,175.9,2.70,1,0.99,2.61,9.2,4.1,4.3,3.7,0,1.00,""
3000034,hull_lancer,rail,turret_beam,true,133773,250.0,3617,178,75,10.9,1429.5,54.96,127,2.54,3.15,27.8,10.2,6.2,7.3,0,1.00,""
3000035,hull_lancer,rail,turret_missile,true,194649,187.7,2210,191,57,16.7,2083.3,40.71,438,2.09,3.92,39.8,12.0,4.3,14.4,0,1.00,""
3000036,hull_lancer,rail,turret_missile,true,41806,98.2,765,177,65,3.1,280.9,4.10,290,4.44,2.49,31.2,5.6,2.1,3.1,0,1.00,""
3000037,hull_lancer,rail,turret_beam,true,113283,211.9,2809,221,78,7.3,1120.6,4.69,6,1.81,2.97,29.6,9.4,3.9,6.0,0,1.00,""
3000038,hull_lancer,rail,turret_gun,true,30299,164.7,482,101,17,7.7,52.5,0.08,9,0.89,2.77,16.6,7.8,6.3,4.6,0,1.00,""
3000039,hull_lancer,rail,turret_gun,true,59517,234.7,896,131,16,4.0,1095.5,0.05,8,0.60,2.61,14.3,7.9,4.4,3.7,0,1.00,""
3000040,hull_lancer,rail,turret_missile,true,6309,168.4,186,35,10,2.9,3197.4,70.04,678,3.79,2.36,6.6,3.0,5.0,2.4,0,1.00,""
3000041,hull_lancer,rail,turret_gun,true,74141,250.0,1892,82,17,8.4,12.6,0.00,0,0.30,2.68,17.3,9.2,5.5,4.1,0,1.00,""
3000042,hull_lancer,rail,turret_missile,true,143425,250.0,3913,172,54,13.4,1506.1,30.35,356,2.06,3.72,32.4,12.2,6.2,12.4,0,1.00,""
3000043,hull_lancer,rail,turret_gun,true,39411,149.6,527,129,58,5.2,16.1,0.00,1,0.30,2.62,26.8,5.5,2.7,3.7,0,1.00,""
3000044,hull_lancer,rail,turret_gun,true,144136,220.4,1325,231,70,8.6,355.2,0.01,1,0.30,2.64,24.4,10.4,5.6,3.9,0,1.00,""
3000045,hull_lancer,rail,turret_missile,true,76730,250.0,2261,63,33,9.5,305.8,4.13,323,1.09,3.14,31.1,10.0,4.8,7.2,0,1.00,""
3000046,hull_lancer,rail,turret_beam,true,26994,250.0,740,251,73,3.5,295.4,1.95,1,0.94,2.38,19.3,5.7,4.7,2.5,0,1.00,""
3000047,hull_lancer,rail,turret_missile,true,95280,250.0,2081,164,74,7.1,6336.3,152.53,665,2.95,2.81,18.8,9.0,6.0,4.9,0,1.00,""
3000048,hull_lancer,rail,turret_gun,true,53529,175.3,606,155,28,7.9,7.3,0.00,0,0.30,3.20,26.8,8.5,5.1,7.7,0,1.00,""
3000049,hull_lancer,rail,turret_gun,true,79346,117.7,2113,155,44,7.4,38.5,0.01,2,0.30,3.07,90.8,9.7,3.4,6.7,0,1.00,""
3000050,hull_lancer,rail,turret_beam,true,34531,190.2,1547,136,55,3.8,385.2,1.54,1,1.32,2.63,15.7,5.7,3.5,3.8,0,1.00,""
3000051,hull_lancer,rail,turret_beam,true,36194,101.8,378,136,40,3.6,150.6,1.41,2,2.13,2.43,30.4,5.9,2.3,2.8,0,1.00,""
3000052,hull_lancer,rail,turret_missile,true,86775,92.5,978,166,52,11.8,259.5,3.99,248,5.32,3.80,148.9,11.4,3.8,13.2,0,1.00,""
3000053,hull_lancer,rail,turret_missile,true,24320,219.2,808,81,27,4.3,548.4,9.40,270,2.90,2.77,11.7,6.8,6.2,4.6,0,1.00,""
3000054,hull_lancer,rail,turret_beam,true,73999,119.5,893,175,69,4.7,44.0,0.14,0,2.51,2.89,53.5,8.5,2.6,5.4,0,1.00,""
3000055,hull_lancer,rail,none,true,18491,178.8,188,272,58,2.3,0.0,0.00,0,0.00,2.35,16.7,4.9,4.1,2.4,0,1.00,""
3000056,hull_lancer,rail,turret_gun,true,141540,181.0,2696,171,12,17.9,22.6,0.01,1,0.30,4.03,41.1,13.8,4.4,15.6,0,1.00,""
3000057,hull_lancer,rail,turret_gun,true,55304,145.0,1470,226,51,6.1,83.6,0.02,4,0.42,2.99,35.1,7.7,2.8,6.1,0,1.00,""
3000058,hull_lancer,rail,turret_gun,true,36859,189.0,460,157,42,4.9,468.2,0.86,41,1.26,2.53,17.6,6.3,4.8,3.3,0,1.00,""
3000059,hull_lancer,rail,turret_missile,true,78331,111.3,590,153,65,6.0,12249.7,348.57,744,2.46,2.70,40.8,7.8,2.7,4.2,0,1.00,""
3000060,hull_lancer,rail,turret_beam,true,78757,127.3,1630,247,75,5.9,646.4,2.25,1,0.88,2.95,42.0,8.2,3.1,5.8,0,1.00,""
3000061,hull_lancer,rail,turret_gun,true,62723,173.6,490,169,50,6.4,326.2,0.56,32,1.13,2.74,15.4,8.3,6.1,4.5,0,1.00,""
3000062,hull_lancer,rail,turret_gun,true,15811,227.7,386,190,46,2.2,57.2,0.03,5,0.53,2.31,9.7,4.1,4.2,2.2,0,1.00,""
3000063,hull_lancer,rail,turret_missile,true,29072,112.3,381,154,70,2.3,285.6,3.84,370,0.98,2.41,18.4,4.7,1.9,2.7,0,1.00,""
3000064,hull_lancer,rail,turret_beam,true,34404,172.1,876,127,59,3.8,110.7,2.71,1,0.99,2.60,8.8,5.0,6.5,3.6,0,1.00,""
3000065,hull_lancer,rail,turret_gun,true,39997,238.8,1252,167,53,4.9,101.0,0.02,3,0.30,2.87,21.4,7.4,5.4,5.3,0,1.00,""
3000066,hull_lancer,rail,turret_gun,true,52529,195.5,405,152,35,3.7,736.2,0.02,4,0.34,2.57,11.0,7.5,5.5,3.4,0,1.00,""
3000067,hull_lancer,rail,none,true,19209,149.7,121,85,38,2.1,0.0,0.00,0,0.00,2.20,12.2,5.5,2.7,1.8,0,1.00,""
3000068,hull_lancer,rail,turret_missile,true,116447,138.7,785,168,55,12.4,4256.5,102.21,485,1.46,3.88,66.2,11.2,3.7,14.0,0,1.00,""
3000069,hull_lancer,rail,turret_beam,true,27340,208.1,321,161,41,2.5,127.6,0.94,0,0.43,2.33,9.6,4.9,4.0,2.3,0,1.00,""
3000070,hull_lancer,rail,turret_gun,true,66021,192.8,583,156,52,5.7,201.9,0.33,23,1.04,2.63,22.0,8.6,3.7,3.8,0,1.00,""
3000071,hull_lancer,rail,turret_gun,true,145290,175.8,1769,124,50,11.6,217.1,0.12,13,0.59,3.56,44.7,11.6,3.5,10.8,0,1.00,""
3000072,hull_lancer,rail,turret_gun,true,143644,185.4,2974,227,73,20.1,98.0,0.05,7,0.58,4.34,91.5,12.1,4.4,19.3,0,1.00,""
3000073,hull_lancer,rail,turret_beam,true,28082,121.4,194,282,66,3.1,52.9,0.15,0,0.75,2.59,31.4,6.1,2.1,3.6,0,1.00,""
3000074,hull_lancer,rail,turret_gun,true,38875,132.7,888,126,11,3.8,151.4,0.09,11,0.59,2.43,20.2,6.2,2.6,2.8,0,1.00,""
3000075,hull_lancer,rail,turret_missile,true,33337,183.0,313,74,20,3.6,793.1,12.85,377,2.12,2.47,11.8,6.9,5.0,3.0,0,1.00,""
3000076,hull_lancer,rail,turret_missile,true,22934,116.3,179,63,32,4.1,17666.6,477.29,1049,0.72,2.60,26.1,5.4,2.2,3.6,0,1.00,""
3000077,hull_lancer,rail,turret_gun,true,97652,116.6,641,197,42,8.0,408.9,0.01,1,0.30,2.62,67.2,11.2,3.9,3.8,0,1.00,""
3000078,hull_lancer,rail,turret_gun,true,21912,153.1,192,170,50,3.1,78.9,0.03,4,0.44,2.53,12.7,4.5,4.2,3.3,0,1.00,""
3000079,hull_lancer,rail,turret_gun,true,36234,159.7,360,62,49,4.5,221.6,0.29,23,0.81,2.52,22.3,6.7,2.9,3.2,0,1.00,""
3000080,hull_lancer,rail,turret_beam,true,142122,250.0,4089,34,44,13.9,1628.0,190.06,1032,4.64,2.95,28.2,10.5,6.6,5.8,0,1.00,""
3000081,hull_lancer,rail,turret_missile,true,70193,118.7,1437,65,22,6.0,2671.1,57.52,492,3.68,2.69,32.8,9.5,2.8,4.2,0,1.00,""
3000082,hull_lancer,rail,turret_missile,true,26654,119.9,422,119,75,3.1,697.5,13.50,317,6.64,2.43,29.8,4.6,2.1,2.8,0,1.00,""
3000083,hull_lancer,rail,turret_missile,true,26701,195.7,349,45,34,3.3,4757.7,116.57,534,2.68,2.51,8.6,5.6,6.0,3.2,0,1.00,""
3000084,hull_lancer,rail,turret_missile,true,13191,155.9,142,56,11,2.5,1020.0,21.02,386,7.27,2.44,9.9,4.5,2.8,2.8,0,1.00,""
3000085,hull_lancer,rail,turret_gun,true,154369,129.1,1113,254,72,10.4,81.4,0.05,7,0.48,3.45,66.0,10.7,3.8,9.8,0,1.00,""
3000086,hull_lancer,rail,turret_missile,true,95247,152.1,1969,176,49,6.3,318.1,5.26,291,5.67,2.66,42.8,10.3,3.1,4.0,0,1.00,""
3000087,hull_lancer,rail,turret_missile,true,60494,250.0,2320,115,59,6.3,9469.0,264.05,673,2.85,2.82,16.5,7.4,4.7,4.9,0,1.00,""
3000088,hull_lancer,rail,turret_missile,true,55701,202.6,746,103,29,6.4,6043.9,162.56,562,3.16,2.71,14.6,8.4,4.8,4.3,0,1.00,""
3000089,hull_lancer,rail,turret_missile,true,31760,154.3,919,25,71,4.4,22093.3,676.15,899,1.37,2.62,33.8,6.0,2.8,3.8,0,1.00,""
3000090,hull_lancer,rail,turret_gun,true,111238,151.2,1289,50,16,17.8,396.4,1.03,44,1.36,3.73,30.1,14.0,6.3,12.4,0,1.00,""
3000091,hull_lancer,rail,turret_beam,true,165794,189.0,1752,59,23,17.6,664.4,233.24,1171,4.37,3.44,31.6,12.8,5.5,9.7,0,1.00,""
3000092,hull_lancer,rail,turret_missile,true,20129,176.7,194,83,31,2.5,1744.6,31.19,438,1.42,2.35,7.3,4.0,4.0,2.4,0,1.00,""
3000093,hull_lancer,rail,turret_missile,true,126771,175.2,995,151,72,12.2,28389.5,905.65,999,1.46,3.24,36.3,10.5,4.4,8.0,0,1.00,""
3000094,hull_lancer,rail,none,true,14888,181.2,219,297,33,1.9,0.0,0.00,0,0.00,2.29,9.7,4.1,3.3,2.1,0,1.00,""
3000095,hull_lancer,rail,turret_missile,true,38589,143.1,1374,175,27,6.8,16630.8,453.80,1085,1.41,2.85,36.2,8.8,2.7,5.2,0,1.00,""
3000096,hull_lancer,rail,turret_missile,true,150502,221.5,1877,192,51,12.1,31084.6,991.59,1058,1.44,3.38,27.7,12.2,5.7,9.2,0,1.00,""
3000097,hull_lancer,rail,turret_missile,true,70376,189.9,758,244,71,6.9,2310.4,52.32,459,5.65,3.07,47.4,9.2,3.8,6.7,0,1.00,""
3000098,hull_lancer,rail,turret_gun,true,134623,151.2,1990,232,67,10.8,3039.8,0.20,19,0.73,3.14,51.9,10.6,3.9,7.2,0,1.00,""
3000099,hull_lancer,rail,turret_beam,true,84564,162.5,1940,32,15,10.9,221.2,0.58,3,3.98,3.51,40.5,10.9,3.7,10.3,0,1.00,""
3000100,hull_lancer,rail,turret_missile,true,116681,136.5,2562,109,30,19.4,1137.3,25.11,313,3.52,4.03,80.3,12.3,4.4,15.6,0,1.00,""
3000101,hull_lancer,rail,turret_beam,true,117736,129.5,2895,240,76,11.6,1011.5,17.04,98,4.85,3.35,77.3,9.4,3.4,8.9,0,1.00,""
3000102,hull_lancer,rail,turret_missile,true,24734,203.0,512,89,17,4.5,2465.8,58.03,410,2.98,2.44,7.4,5.8,5.6,2.8,0,1.00,""
3000103,hull_lancer,rail,turret_missile,true,24928,122.4,187,76,16,5.8,862.8,15.74,294,1.51,2.93,18.3,8.2,4.7,5.7,0,1.00,""
3000104,hull_lancer,rail,turret_gun,true,21163,102.8,562,143,27,3.0,259.4,0.08,10,0.53,2.50,34.9,6.3,2.3,3.1,0,1.00,""
3000105,hull_lancer,rail,turret_gun,true,96224,148.3,634,90,43,7.0,223.4,0.34,24,1.01,2.69,35.0,10.3,3.0,4.2,0,1.00,""
3000106,hull_lancer,rail,turret_gun,true,54481,171.3,675,63,14,9.4,443.3,0.77,38,1.23,3.18,20.5,11.1,6.1,7.5,0,1.00,""
4000007,hull_lancer,hover,turret_gun,true,20397,78.4,1549,52,14,12.4,18.9,0.00,0,0.30,2.55,6.3,11.2,4.2,3.5,1261,0.70,""
4000008,hull_lancer,hover,turret_missile,true,12401,85.2,1018,82,10,7.9,228.4,3.80,388,7.20,2.87,6.6,8.4,3.3,5.4,806,1.00,""
4000009,hull_lancer,hover,turret_gun,true,21305,121.0,2213,81,10,13.5,163.8,0.06,9,0.50,3.12,6.8,11.7,3.8,7.2,1462,0.50,""
4000010,hull_lancer,hover,turret_gun,true,14874,102.6,1336,30,6,9.6,232.6,0.29,24,0.79,2.74,7.7,8.1,3.5,4.6,972,0.25,""
4000011,hull_lancer,hover,turret_gun,true,12246,57.7,911,34,13,8.2,1639.7,0.05,7,0.44,2.79,6.3,8.7,3.3,4.9,758,0.17,""
4000012,hull_lancer,hover,turret_gun,true,10586,99.0,1172,31,13,8.1,79.6,0.03,5,0.38,2.61,7.3,7.3,3.0,3.9,828,0.17,""
4000013,hull_lancer,hover,turret_gun,true,9457,66.7,767,27,6,6.9,31.0,0.02,3,0.46,2.54,6.4,7.9,2.8,3.4,647,0.35,""
4000014,hull_lancer,hover,turret_missile,true,3645,62.2,298,13,11,3.4,9607.4,273.20,670,2.96,2.36,6.5,4.5,2.0,2.6,250,0.35,""
4000015,hull_lancer,hover,turret_missile,true,7312,88.0,648,70,19,3.3,1124.9,22.42,450,6.14,2.40,7.6,6.8,2.1,2.8,531,0.50,""
4000016,hull_lancer,hover,turret_beam,true,3977,94.4,353,45,16,2.3,30.3,1.79,0,0.57,2.15,6.6,5.0,1.9,1.7,276,0.35,""
4000017,hull_lancer,hover,turret_gun,true,10155,83.6,1176,77,12,5.6,57.5,0.01,2,0.30,2.71,7.3,8.2,2.5,4.4,822,0.50,""
4000018,hull_lancer,hover,turret_missile,true,9759,53.4,741,27,12,6.3,3513.8,85.26,463,2.57,2.60,6.5,8.1,2.8,3.8,656,0.35,""
4000019,hull_lancer,hover,turret_missile,true,11290,72.6,884,59,16,6.4,9898.9,236.37,807,1.07,2.65,7.2,8.5,2.7,4.1,740,0.70,""
4000020,hull_lancer,hover,none,true,5960,99.0,595,60,20,3.2,0.0,0.00,0,0.00,2.36,7.2,5.7,2.2,2.6,406,0.35,""
4000021,hull_lancer,hover,turret_gun,true,12144,85.0,1076,36,9,10.1,246.3,0.39,27,0.97,2.83,6.4,8.4,3.4,5.2,835,0.35,""
4000022,hull_lancer,hover,turret_missile,true,14264,77.0,1399,31,14,8.6,869.4,14.76,517,2.87,2.91,7.4,9.7,3.0,5.7,1117,0.50,""
4000023,hull_lancer,hover,turret_gun,true,12163,99.0,1411,21,14,7.4,53.4,0.01,2,0.31,2.57,7.8,8.4,2.7,3.6,1014,0.25,""
4000024,hull_lancer,hover,turret_gun,true,16688,122.3,1639,32,12,10.3,518.0,1.19,51,1.28,2.60,7.1,9.6,3.5,3.8,1073,0.17,""
4000025,hull_lancer,hover,turret_gun,true,6456,90.4,709,19,9,5.2,228.4,0.33,25,0.87,2.38,7.9,5.8,2.5,2.7,566,0.50,""
4000026,hull_lancer,hover,turret_gun,true,8681,83.3,758,29,13,5.9,1380.9,0.03,5,0.38,2.62,6.2,7.7,2.7,3.9,612,0.17,""
4000027,hull_lancer,hover,turret_gun,true,12903,99.0,1277,29,11,9.6,57.6,0.05,7,0.66,2.85,6.5,8.8,3.3,5.2,814,0.35,""
4000028,hull_lancer,hover,turret_gun,true,21648,74.7,1896,73,12,14.0,234.4,0.08,10,0.57,3.30,6.9,11.7,3.9,8.6,1506,0.35,""
4000029,hull_lancer,hover,turret_gun,true,7030,97.9,1403,52,7,4.9,2335.9,0.08,10,0.52,2.65,6.8,6.0,2.6,4.1,477,0.35,""
4000030,hull_lancer,hover,turret_gun,true,10978,99.0,1165,21,13,7.6,48.7,0.02,3,0.36,2.67,7.3,7.7,2.9,4.2,769,0.25,""
4000031,hull_lancer,hover,turret_missile,true,5523,64.2,561,61,17,3.4,941.9,16.80,328,2.28,2.35,7.8,5.5,2.0,2.5,500,0.50,""
4000032,hull_lancer,hover,none,true,2539,77.0,561,19,12,2.3,0.0,0.00,0,0.00,2.33,6.7,3.6,1.7,2.4,218,0.17,""
4000033,hull_lancer,hover,turret_missile,true,5775,99.0,572,23,18,3.5,5985.1,132.55,619,0.82,2.31,6.8,5.6,2.3,2.4,403,0.25,""
4000034,hull_lancer,hover,turret_gun,true,15140,75.9,1339,55,10,8.7,21.5,0.01,2,0.40,2.56,7.4,9.4,3.2,3.6,1129,0.50,""
4000035,hull_lancer,hover,turret_gun,true,19109,67.3,1472,82,8,10.8,36.1,0.01,1,0.30,3.03,6.7,10.9,3.8,6.5,1173,0.50,""
4000036,hull_lancer,hover,turret_gun,true,9989,77.0,930,44,11,6.1,13.2,0.00,1,0.30,2.55,8.0,7.0,2.7,3.5,710,0.35,""
4000037,hull_lancer,hover,turret_gun,true,22421,53.4,1821,50,12,14.0,186.4,0.07,9,0.60,3.37,7.2,11.2,4.1,9.2,1641,0.35,""
4000038,hull_lancer,hover,turret_gun,true,7530,113.4,837,21,13,4.9,231.5,0.32,25,0.82,2.47,7.3,7.1,2.2,3.1,611,0.17,""
4000039,hull_lancer,hover,turret_missile,true,3373,50.3,311,65,6,2.9,1085.2,23.32,319,4.22,2.31,6.2,4.7,1.8,2.4,278,0.35,""
4000040,hull_lancer,hover,turret_gun,true,5121,122.1,534,61,14,2.9,1016.1,0.03,5,0.46,2.26,7.8,4.6,2.2,2.2,371,0.35,""
4000041,hull_lancer,hover,turret_gun,true,18612,84.8,1619,27,11,14.5,55.6,0.07,9,0.76,3.43,6.7,10.4,3.9,9.7,1225,0.17,""
4000042,hull_lancer,hover,turret_gun,true,7220,86.5,608,22,14,5.2,41.5,0.01,1,0.30,2.49,6.5,7.2,2.3,3.2,470,0.25,""
4000043,hull_lancer,hover,turret_beam,true,6545,77.6,533,69,17,3.5,34.6,0.69,0,0.99,2.27,7.6,5.4,2.4,2.2,444,0.70,""
4000044,hull_lancer,hover,turret_gun,true,11548,63.9,805,41,19,5.1,189.0,0.07,9,0.50,2.43,7.6,7.4,3.0,2.9,695,0.25,""
4000045,hull_lancer,hover,turret_beam,true,9693,117.9,886,30,14,5.8,117.6,5.74,3,1.01,2.62,7.4,6.9,2.8,3.9,584,0.25,""
4000046,hull_lancer,hover,turret_gun,true,19953,61.8,1559,54,8,11.6,12.6,0.00,1,0.30,3.01,8.0,10.8,3.4,6.4,1361,0.50,""
4000047,hull_lancer,hover,turret_beam,true,6971,104.6,558,65,22,2.9,56.6,0.41,0,0.62,2.24,7.5,5.6,2.5,2.1,413,0.70,""
4000048,hull_lancer,hover,turret_gun,true,19240,55.9,1347,42,12,12.0,81.8,0.03,5,0.42,3.12,6.5,10.7,4.0,7.2,1171,0.17,""
4000049,hull_lancer,hover,none,true,3647,63.2,323,52,16,2.1,0.0,0.00,0,0.00,2.17,7.1,4.5,1.8,1.8,286,0.35,""
4000050,hull_lancer,hover,turret_beam,false,22450,56.3,2708,5,5,11.8,73.3,109.61,43,0.88,2.88,12.2,8.6,3.1,5.5,2069,0.08,"overloaded: 22450 kg on running gear rated 14688 kg"
4000051,hull_lancer,hover,none,true,4138,77.0,363,64,19,2.1,0.0,0.00,0,0.00,2.15,7.0,5.1,1.8,1.7,302,0.25,""
4000052,hull_lancer,hover,turret_gun,true,13769,76.1,1098,31,9,7.9,1582.1,0.05,7,0.50,2.87,7.4,8.3,3.3,5.4,906,0.17,""
4000053,hull_lancer,hover,turret_beam,true,16952,79.8,1880,22,6,12.3,105.4,5.64,19,3.32,3.19,7.2,9.9,3.5,7.7,1239,0.08,""
4000054,hull_lancer,hover,turret_missile,true,10038,72.0,855,64,16,6.2,301.0,5.05,360,5.69,2.47,7.1,6.8,3.1,3.1,730,0.25,""
4000055,hull_lancer,hover,turret_missile,true,6969,87.5,641,97,8,5.0,7067.1,175.27,908,2.56,2.61,7.2,6.0,2.4,3.8,506,0.50,""
4000056,hull_lancer,hover,turret_gun,true,10866,67.9,937,31,11,8.0,142.7,0.11,12,0.68,2.53,6.9,7.7,3.0,3.4,800,0.25,""
4000057,hull_lancer,hover,turret_beam,true,4735,99.0,413,68,19,2.4,37.8,0.24,0,0.71,2.16,7.3,4.6,2.2,1.7,318,1.00,""
4000058,hull_lancer,hover,turret_gun,true,15714,99.0,1484,42,12,10.6,81.1,0.04,5,0.40,2.85,6.8,10.0,3.4,5.3,1103,0.35,""
4000059,hull_lancer,hover,turret_beam,true,8677,73.0,591,75,18,4.0,40.0,0.19,0,0.60,2.57,7.6,6.5,2.6,3.6,487,1.00,""
4000060,hull_lancer,hover,turret_beam,true,15604,99.0,1683,31,9,10.5,224.4,11.51,52,4.03,2.89,6.8,9.8,3.4,5.5,1082,0.17,""
4000061,hull_lancer,hover,turret_gun,true,11519,55.5,857,9,7,7.8,613.1,1.41,55,1.35,2.65,7.9,9.0,2.9,4.1,743,0.12,""
4000062,hull_lancer,hover,turret_gun,true,9784,92.7,862,36,11,6.2,379.6,0.79,39,1.25,2.55,7.2,7.4,2.7,3.5,661,0.25,""
4000063,hull_lancer,hover,turret_gun,true,24004,77.0,2944,22,8,15.7,199.0,0.17,16,0.72,3.11,7.5,12.1,3.9,7.1,1712,0.25,""
4000064,hull_lancer,hover,turret_beam,true,11229,121.8,1288,51,14,8.0,161.6,3.10,6,2.30,2.51,7.1,7.4,3.1,3.3,882,0.35,""
4000065,hull_lancer,hover,turret_gun,true,4769,87.6,450,33,12,3.5,168.3,0.29,20,1.13,2.32,6.8,5.9,1.8,2.4,355,0.25,""
4000066,hull_lancer,hover,turret_missile,true,22909,91.3,2139,25,12,14.6,6563.6,159.54,943,2.26,3.20,7.4,11.4,3.9,7.8,1677,0.25,""
4000067,hull_lancer,hover,turret_gun,true,13834,68.9,1090,24,14,9.0,355.0,0.13,14,0.62,2.55,6.8,8.9,3.4,3.5,923,0.25,""
4000068,hull_lancer,hover,turret_gun,true,12806,77.0,1533,35,14,8.6,96.4,0.06,8,0.53,2.60,7.2,8.9,3.0,3.8,1052,0.25,""
4000069,hull_lancer,hover,turret_missile,true,10809,109.1,1167,28,14,7.0,739.6,11.13,358,0.85,2.86,7.8,7.2,2.8,5.4,800,0.25,""
4000070,hull_lancer,hover,turret_gun,true,20726,99.0,2057,37,12,14.5,278.8,0.16,16,0.65,2.72,6.9,10.7,4.1,4.5,1456,0.25,""
4000071,hull_lancer,hover,none,true,3537,56.3,346,56,10,2.0,0.0,0.00,0,0.00,2.40,7.0,4.5,1.8,2.8,272,1.00,""
4000072,hull_lancer,hover,turret_missile,true,8262,61.8,674,56,15,4.9,2322.8,46.37,401,0.38,2.38,7.2,6.6,2.6,2.7,588,0.50,""
4000073,hull_lancer,hover,turret_gun,true,18918,118.4,2183,25,13,14.1,17.2,0.01,2,0.38,3.16,7.5,10.1,3.6,7.5,1512,0.25,""
4000074,hull_lancer,hover,turret_beam,false,9273,56.7,1076,6,3,6.1,32.1,41.54,8,0.61,2.50,12.2,5.0,2.3,3.2,880,0.08,"overloaded: 9273 kg on running gear rated 6062 kg"
4000075,hull_lancer,hover,turret_beam,true,22939,61.6,1757,90,9,11.3,83.9,0.49,2,3.60,2.83,7.9,10.8,3.9,5.1,1546,0.50,""
4000076,hull_lancer,hover,turret_beam,true,19514,62.0,1788,18,6,13.9,78.9,37.33,178,4.20,3.34,7.5,10.6,3.6,8.9,1535,0.12,""
4000077,hull_lancer,hover,turret_missile,true,22622,113.2,2218,71,18,12.2,2030.8,35.44,478,0.48,3.02,7.5,11.1,3.9,6.5,1611,0.50,""
4000078,hull_lancer,hover,turret_gun,true,12691,82.0,957,66,10,8.5,153.7,0.08,10,0.54,2.89,5.5,9.9,3.4,5.5,754,1.00,""
4000079,hull_lancer,hover,turret_gun,true,17755,56.6,2399,38,10,11.6,69.3,0.03,5,0.42,2.99,7.6,10.3,3.3,6.2,1359,0.35,""
4000080,hull_lancer,hover,none,true,4700,121.1,509,38,15,2.4,0.0,0.00,0,0.00,2.26,7.3,5.5,1.8,2.2,371,0.35,""
4000081,hull_lancer,hover,turret_gun,true,17543,61.1,1401,36,12,10.9,59.5,0.02,3,0.34,3.13,7.4,10.1,3.4,7.3,1212,0.35,""
4000082,hull_lancer,hover,turret_gun,true,13358,114.4,1435,24,13,10.3,86.4,0.03,4,0.38,2.73,7.1,8.2,3.4,4.5,988,0.17,""
4000083,hull_lancer,hover,turret_gun,true,11195,99.0,1076,26,12,6.7,209.3,0.06,8,0.47,2.80,6.8,8.4,2.9,4.9,781,0.17,""
4000084,hull_lancer,hover,turret_beam,true,12357,77.0,1258,50,18,6.5,103.1,0.34,0,1.27,2.61,7.4,8.4,3.0,3.8,888,0.25,""
4000085,hull_lancer,hover,turret_beam,true,7858,89.6,836,13,5,5.6,60.4,30.29,3,0.41,2.53,8.0,7.0,2.1,3.4,679,0.17,""
4000086,hull_lancer,hover,turret_beam,true,17793,97.6,1725,42,9,10.5,147.2,2.12,5,2.68,3.08,8.0,9.7,3.4,6.9,1349,0.70,""
4000087,hull_lancer,hover,turret_beam,true,15203,80.1,1270,61,13,9.2,48.8,0.15,1,4.56,2.82,6.4,10.0,3.4,5.1,1042,0.70,""
4000088,hull_lancer,hover,turret_beam,true,8681,70.6,642,10,8,5.1,40.8,35.69,8,0.65,2.43,7.9,6.6,2.5,2.9,533,0.12,""
4000089,hull_lancer,hover,turret_gun,true,15977,75.9,1196,41,11,10.1,1314.2,0.03,5,0.41,2.97,6.7,9.3,3.7,6.1,971,0.25,""
4000090,hull_lancer,hover,none,true,4420,143.0,517,90,18,1.7,0.0,0.00,0,0.00,2.18,7.8,5.2,1.7,1.8,354,0.50,""
4000091,hull_lancer,hover,turret_gun,true,4487,55.9,409,51,16,2.0,143.7,0.06,9,0.57,2.16,7.8,5.3,1.6,1.7,373,0.25,""
4000092,hull_lancer,hover,turret_missile,true,18239,59.2,1360,39,14,9.6,3815.0,87.85,486,1.81,2.73,7.5,10.2,3.5,4.5,1180,0.35,""
4000093,hull_lancer,hover,none,true,7525,106.2,745,58,18,4.2,0.0,0.00,0,0.00,2.50,7.2,6.8,2.3,3.2,566,0.50,""
4000094,hull_lancer,hover,turret_gun,true,7697,89.1,622,79,12,3.6,57.8,0.02,3,0.40,2.39,6.8,7.2,2.4,2.7,497,0.70,""
4000095,hull_lancer,hover,turret_beam,true,19456,77.0,1803,35,9,13.8,28.5,0.04,0,6.46,2.97,6.8,10.3,4.1,6.1,1365,0.17,""
4000096,hull_lancer,hover,turret_missile,true,6465,112.2,606,29,14,4.1,6311.3,151.52,561,0.55,2.32,6.9,5.7,2.5,2.4,415,0.35,""
4000097,hull_lancer,hover,turret_gun,true,5276,76.8,474,60,17,3.2,1081.0,0.03,5,0.41,2.51,8.0,4.8,2.1,3.3,398,0.25,""
4000098,hull_lancer,hover,none,true,4856,86.6,422,57,17,2.7,0.0,0.00,0,0.00,2.05,6.9,4.9,2.2,1.4,343,0.35,""
4000099,hull_lancer,hover,turret_gun,true,21174,99.0,2328,47,10,13.3,21.7,0.01,2,0.43,2.70,7.1,11.4,3.8,4.3,1592,0.70,""
4000100,hull_lancer,hover,turret_missile,true,19230,108.9,1916,52,14,11.9,13316.5,343.16,990,1.16,2.77,7.1,10.9,3.6,4.8,1409,0.35,""
4000101,hull_lancer,hover,turret_gun,true,4401,60.9,346,13,11,4.5,12.4,0.00,0,0.30,2.37,6.4,4.8,2.2,2.6,289,0.17,""
4000102,hull_lancer,hover,turret_gun,true,9297,91.8,1527,16,10,5.8,166.3,0.32,19,1.35,2.58,7.6,7.2,2.5,3.7,612,0.35,""
4000103,hull_lancer,hover,turret_gun,true,15892,113.6,1404,138,8,8.1,232.8,0.09,11,0.53,2.90,8.0,8.6,3.4,5.6,983,0.70,""
4000104,hull_lancer,hover,turret_gun,true,10557,70.5,963,61,21,6.0,73.9,0.02,3,0.33,2.51,7.9,6.8,2.9,3.3,838,0.35,""
4000105,hull_lancer,hover,turret_missile,true,9534,92.1,1395,36,10,7.1,10812.5,270.70,789,1.30,2.73,7.5,6.6,2.9,4.5,677,0.35,""
4000106,hull_lancer,hover,none,true,3656,91.5,339,75,20,1.5,0.0,0.00,0,0.00,2.00,7.0,5.1,1.6,1.2,281,0.50,""
5000007,hull_lancer,antigrav,turret_missile,true,85478,208.1,5173,124,31,20.2,288.5,4.73,236,4.64,4.27,0.0,11.7,7.9,15.4,1778,1.00,""
5000008,hull_lancer,antigrav,turret_missile,true,11312,126.1,297,82,42,3.2,1494.6,33.80,519,7.73,2.66,0.0,5.1,1.8,2.5,187,1.00,""
5000009,hull_lancer,antigrav,turret_gun,true,72200,183.9,2507,150,56,11.5,125.5,0.05,7,0.50,3.55,0.0,11.4,4.1,6.9,1285,1.00,""
5000010,hull_lancer,antigrav,turret_gun,true,22424,178.4,914,312,70,3.3,248.3,0.01,1,0.30,2.89,0.0,5.8,2.4,3.2,575,1.00,""
5000011,hull_lancer,antigrav,turret_gun,true,32322,148.6,1039,174,46,5.6,49.9,0.01,1,0.30,2.55,0.0,6.9,6.6,3.4,723,1.00,""
5000012,hull_lancer,antigrav,turret_gun,true,73334,168.8,6628,230,63,13.0,84.8,0.02,4,0.37,3.96,0.0,11.4,3.9,13.8,5475,1.00,""
5000013,hull_lancer,antigrav,turret_missile,true,42548,143.5,1285,43,10,9.7,2421.6,54.01,634,5.88,3.07,0.0,11.6,7.0,6.2,774,1.00,""
5000014,hull_lancer,antigrav,turret_gun,true,94776,240.0,4789,228,70,12.5,247.7,0.45,26,1.26,3.41,0.0,10.0,7.7,7.4,1347,1.00,""
5000015,hull_lancer,antigrav,turret_gun,true,36142,157.3,1435,161,57,5.6,1683.6,0.10,11,0.73,3.06,0.0,8.2,2.7,3.3,1060,1.00,""
5000016,hull_lancer,antigrav,turret_beam,true,56927,145.1,3543,101,24,13.2,104.0,0.35,4,9.86,3.75,0.0,12.4,4.5,9.1,2811,1.00,""
5000017,hull_lancer,antigrav,none,true,10563,207.1,1215,59,37,2.4,0.0,0.00,0,0.00,2.42,0.0,3.4,4.6,2.3,850,1.00,""
5000018,hull_lancer,antigrav,none,true,27467,232.2,1086,94,17,3.5,0.0,0.00,0,0.00,2.74,0.0,5.7,4.7,3.5,340,1.00,""
5000019,hull_lancer,antigrav,turret_gun,true,101021,175.2,2999,201,62,10.7,21.2,0.00,1,0.30,3.28,0.0,10.3,7.2,8.0,2007,1.00,""
5000020,hull_lancer,antigrav,turret_gun,true,58368,202.3,3620,207,58,6.5,140.2,0.08,10,0.57,3.05,0.0,8.7,6.3,4.0,1990,1.00,""
5000021,hull_lancer,antigrav,turret_missile,true,12318,109.8,2150,54,17,4.2,2778.0,57.22,558,3.36,2.84,0.0,5.8,5.5,2.8,1213,0.50,""
5000022,hull_lancer,antigrav,turret_gun,true,16171,157.2,614,46,46,3.6,478.5,1.07,46,1.33,2.43,0.0,5.9,2.0,2.4,373,1.00,""
5000023,hull_lancer,antigrav,none,true,23385,214.6,1149,155,50,3.0,0.0,0.00,0,0.00,2.51,0.0,5.0,4.9,1.4,650,1.00,""
5000024,hull_lancer,antigrav,turret_missile,true,45007,132.4,2859,62,27,12.5,2244.4,43.91,428,1.19,3.86,0.0,11.9,4.1,9.9,2241,1.00,""
5000025,hull_lancer,antigrav,turret_gun,true,140901,240.0,6534,235,65,14.2,47.1,0.01,2,0.30,3.75,0.0,12.7,7.9,9.3,3039,1.00,""
5000026,hull_lancer,antigrav,turret_gun,true,29352,105.3,930,51,9,14.0,138.5,0.13,14,0.64,3.85,0.0,11.7,4.2,12.7,628,1.00,""
5000027,hull_lancer,antigrav,turret_beam,true,120475,226.8,14110,15,72,17.5,1380.5,194.01,1510,6.24,3.40,0.0,12.3,4.0,8.5,10636,1.00,""
5000028,hull_lancer,antigrav,turret_missile,true,37237,211.8,1558,254,70,4.3,1286.5,25.26,334,1.79,2.62,0.0,7.7,2.4,2.6,856,1.00,""
5000029,hull_lancer,antigrav,turret_beam,true,44780,127.9,1744,97,21,13.8,195.7,15.88,165,8.15,3.74,0.0,12.9,4.2,10.0,1143,1.00,""
5000030,hull_lancer,antigrav,turret_beam,true,37883,159.3,1360,214,67,4.8,131.5,0.47,0,1.16,2.73,0.0,6.8,6.2,1.9,1031,1.00,""
5000031,hull_lancer,antigrav,turret_gun,true,5425,165.2,240,79,22,1.7,88.7,0.02,4,0.46,2.36,0.0,3.7,1.7,1.4,110,1.00,""
5000032,hull_lancer,antigrav,none,true,4205,109.8,206,66,18,1.5,0.0,0.00,0,0.00,2.27,0.0,4.4,1.7,1.0,172,1.00,""
5000033,hull_lancer,antigrav,turret_beam,true,78509,225.3,3893,176,50,13.4,1032.5,11.64,38,3.19,3.69,0.0,11.4,8.5,9.3,1275,1.00,""
5000034,hull_lancer,antigrav,turret_gun,true,40818,146.3,4056,289,24,9.6,603.5,0.01,1,0.30,3.25,0.0,12.4,3.8,7.1,3462,1.00,""
5000035,hull_lancer,antigrav,turret_missile,true,9892,113.8,795,67,18,4.1,1362.2,25.20,355,1.29,3.00,0.0,6.2,2.4,3.7,682,1.00,""
5000036,hull_lancer,antigrav,turret_gun,true,43558,240.0,2263,72,44,4.9,116.2,0.06,8,0.50,2.86,0.0,6.1,5.3,3.6,739,1.00,""
5000037,hull_lancer,antigrav,turret_gun,true,41961,134.5,938,119,33,8.5,405.1,0.74,36,1.28,2.84,0.0,6.5,6.6,4.2,537,1.00,""
5000038,hull_lancer,antigrav,turret_gun,true,50859,200.5,2519,115,17,10.1,898.8,0.02,3,0.35,3.79,0.0,12.0,7.3,7.8,1134,1.00,""
5000039,hull_lancer,antigrav,turret_missile,true,137915,236.0,4644,239,68,14.4,909.5,14.77,377,1.75,3.57,0.0,12.4,7.8,8.6,1281,1.00,""
5000040,hull_lancer,antigrav,turret_gun,true,39281,216.6,2256,68,28,7.6,34.8,0.01,2,0.32,3.27,0.0,8.8,5.9,5.1,934,1.00,""
5000041,hull_lancer,antigrav,none,true,42780,172.6,1098,174,70,4.1,0.0,0.00,0,0.00,2.84,0.0,5.3,5.2,3.6,497,1.00,""
5000042,hull_lancer,antigrav,turret_gun,true,50197,178.1,2892,155,13,17.8,207.0,0.30,23,0.84,4.19,0.0,14.5,4.0,13.5,1099,1.00,""
5000043,hull_lancer,antigrav,turret_gun,true,81833,192.3,2580,229,74,8.6,336.0,0.50,31,1.02,2.99,0.0,10.0,7.1,5.9,1534,1.00,""
5000044,hull_lancer,antigrav,turret_gun,true,67742,136.3,7168,127,35,18.3,141.7,0.06,8,0.51,4.38,0.0,13.4,8.5,14.6,6379,1.00,""
5000045,hull_lancer,antigrav,turret_missile,true,9186,135.6,965,74,20,3.5,1415.9,23.46,427,0.78,2.60,0.0,5.7,2.3,2.4,813,1.00,""
5000046,hull_lancer,antigrav,turret_missile,true,55468,206.7,2040,140,35,9.2,11529.2,291.29,765,0.89,3.00,0.0,8.6,7.1,5.6,653,1.00,""
5000047,hull_lancer,antigrav,turret_gun,true,84876,201.7,5852,219,75,13.0,2744.6,0.15,15,0.67,3.44,0.0,10.6,3.8,8.4,3939,1.00,""
5000048,hull_lancer,antigrav,turret_gun,true,87284,213.0,6364,165,58,9.6,14.6,0.00,1,0.30,2.84,0.0,12.8,8.5,2.6,4794,1.00,""
5000049,hull_lancer,antigrav,turret_gun,true,36361,174.7,892,156,40,4.7,215.6,0.32,23,0.99,2.52,0.0,5.4,4.8,2.6,458,1.00,""
5000050,hull_lancer,antigrav,turret_beam,true,92113,163.9,2774,92,42,16.7,494.7,49.73,549,8.68,3.91,0.0,11.6,8.3,11.2,1319,1.00,""
5000051,hull_lancer,antigrav,turret_missile,true,21205,197.2,968,93,25,3.0,2461.4,53.50,394,0.79,2.65,0.0,4.8,4.2,2.3,568,0.70,""
5000052,hull_lancer,antigrav,turret_beam,true,32243,214.8,2026,164,29,7.0,293.6,0.79,1,2.05,3.33,0.0,8.8,3.3,5.3,844,1.00,""
5000053,hull_lancer,antigrav,turret_gun,true,98424,160.8,9390,128,60,15.2,52.4,0.03,4,0.46,3.46,0.0,13.0,8.9,8.7,8239,1.00,""
5000054,hull_lancer,antigrav,turret_missile,true,54927,178.0,2284,412,13,14.8,1285.0,21.27,484,1.30,3.94,0.0,12.2,7.9,13.3,860,1.00,""
5000055,hull_lancer,antigrav,turret_beam,true,33193,151.1,714,164,45,6.2,30.9,0.04,0,4.10,2.86,0.0,8.2,3.1,4.3,348,1.00,""
5000056,hull_lancer,antigrav,turret_gun,true,14043,116.8,327,129,11,5.8,255.5,0.37,26,0.92,2.79,0.0,8.2,2.8,3.9,162,1.00,""
5000057,hull_lancer,antigrav,turret_missile,true,46724,151.1,2561,216,43,8.3,7032.7,172.89,663,2.37,3.24,0.0,10.3,3.2,6.6,2058,1.00,""
5000058,hull_lancer,antigrav,turret_beam,true,128581,180.3,10441,206,76,11.5,313.3,0.72,7,7.17,3.69,0.0,12.0,8.0,7.7,8365,1.00,""
5000059,hull_lancer,antigrav,turret_missile,true,27435,170.1,1472,56,24,5.6,28745.5,884.56,1076,1.34,2.82,0.0,6.9,5.3,3.6,1003,1.00,""
5000060,hull_lancer,antigrav,turret_missile,true,31461,175.5,2134,48,18,7.7,522.7,7.74,314,1.85,3.35,0.0,11.4,3.7,6.3,1422,1.00,""
5000061,hull_lancer,antigrav,turret_missile,true,26480,160.4,745,172,40,5.2,772.5,12.40,482,1.90,2.74,0.0,7.9,2.9,3.1,378,1.00,""
5000062,hull_lancer,antigrav,turret_missile,true,46843,218.8,3890,157,73,6.0,5811.2,145.69,548,1.38,2.86,0.0,7.6,5.5,3.5,2441,1.00,""
5000063,hull_lancer,antigrav,turret_missile,true,91644,240.0,8267,155,58,9.3,241.0,3.90,225,5.26,3.56,0.0,11.8,7.3,7.0,5441,1.00,""
5000064,hull_lancer,antigrav,turret_beam,true,34118,194.9,3357,39,11,9.2,460.7,2.25,5,2.46,3.55,0.0,9.8,6.5,7.0,2075,1.00,""
5000065,hull_lancer,antigrav,turret_gun,true,35598,131.3,1437,132,25,8.6,139.8,0.05,7,0.46,3.11,0.0,9.9,3.4,5.5,903,1.00,""
5000066,hull_lancer,antigrav,turret_gun,true,16070,218.7,1504,218,50,2.8,2160.5,0.10,12,0.56,2.27,0.0,5.5,2.2,1.8,1000,0.70,""
5000067,hull_lancer,antigrav,turret_gun,true,19982,198.2,739,45,14,2.5,295.3,0.11,12,0.60,2.48,0.0,4.3,4.3,1.8,403,1.00,""
5000068,hull_lancer,antigrav,turret_gun,true,53601,169.7,1333,207,57,7.8,120.1,0.03,5,0.39,3.28,0.0,10.4,3.3,5.4,668,1.00,""
5000069,hull_lancer,antigrav,turret_beam,true,30622,240.0,1337,63,22,3.2,174.0,0.54,0,0.43,2.32,0.0,4.2,4.5,1.9,340,1.00,""
5000070,hull_lancer,antigrav,turret_gun,true,43916,153.5,1932,125,30,5.8,180.8,0.29,22,0.98,2.73,0.0,7.6,5.9,3.8,1155,1.00,""
5000071,hull_lancer,antigrav,turret_gun,true,35280,170.9,4898,37,17,12.9,47.3,0.02,3,0.33,3.90,0.0,11.6,4.2,8.9,3719,1.00,""
5000072,hull_lancer,antigrav,turret_beam,true,19621,126.3,388,158,22,4.5,61.6,1.09,1,1.68,2.86,0.0,7.1,2.8,2.8,232,1.00,""
5000073,hull_lancer,antigrav,turret_gun,true,64440,213.9,4511,138,18,11.9,335.2,0.54,34,0.97,3.37,0.0,12.9,7.9,3.5,2540,1.00,""
5000074,hull_lancer,antigrav,turret_beam,true,144546,205.7,4354,143,55,20.0,1173.8,129.31,1163,7.11,3.62,0.0,12.0,8.0,11.1,1306,1.00,""
5000075,hull_lancer,antigrav,turret_missile,true,23406,176.1,2460,41,33,6.8,23971.0,740.68,945,1.59,2.56,0.0,6.8,6.0,3.3,1276,0.70,""
5000076,hull_lancer,antigrav,turret_missile,true,8245,195.5,852,70,49,2.2,1541.3,28.60,469,2.70,2.35,0.0,3.5,2.0,1.7,576,1.00,""
5000077,hull_lancer,antigrav,turret_gun,true,87783,200.6,5930,149,53,13.4,115.7,0.18,16,0.89,3.81,0.0,11.9,8.1,9.4,3990,1.00,""
5000078,hull_lancer,antigrav,turret_beam,true,26554,240.0,2748,120,36,3.2,14.1,0.02,0,1.34,2.89,0.0,7.4,5.2,2.6,1810,1.00,""
5000079,hull_lancer,antigrav,turret_gun,true,49633,240.0,2878,114,37,5.7,44.5,0.02,3,0.48,2.64,0.0,9.3,6.2,2.1,1109,1.00,""
5000080,hull_lancer,antigrav,turret_missile,true,135963,240.0,5103,246,71,13.9,663.4,14.17,276,5.94,3.75,0.0,12.6,7.6,9.2,1677,1.00,""
5000081,hull_lancer,antigrav,turret_gun,true,17073,157.1,1381,119,13,6.4,123.5,0.06,9,0.48,2.84,0.0,7.7,2.8,3.4,947,1.00,""
5000082,hull_lancer,antigrav,turret_missile,true,23427,142.3,1885,202,55,4.7,1314.5,25.74,707,2.74,2.75,0.0,6.8,2.5,3.6,1587,1.00,""
5000083,hull_lancer,antigrav,turret_missile,true,38499,213.5,2822,125,35,8.6,217.1,3.53,209,4.93,3.48,0.0,9.4,7.1,7.3,1372,1.00,""
5000084,hull_lancer,antigrav,turret_gun,true,13854,191.9,628,67,19,3.9,1010.2,0.04,5,0.40,2.81,0.0,8.2,2.3,2.9,160,1.00,""
5000085,hull_lancer,antigrav,turret_gun,true,62808,162.8,1620,187,69,10.5,20.3,0.01,2,0.36,3.28,0.0,9.8,3.3,7.7,613,1.00,""
5000086,hull_lancer,antigrav,turret_beam,true,67543,240.0,2149,177,63,5.4,142.9,0.33,0,1.49,2.62,0.0,8.4,5.9,3.8,670,1.00,""
5000087,hull_lancer,antigrav,turret_beam,true,47595,145.4,2347,102,19,14.4,298.0,41.74,273,5.39,3.73,0.0,11.9,3.7,9.0,1509,1.00,""
5000088,hull_lancer,antigrav,none,true,5761,145.0,479,154,12,1.9,0.0,0.00,0,0.00,2.57,0.0,6.0,1.7,2.0,379,1.00,""
5000089,hull_lancer,antigrav,turret_missile,true,11165,134.8,429,38,10,4.8,1655.3,35.38,339,0.75,2.89,0.0,6.5,5.4,2.8,224,1.00,""
5000090,hull_lancer,antigrav,turret_missile,true,69654,168.9,7005,223,74,9.0,2152.8,49.58,487,7.42,3.16,0.0,11.3,3.3,6.7,6243,1.00,""
5000091,hull_lancer,antigrav,turret_beam,true,33031,209.3,3819,67,41,7.6,471.6,23.90,48,2.31,3.20,0.0,8.2,3.0,4.9,2624,1.00,""
5000092,hull_lancer,antigrav,none,true,9973,132.9,533,132,26,2.5,0.0,0.00,0,0.00,2.53,0.0,6.2,1.9,2.9,250,1.00,""
5000093,hull_lancer,antigrav,turret_beam,true,15592,168.8,571,171,45,3.6,118.0,0.27,0,0.58,2.46,0.0,3.5,5.3,2.7,274,1.00,""
5000094,hull_lancer,antigrav,turret_gun,true,68732,168.3,2333,136,50,12.5,79.6,0.13,12,1.04,3.43,0.0,11.9,3.9,8.7,1166,1.00,""
5000095,hull_lancer,antigrav,turret_missile,true,15985,172.8,1773,63,24,3.5,408.8,7.52,234,4.02,2.48,0.0,6.4,5.3,2.0,1466,0.50,""
5000096,hull_lancer,antigrav,turret_missile,true,35833,153.7,3497,144,48,5.2,2005.0,51.43,400,6.38,2.78,0.0,7.9,5.7,2.9,3166,0.70,""
5000097,hull_lancer,antigrav,turret_gun,true,38478,213.0,2140,102,18,7.9,98.0,0.15,14,0.81,2.87,0.0,8.5,6.5,4.5,847,1.00,""
5000098,hull_lancer,antigrav,turret_gun,true,47123,151.1,2689,152,64,7.5,447.1,0.79,39,1.26,3.07,0.0,8.6,3.2,3.2,2246,1.00,""
5000099,hull_lancer,antigrav,turret_gun,true,17197,158.6,620,130,27,4.2,212.7,0.09,11,0.54,2.51,0.0,8.0,2.8,2.6,331,1.00,""
5000100,hull_lancer,antigrav,turret_missile,true,34304,210.0,1351,83,38,5.0,21183.0,601.23,1090,0.94,2.84,0.0,5.9,5.3,2.9,562,1.00,""
5000101,hull_lancer,antigrav,turret_gun,true,49374,240.0,2838,261,77,4.8,165.9,0.06,9,0.51,2.85,0.0,6.1,5.8,4.3,1087,1.00,""
5000102,hull_lancer,antigrav,turret_gun,true,52700,168.0,4641,104,22,16.3,240.0,0.41,25,1.18,3.77,0.0,12.6,4.6,10.3,3152,1.00,""
5000103,hull_lancer,antigrav,turret_missile,true,61544,157.3,2194,190,70,7.2,3977.1,98.34,496,3.19,2.99,0.0,6.7,6.0,3.9,1487,1.00,""
5000104,hull_lancer,antigrav,turret_gun,true,13162,120.1,320,60,16,4.7,172.7,0.11,13,0.65,2.48,0.0,6.2,2.5,2.5,172,1.00,""
5000105,hull_lancer,antigrav,turret_gun,true,25026,160.2,1851,94,67,5.3,49.9,0.02,4,0.39,2.76,0.0,5.5,2.3,3.3,902,1.00,""
5000106,hull_lancer,antigrav,turret_missile,true,116236,169.7,2497,146,56,16.0,6253.0,137.10,689,1.08,3.95,0.0,13.0,7.9,12.7,1087,1.00,""
6000007,hull_lancer,rotor,turret_missile,true,24407,189.2,8166,113,13,8.7,1535.9,26.42,455,1.18,3.42,0.0,16.1,18.1,4.4,6659,1.00,""
6000008,hull_lancer,rotor,turret_missile,false,3041,98.6,1491,17,5,2.7,1130.7,24.62,307,2.47,3.35,0.0,6.4,5.1,1.9,1422,0.08,"overloaded: 3041 kg on running gear rated 1693 kg"
6000009,hull_lancer,rotor,turret_gun,false,2834,92.2,1291,18,5,2.3,214.8,0.00,1,0.30,2.82,0.0,5.0,6.6,2.5,1158,0.08,"overloaded: 2834 kg on running gear rated 2065 kg"
6000010,hull_lancer,rotor,turret_gun,true,23229,85.9,5222,23,11,9.7,68.3,0.11,11,1.04,4.00,0.0,22.1,22.1,4.7,5065,0.17,""
6000011,hull_lancer,rotor,turret_missile,true,20027,95.5,4258,18,5,5.0,846.4,17.63,476,8.62,4.00,0.0,21.6,21.6,4.9,4143,0.12,""
6000012,hull_lancer,rotor,turret_missile,true,13241,67.6,2774,11,5,9.0,5891.7,137.81,759,2.52,4.00,0.0,17.8,17.8,4.3,2701,0.08,""
6000013,hull_lancer,rotor,turret_missile,false,5643,78.6,4192,12,5,4.5,7487.4,202.07,780,4.66,4.00,0.0,7.9,4.6,3.1,4134,0.08,"overloaded: 5643 kg on running gear rated 1280 kg"
6000014,hull_lancer,rotor,turret_missile,false,6529,98.6,3787,13,5,5.6,3301.3,63.80,551,0.86,4.00,0.0,8.8,6.6,4.9,3648,0.08,"overloaded: 6529 kg on running gear rated 2546 kg"
6000015,hull_lancer,rotor,turret_gun,false,5096,95.3,3041,10,5,4.5,52.6,0.03,5,0.61,4.00,0.0,7.5,5.2,2.4,2940,0.08,"overloaded: 5096 kg on running gear rated 1863 kg"
6000016,hull_lancer,rotor,turret_missile,false,2584,86.1,2237,7,5,2.5,4006.3,97.33,524,3.82,3.79,0.0,4.0,3.2,2.1,2192,0.08,"overloaded: 2584 kg on running gear rated 437 kg"
6000017,hull_lancer,rotor,turret_missile,true,17311,80.3,3636,23,8,7.2,2427.2,59.74,1113,0.71,3.06,0.0,20.3,20.3,4.3,3545,0.12,""
6000018,hull_lancer,rotor,turret_gun,false,6157,102.8,3197,16,5,5.3,350.7,0.69,36,1.18,4.00,0.0,7.4,6.9,3.0,3050,0.08,"overloaded: 6157 kg on running gear rated 3054 kg"
6000019,hull_lancer,rotor,turret_gun,false,6366,126.4,4942,9,5,4.9,263.3,0.37,27,0.91,3.98,0.0,7.8,4.8,3.6,4695,0.08,"overloaded: 6366 kg on running gear rated 1424 kg"
6000020,hull_lancer,rotor,turret_gun,true,16662,111.5,3689,11,5,8.7,367.4,0.70,35,1.28,4.00,0.0,20.0,20.0,4.4,3394,0.08,""
6000021,hull_lancer,rotor,turret_beam,false,6067,87.6,3742,12,6,4.6,28.9,0.12,0,0.72,4.00,0.0,7.9,5.7,4.0,3640,0.08,"overloaded: 6067 kg on running gear rated 2052 kg"
6000022,hull_lancer,rotor,turret_gun,true,4646,145.4,1123,30,5,3.4,39.0,0.01,1,0.30,3.38,0.0,11.5,11.5,3.2,871,0.17,""
6000023,hull_lancer,rotor,turret_beam,true,4587,93.8,976,36,10,3.1,23.9,0.50,0,0.70,2.85,0.0,10.7,10.7,2.9,915,0.70,""
6000024,hull_lancer,rotor,turret_gun,true,23052,216.3,8525,33,9,10.7,129.5,0.07,8,0.74,3.15,0.0,16.5,18.6,4.5,5960,0.35,""
6000025,hull_lancer,rotor,none,false,1155,75.2,576,12,5,1.2,0.0,0.00,0,0.00,2.88,0.0,3.3,3.7,1.3,564,0.08,"overloaded: 1155 kg on running gear rated 591 kg"
6000026,hull_lancer,rotor,turret_missile,false,4497,68.4,2679,19,5,4.3,487.2,6.83,360,1.08,3.52,0.0,6.3,5.8,3.4,2615,0.08,"overloaded: 4497 kg on running gear rated 1618 kg"
6000027,hull_lancer,rotor,turret_gun,false,8014,109.9,5974,18,5,5.7,212.6,0.32,25,0.83,4.00,0.0,9.5,5.7,3.3,5787,0.08,"overloaded: 8014 kg on running gear rated 1870 kg"
6000028,hull_lancer,rotor,turret_gun,true,16268,117.9,3689,13,5,9.1,531.9,0.23,20,0.73,3.36,0.0,19.7,19.7,4.4,3329,0.12,""
6000029,hull_lancer,rotor,turret_missile,true,11964,113.8,2594,38,9,6.0,1169.2,24.41,708,5.17,3.71,0.0,17.4,17.4,3.9,2386,0.17,""
6000030,hull_lancer,rotor,none,false,5675,106.5,4155,23,5,3.1,0.0,0.00,0,0.00,4.00,0.0,7.4,4.7,3.6,3845,0.08,"overloaded: 5675 kg on running gear rated 1505 kg"
6000031,hull_lancer,rotor,turret_missile,true,13825,116.6,3127,18,5,8.3,2467.9,49.52,579,3.33,4.00,0.0,18.3,18.3,4.3,2812,0.08,""
6000032,hull_lancer,rotor,none,true,2085,117.6,458,21,6,1.1,0.0,0.00,0,0.00,2.93,0.0,7.5,7.2,2.4,417,0.08,""
6000033,hull_lancer,rotor,none,true,6175,116.6,1461,29,9,3.8,0.0,0.00,0,0.00,3.23,0.0,12.6,12.6,3.3,1219,0.35,""
6000034,hull_lancer,rotor,turret_gun,false,2680,107.6,739,19,6,2.1,96.3,0.04,7,0.56,3.60,0.0,8.2,8.2,2.5,536,0.08,"engine 0.8 x 0.5 x 0.6 m does not fit the 1.1 x 0.5 x 1.2 m bay"
6000035,hull_lancer,rotor,turret_gun,false,2096,104.5,1278,18,5,1.6,178.7,0.08,10,0.57,3.87,0.0,4.7,3.6,1.4,1233,0.08,"overloaded: 2096 kg on running gear rated 738 kg"
6000036,hull_lancer,rotor,turret_beam,false,26249,0.0,49000,6,3,5.3,0.0,54.05,4,0.35,3.64,0.0,5.4,4.1,2.7,57110,0.08,"overloaded: 26249 kg on running gear rated 675 kg"
6000037,hull_lancer,rotor,turret_missile,false,3296,98.8,3257,5,5,3.0,6248.2,174.19,601,5.01,4.00,0.0,4.6,3.3,2.3,3181,0.08,"overloaded: 3296 kg on running gear rated 431 kg"
6000038,hull_lancer,rotor,turret_gun,true,10436,91.6,2204,14,6,6.9,145.8,0.13,14,0.72,3.57,0.0,16.3,16.3,3.9,2069,0.08,""
6000039,hull_lancer,rotor,turret_missile,false,4000,117.9,3417,18,5,3.0,878.9,16.17,320,3.18,4.00,0.0,5.9,3.7,3.0,3273,0.08,"overloaded: 4000 kg on running gear rated 728 kg"
6000040,hull_lancer,rotor,turret_gun,false,7615,120.9,3955,12,5,6.1,551.8,0.97,45,1.26,4.00,0.0,8.5,8.0,3.8,3694,0.08,"overloaded: 7615 kg on running gear rated 3939 kg"
6000041,hull_lancer,rotor,turret_beam,false,13981,134.4,16819,6,5,5.0,115.4,45.89,3,0.35,3.47,0.0,5.4,4.8,2.7,16515,0.08,"overloaded: 13981 kg on running gear rated 1220 kg"
6000042,hull_lancer,rotor,turret_gun,true,21496,96.6,4821,20,5,11.3,67.1,0.04,6,0.47,4.00,0.0,21.8,21.8,4.8,4571,0.12,""
6000043,hull_lancer,rotor,turret_gun,false,4863,112.0,5307,7,6,3.4,61.4,0.02,4,0.44,3.81,0.0,5.1,3.9,2.0,5187,0.08,"overloaded: 4863 kg on running gear rated 520 kg"
6000044,hull_lancer,rotor,turret_missile,true,26796,194.7,9695,43,9,10.1,1304.2,24.16,352,1.53,3.30,0.0,16.9,19.1,4.6,7266,0.70,""
6000045,hull_lancer,rotor,turret_gun,false,5903,105.4,3949,11,5,4.6,84.3,0.05,7,0.57,4.00,0.0,7.9,5.3,2.6,3812,0.08,"overloaded: 5903 kg on running gear rated 1723 kg"
6000046,hull_lancer,rotor,turret_missile,true,12864,133.2,2954,30,8,6.4,861.7,17.21,324,5.64,2.94,0.0,17.8,17.8,4.0,2593,0.12,""
6000047,hull_lancer,rotor,turret_beam,true,25309,99.1,5956,17,5,11.5,105.4,0.36,1,3.71,3.47,0.0,23.0,23.0,5.0,5532,0.08,""
6000048,hull_lancer,rotor,turret_missile,false,11132,145.7,2882,6,5,5.5,3141.1,81.84,511,8.04,2.91,0.0,17.6,17.6,3.8,2111,0.08,"engine 1.2 x 0.8 x 0.9 m does not fit the 1.2 x 0.7 x 1.0 m bay"
6000049,hull_lancer,rotor,turret_beam,true,20813,119.0,4728,21,9,9.0,143.1,5.89,3,0.97,3.52,0.0,21.8,21.8,4.7,4366,0.12,""
6000050,hull_lancer,rotor,turret_gun,true,7503,97.2,1613,19,5,4.8,927.1,0.02,4,0.35,2.87,0.0,13.9,13.9,3.5,1477,0.12,""
6000051,hull_lancer,rotor,turret_missile,true,2803,75.3,616,12,6,2.9,2485.7,59.19,482,6.30,3.44,0.0,8.4,8.4,2.5,560,0.08,""
6000052,hull_lancer,rotor,turret_beam,false,4183,94.6,3004,3,6,2.4,19.1,12.15,1,0.35,3.22,0.0,3.8,4.9,1.9,2760,0.08,"overloaded: 4183 kg on running gear rated 1169 kg"
6000053,hull_lancer,rotor,none,true,10340,151.0,2417,55,21,4.5,0.0,0.00,0,0.00,3.43,0.0,16.2,16.2,3.7,2051,0.35,""
6000054,hull_lancer,rotor,turret_missile,true,22405,97.5,5035,62,9,8.9,1514.0,28.19,436,2.99,4.00,0.0,22.0,22.0,4.7,4833,0.25,""
6000055,hull_lancer,rotor,turret_gun,true,5552,118.6,1248,20,9,3.4,720.2,0.02,3,0.32,4.00,0.0,11.8,11.8,3.1,1113,0.12,""
6000056,hull_lancer,rotor,turret_beam,false,4974,107.9,3223,19,5,3.5,41.1,3.03,2,1.21,4.00,0.0,7.0,5.0,3.0,3033,0.08,"overloaded: 4974 kg on running gear rated 1628 kg"
6000057,hull_lancer,rotor,turret_beam,true,24693,59.9,5232,28,6,9.2,18.8,0.34,1,2.11,4.00,0.0,23.7,23.7,4.9,5182,0.35,""
6000058,hull_lancer,rotor,turret_gun,false,10105,115.7,7721,11,5,7.6,74.9,0.03,4,0.39,4.00,0.0,8.5,6.3,4.7,7209,0.08,"overloaded: 10105 kg on running gear rated 2416 kg"
6000059,hull_lancer,rotor,turret_gun,false,2228,68.2,981,18,5,2.4,18.5,0.00,1,0.30,3.88,0.0,4.2,5.9,2.5,960,0.08,"overloaded: 2228 kg on running gear rated 1461 kg"
6000060,hull_lancer,rotor,turret_missile,false,4988,130.5,4029,18,5,3.1,1175.1,22.89,307,0.76,4.00,0.0,7.0,4.1,3.6,3858,0.08,"overloaded: 4988 kg on running gear rated 1014 kg"
6000061,hull_lancer,rotor,turret_gun,true,2202,123.1,506,19,8,1.9,126.9,0.04,7,0.50,2.88,0.0,7.8,7.8,2.4,419,0.17,""
6000062,hull_lancer,rotor,turret_missile,false,34225,0.0,6811,10,5,13.6,1711.4,38.88,391,5.43,4.00,0.0,27.3,27.3,5.3,7339,0.08,"engine 1.6 x 1.1 x 1.2 m does not fit the 2.2 x 1.1 x 2.8 m bay"
6000063,hull_lancer,rotor,turret_gun,false,17394,84.4,3941,6,5,8.3,51.3,0.02,4,0.52,3.29,0.0,20.7,20.7,4.3,3507,0.08,"engine 1.3 x 0.9 x 1.0 m does not fit the 1.7 x 0.8 x 1.9 m bay"
6000064,hull_lancer,rotor,turret_missile,false,5856,129.3,5505,12,5,3.9,2653.8,58.85,450,3.21,3.52,0.0,6.1,4.5,3.0,4888,0.08,"overloaded: 5856 kg on running gear rated 1023 kg"
6000065,hull_lancer,rotor,turret_missile,false,3336,200.5,3225,13,6,2.8,1711.4,31.84,404,1.51,3.69,0.0,4.8,4.0,2.2,2677,0.08,"overloaded: 3336 kg on running gear rated 630 kg"
6000066,hull_lancer,rotor,turret_gun,false,7733,78.6,5766,18,5,4.9,43.7,0.01,2,0.30,3.79,0.0,8.6,4.9,4.4,5696,0.08,"overloaded: 7733 kg on running gear rated 1734 kg"
6000067,hull_lancer,rotor,turret_beam,false,27497,185.0,9805,8,6,11.3,675.5,80.30,15,0.58,4.00,0.0,15.8,17.8,4.3,8101,0.08,"engine 1.8 x 1.3 x 1.4 m does not fit the 2.1 x 1.2 x 2.4 m bay"
6000068,hull_lancer,rotor,turret_gun,false,7859,125.8,10358,7,5,3.7,479.3,0.89,43,1.22,2.99,0.0,5.9,3.7,2.6,9759,0.08,"overloaded: 7859 kg on running gear rated 620 kg"
6000069,hull_lancer,rotor,turret_beam,false,32854,0.0,7066,3,3,11.0,0.0,55.74,4,0.35,4.00,0.0,25.0,25.0,4.6,7548,0.08,"overloaded: 32854 kg on running gear rated 29886 kg"
6000070,hull_lancer,rotor,turret_missile,true,7403,75.9,1537,14,10,4.6,2421.5,50.57,439,2.19,3.79,0.0,13.6,13.6,3.5,1484,0.17,""
6000071,hull_lancer,rotor,turret_beam,false,18358,250.6,7473,13,5,8.5,30.0,0.08,0,2.43,4.00,0.0,16.2,18.2,4.4,4321,0.08,"engine 1.7 x 1.2 x 1.3 m does not fit the 2.2 x 1.1 x 2.9 m bay"
6000072,hull_lancer,rotor,turret_gun,false,6783,141.6,5874,19,6,4.6,40.2,0.02,3,0.42,4.00,0.0,7.2,4.8,2.3,5559,0.08,"overloaded: 6783 kg on running gear rated 1229 kg"
6000073,hull_lancer,rotor,turret_gun,false,3933,110.3,1926,16,6,2.8,112.1,0.02,4,0.36,4.00,0.0,7.3,5.4,2.1,1836,0.08,"overloaded: 3933 kg on running gear rated 2195 kg"
6000074,hull_lancer,rotor,turret_gun,false,20448,250.2,9019,14,5,8.8,78.4,0.04,6,0.55,3.92,0.0,16.4,18.5,4.1,5010,0.08,"engine 1.8 x 1.2 x 1.4 m does not fit the 2.0 x 0.9 x 2.6 m bay"
6000075,hull_lancer,rotor,turret_beam,true,5012,133.0,1161,30,5,3.1,21.2,0.03,0,0.87,3.41,0.0,11.6,11.6,3.0,972,0.17,""
6000076,hull_lancer,rotor,turret_gun,false,1675,92.4,1109,15,5,1.8,160.7,0.08,10,0.51,2.66,0.0,3.9,3.8,1.3,1073,0.08,"overloaded: 1675 kg on running gear rated 496 kg"
6000077,hull_lancer,rotor,turret_gun,false,4759,120.2,2966,11,5,3.5,392.1,0.73,37,1.21,4.00,0.0,6.9,5.2,2.0,2816,0.08,"overloaded: 4759 kg on running gear rated 1655 kg"
6000078,hull_lancer,rotor,turret_gun,true,6663,124.2,1531,35,8,4.1,72.6,0.02,3,0.32,3.61,0.0,12.9,12.9,3.4,1336,0.25,""
6000079,hull_lancer,rotor,turret_missile,true,4595,135.0,1065,33,12,3.1,534.5,9.71,270,4.42,2.68,0.0,11.2,11.2,3.1,877,0.17,""
6000080,hull_lancer,rotor,turret_missile,false,5652,98.4,2303,23,5,5.4,2692.1,50.25,532,1.10,3.45,0.0,9.2,8.0,3.7,2177,0.08,"overloaded: 5652 kg on running gear rated 4638 kg"
6000081,hull_lancer,rotor,turret_missile,false,1850,118.0,1697,10,5,1.6,1683.7,31.97,372,0.70,3.21,0.0,3.3,3.2,1.6,1628,0.08,"overloaded: 1850 kg on running gear rated 291 kg"
6000082,hull_lancer,rotor,turret_missile,false,3111,74.4,1665,18,5,2.9,657.2,13.36,704,3.49,3.44,0.0,5.1,5.3,2.6,1592,0.08,"overloaded: 3111 kg on running gear rated 1446 kg"
6000083,hull_lancer,rotor,turret_gun,false,17605,45.3,3599,8,6,9.3,21.7,0.01,1,0.30,3.97,0.0,20.7,20.7,4.3,3570,0.08,"engine 1.3 x 0.9 x 1.0 m does not fit the 1.9 x 0.9 x 2.4 m bay"
6000084,hull_lancer,rotor,turret_beam,false,21289,0.0,4368,19,5,9.4,0.0,7.80,3,0.87,3.96,0.0,22.4,22.4,4.6,4380,0.08,"cannot hover: rotors need 4380.5 kW, 4363.5 kW available"
6000085,hull_lancer,rotor,turret_beam,false,3488,106.4,2238,20,5,2.6,29.6,0.50,0,1.12,3.29,0.0,6.3,4.4,1.4,2163,0.08,"overloaded: 3488 kg on running gear rated 1103 kg"
6000086,hull_lancer,rotor,turret_gun,true,22002,85.4,4870,20,11,9.2,72.7,0.04,6,0.58,4.00,0.0,21.9,21.9,4.6,4715,0.25,""
6000087,hull_lancer,rotor,turret_gun,false,3179,65.3,1416,14,5,3.8,195.4,0.09,11,0.54,3.89,0.0,5.3,6.4,2.1,1384,0.08,"overloaded: 3179 kg on running gear rated 2040 kg"
6000088,hull_lancer,rotor,turret_beam,false,1921,101.0,1815,18,5,1.4,13.3,0.71,0,0.35,3.05,0.0,3.0,3.0,1.2,1780,0.08,"overloaded: 1921 kg on running gear rated 272 kg"
6000089,hull_lancer,rotor,turret_missile,true,5502,113.0,1210,15,5,4.3,825.2,16.65,307,5.15,2.97,0.0,12.3,12.3,3.1,1046,0.12,""
6000090,hull_lancer,rotor,turret_gun,false,5525,141.4,4896,8,5,4.6,127.1,0.20,16,1.04,3.31,0.0,6.9,4.3,2.5,4584,0.08,"overloaded: 5525 kg on running gear rated 977 kg"
6000091,hull_lancer,rotor,turret_gun,false,12476,107.9,12059,18,5,7.0,187.5,0.27,23,0.77,3.44,0.0,9.2,5.3,5.1,11594,0.08,"overloaded: 12476 kg on running gear rated 1758 kg"
6000092,hull_lancer,rotor,turret_gun,false,20875,231.0,8747,13,5,9.1,78.8,0.04,6,0.43,3.98,0.0,16.1,18.2,4.3,5253,0.08,"engine 1.7 x 1.2 x 1.3 m does not fit the 1.9 x 1.1 x 2.7 m bay"
6000093,hull_lancer,rotor,turret_gun,false,6085,90.6,4118,18,5,4.6,171.9,0.23,20,0.74,4.00,0.0,7.8,5.3,2.7,4030,0.08,"overloaded: 6085 kg on running gear rated 1689 kg"
6000094,hull_lancer,rotor,turret_missile,false,4445,99.4,3186,13,6,3.2,3043.3,68.72,427,0.93,2.94,0.0,6.1,4.9,2.4,2967,0.08,"overloaded: 4445 kg on running gear rated 1215 kg"
6000095,hull_lancer,rotor,turret_gun,true,15631,67.4,3252,12,5,8.7,213.1,0.25,21,0.78,3.97,0.0,19.5,19.5,4.2,3165,0.17,""
6000096,hull_lancer,rotor,none,true,8947,129.5,1958,88,15,4.2,0.0,0.00,0,0.00,3.46,0.0,15.4,15.4,3.6,1744,0.25,""
6000097,hull_lancer,rotor,turret_gun,false,6603,116.1,4389,15,5,5.5,44.0,0.01,2,0.31,3.59,0.0,8.5,5.4,3.9,4170,0.08,"overloaded: 6603 kg on running gear rated 2015 kg"
6000098,hull_lancer,rotor,turret_gun,false,16636,88.7,3588,16,5,8.9,448.9,0.78,40,1.17,3.98,0.0,19.8,19.8,4.2,3426,0.08,"engine 1.3 x 0.9 x 1.0 m does not fit the 2.0 x 0.9 x 2.6 m bay"
6000099,hull_lancer,rotor,turret_beam,false,24092,44.2,5491,12,5,9.5,7.8,3.06,1,0.82,3.22,0.0,23.1,23.1,4.7,5112,0.08,"engine 1.5 x 1.0 x 1.1 m does not fit the 2.0 x 1.0 x 2.7 m bay"
6000100,hull_lancer,rotor,turret_beam,false,10702,99.2,9030,12,5,6.1,55.9,16.36,30,2.19,4.00,0.0,9.0,5.5,4.2,8884,0.08,"overloaded: 10702 kg on running gear rated 1890 kg"
6000101,hull_lancer,rotor,turret_missile,true,11101,111.8,2381,31,13,5.5,2164.8,38.63,537,0.66,3.77,0.0,16.8,16.8,3.8,2197,0.17,""
6000102,hull_lancer,rotor,turret_gun,false,6605,132.8,5693,20,5,4.6,2475.0,0.11,13,0.67,3.72,0.0,6.6,4.9,3.2,5430,0.08,"overloaded: 6605 kg on running gear rated 1189 kg"
6000103,hull_lancer,rotor,turret_beam,false,31243,143.6,36175,4,4,9.0,251.5,116.81,95,1.34,3.88,0.0,8.4,6.8,3.5,35532,0.08,"overloaded: 31243 kg on running gear rated 2940 kg"
6000104,hull_lancer,rotor,turret_beam,false,29287,0.0,7064,27,5,12.3,0.0,12.06,5,0.95,3.87,0.0,23.6,23.6,5.0,6725,0.08,"overloaded: 29287 kg on running gear rated 26666 kg"
6000105,hull_lancer,rotor,turret_missile,true,26184,68.7,5758,37,13,10.4,1555.8,32.98,359,2.75,4.00,0.0,23.6,23.6,4.9,5670,0.17,""
6000106,hull_lancer,rotor,turret_missile,false,4441,99.2,2982,7,5,4.1,8055.8,221.39,663,3.84,3.97,0.0,6.8,4.8,2.4,2881,0.08,"overloaded: 4441 kg on running gear rated 1285 kg"
7000007,hull_bastion,track,turret_gun,true,26716,62.5,364,116,38,5.8,1095.9,0.04,6,0.54,2.34,74.3,5.7,3.8,2.5,0,1.00,""
7000008,hull_bastion,track,turret_gun,true,264897,64.5,3734,149,109,35.0,196.0,0.20,18,0.82,3.80,57.3,15.0,9.8,13.2,0,1.00,""
7000009,hull_bastion,track,turret_missile,true,224146,70.0,5863,108,75,21.0,24229.8,765.05,969,2.18,3.02,124.0,11.4,7.1,6.5,0,1.00,""
7000010,hull_bastion,track,turret_gun,true,39871,70.0,1123,169,46,8.5,16.4,0.00,1,0.30,2.44,58.9,4.0,5.0,3.0,0,1.00,""
7000011,hull_bastion,track,turret_gun,true,79663,70.0,1474,94,37,12.0,382.7,0.25,17,3.20,2.72,107.6,9.8,5.1,4.5,0,1.00,""
7000012,hull_bastion,track,turret_gun,true,78378,70.0,2939,122,31,12.4,106.8,0.19,14,1.21,2.75,121.5,9.3,4.9,4.7,0,1.00,""
7000013,hull_bastion,track,turret_gun,true,119440,70.0,2275,147,43,14.5,210.2,0.35,23,1.11,2.82,60.7,10.5,6.8,5.1,0,1.00,""
7000014,hull_bastion,track,turret_gun,true,67752,65.2,1043,181,13,19.7,158.3,0.01,2,0.30,3.17,74.5,10.8,5.6,7.5,0,1.00,""
7000015,hull_bastion,track,turret_missile,true,92451,70.0,2095,88,90,10.5,2897.1,56.55,664,1.39,2.52,73.6,7.1,5.5,3.3,0,1.00,""
7000016,hull_bastion,track,turret_gun,true,247523,70.0,8755,85,74,21.9,19.4,0.01,1,0.30,3.04,84.9,12.8,7.7,6.6,0,1.00,""
7000017,hull_bastion,track,turret_gun,true,10093,70.0,323,92,19,5.3,42.7,0.01,1,0.30,2.35,67.3,4.0,3.3,2.5,0,1.00,""
7000018,hull_bastion,track,turret_beam,true,56417,41.1,484,137,71,6.9,192.3,8.01,4,1.04,2.42,111.3,5.6,4.1,2.8,0,1.00,""
7000019,hull_bastion,track,turret_beam,true,23486,70.0,543,73,19,5.8,69.8,0.16,0,0.43,2.45,87.1,7.2,3.6,3.0,0,1.00,""
7000020,hull_bastion,track,turret_gun,true,203875,55.3,2363,102,94,19.0,365.4,0.58,34,1.06,2.75,124.7,14.0,6.5,4.7,0,1.00,""
7000021,hull_bastion,track,turret_missile,true,72204,70.0,2207,32,39,19.5,23474.6,654.05,964,3.89,3.16,59.4,11.7,6.5,7.5,0,1.00,""
7000022,hull_bastion,track,turret_gun,true,122885,50.5,1349,89,67,15.5,101.3,0.06,8,0.59,2.94,108.5,8.7,5.5,5.9,0,1.00,""
7000023,hull_bastion,track,turret_gun,true,29630,70.0,506,162,35,6.5,1705.8,0.09,11,0.68,2.43,112.8,4.9,3.7,2.9,0,1.00,""
7000024,hull_bastion,track,turret_gun,true,75906,70.0,2429,102,51,10.4,59.3,0.02,3,0.32,2.57,112.6,8.4,4.8,3.6,0,1.00,""
7000025,hull_bastion,track,turret_beam,true,32275,70.0,1169,70,19,8.0,141.5,0.28,0,0.40,2.44,86.7,6.6,4.4,3.0,0,1.00,""
7000026,hull_bastion,track,turret_gun,true,68159,70.0,1525,88,49,9.9,190.1,0.28,23,0.79,2.56,57.0,7.9,5.0,3.6,0,1.00,""
7000027,hull_bastion,track,turret_beam,true,36555,65.5,514,91,77,4.8,203.7,0.64,0,0.42,2.48,96.5,4.8,3.6,3.1,0,1.00,""
7000028,hull_bastion,track,turret_missile,true,272470,47.7,2756,64,56,30.6,2142.5,147.38,580,3.98,3.38,64.2,13.2,9.2,9.3,0,1.00,""
7000029,hull_bastion,track,turret_gun,true,65414,70.0,2516,147,48,12.2,75.0,0.05,7,0.59,2.71,61.7,8.1,5.3,4.4,0,1.00,""
7000030,hull_bastion,track,turret_gun,true,72929,70.0,1477,59,51,10.3,199.5,0.29,22,0.91,2.53,56.2,7.8,5.3,3.4,0,1.00,""
7000031,hull_bastion,track,turret_gun,true,82526,70.0,1963,41,35,11.3,13.8,0.00,1,0.30,2.50,97.5,10.2,5.0,3.2,0,1.00,""
7000032,hull_bastion,track,turret_gun,true,158433,57.6,1923,168,83,17.2,154.9,0.26,19,1.07,3.00,123.6,9.0,6.4,6.3,0,1.00,""
7000033,hull_bastion,track,turret_gun,true,118667,67.5,1701,105,75,11.6,1872.8,30.28,727,2.93,2.60,115.6,9.7,5.2,3.8,0,1.00,""
7000034,hull_bastion,track,turret_beam,true,62149,70.0,1156,111,69,7.2,461.5,1.83,1,0.88,2.33,54.6,6.3,5.1,2.4,0,1.00,""
7000035,hull_bastion,track,turret_gun,true,287653,70.0,4347,86,72,25.8,22437.4,702.53,924,2.44,2.84,119.5,13.6,7.7,5.2,0,1.00,""
7000036,hull_bastion,track,turret_gun,true,33240,70.0,731,175,34,7.9,330.5,0.46,30,0.95,2.52,98.2,4.8,3.9,3.4,0,1.00,""
7000037,hull_bastion,track,turret_gun,true,64006,57.1,828,123,40,18.4,577.3,1.12,49,1.25,3.10,93.0,10.7,6.0,7.0,0,1.00,""
7000038,hull_bastion,track,turret_missile,true,227403,70.0,5730,83,72,20.1,1959.0,37.74,377,3.80,2.75,127.7,12.3,7.2,4.6,0,1.00,""
7000039,hull_bastion,track,turret_missile,true,47473,39.8,1347,165,28,13.1,6171.4,137.75,643,1.04,2.99,74.5,9.8,4.9,6.2,0,1.00,""
7000040,hull_bastion,track,turret_gun,true,124309,70.0,4134,168,53,15.4,244.7,0.39,27,1.00,2.59,56.2,9.0,6.9,3.7,0,1.00,""
7000041,hull_bastion,track,turret_gun,true,371635,46.1,3989,131,60,42.5,110.2,0.03,3,0.30,3.69,69.5,14.2,10.8,12.2,0,1.00,""
7000042,hull_bastion,track,turret_missile,true,136772,70.0,2866,93,56,15.5,1514.9,19.01,498,5.35,2.78,79.0,11.4,6.5,4.8,0,1.00,""
7000043,hull_bastion,track,turret_missile,true,134591,70.0,3041,88,106,14.0,8800.5,233.72,805,4.87,2.69,87.6,9.0,5.8,4.3,0,1.00,""
7000044,hull_bastion,track,turret_gun,true,46651,57.2,582,137,32,10.0,468.8,0.03,5,0.63,2.53,58.5,6.5,5.1,3.4,0,1.00,""
7000045,hull_bastion,track,turret_gun,true,37841,70.0,1021,93,70,5.3,72.0,0.03,5,0.43,2.31,111.0,4.3,3.8,2.4,0,1.00,""
7000046,hull_bastion,track,turret_beam,true,147830,57.9,2167,30,27,27.5,131.4,0.10,4,10.60,3.69,95.2,15.1,6.8,12.2,0,1.00,""
7000047,hull_bastion,track,turret_gun,true,93921,70.0,2600,17,14,28.2,864.5,14.01,499,3.62,3.83,99.1,14.3,7.1,13.6,0,1.00,""
7000048,hull_bastion,track,turret_beam,true,235721,70.0,4973,104,58,25.7,1979.1,21.09,53,2.68,3.33,70.9,12.0,8.5,8.8,0,1.00,""
7000049,hull_bastion,track,turret_missile,true,276461,70.0,5167,67,59,27.5,2064.6,44.84,454,11.13,3.55,60.6,13.6,9.6,10.8,0,1.00,""
7000050,hull_bastion,track,turret_missile,true,158209,70.0,4230,59,51,17.1,4727.1,85.16,579,8.42,3.14,108.5,11.7,6.5,7.3,0,1.00,""
7000051,hull_bastion,track,turret_gun,true,344109,70.0,5157,87,76,27.1,432.3,0.80,32,1.22,2.87,87.7,14.5,8.7,5.4,0,1.00,""
7000052,hull_bastion,track,turret_gun,true,301556,70.0,6709,85,104,29.8,16593.3,432.54,1018,1.19,3.41,64.0,12.5,9.8,9.6,0,1.00,""
7000053,hull_bastion,track,turret_missile,true,118802,70.0,3358,172,28,20.5,1118.6,20.74,342,3.49,3.33,111.5,13.7,6.4,8.9,0,1.00,""
7000054,hull_bastion,track,turret_gun,true,23664,40.4,213,126,27,7.2,75.7,0.02,3,0.34,2.47,89.1,4.6,3.6,3.1,0,1.00,""
7000055,hull_bastion,track,turret_beam,true,77214,70.0,1425,105,61,12.1,566.9,21.33,7,0.81,2.74,76.0,6.2,5.6,4.6,0,1.00,""
7000056,hull_bastion,track,turret_missile,true,52992,60.2,740,54,13,17.3,4233.8,81.69,539,1.29,3.04,81.0,10.7,5.9,6.6,0,1.00,""
7000057,hull_bastion,track,turret_gun,true,117175,70.0,2033,69,52,16.9,54.9,0.02,3,0.33,2.96,73.9,9.4,6.1,6.0,0,1.00,""
7000058,hull_bastion,track,turret_gun,true,101972,70.0,1895,78,67,11.0,58.2,0.02,3,0.33,2.61,74.2,8.4,5.3,3.8,0,1.00,""
7000059,hull_bastion,track,turret_beam,true,105658,63.4,1608,41,62,30.5,341.3,0.66,30,11.19,4.02,126.2,14.9,6.9,15.6,0,1.00,""
7000060,hull_bastion,track,turret_missile,true,39993,50.8,501,21,24,10.8,3957.2,85.36,658,2.84,2.79,110.8,9.6,4.5,4.9,0,1.00,""
7000061,hull_bastion,track,turret_gun,true,91475,64.8,1262,198,74,9.7,26.3,0.01,2,0.43,2.45,68.8,7.0,5.6,3.0,0,1.00,""
7000062,hull_bastion,track,turret_beam,true,43407,61.6,572,80,85,5.9,208.5,0.38,0,0.46,2.59,97.2,5.5,3.7,3.7,0,1.00,""
7000063,hull_bastion,track,turret_gun,true,273995,62.3,3838,96,91,26.0,1273.2,0.07,8,0.71,3.43,93.6,13.9,7.9,9.7,0,1.00,""
7000064,hull_bastion,track,turret_gun,true,41476,70.0,690,40,19,15.3,684.0,0.04,6,0.67,2.99,107.8,10.2,5.2,6.2,0,1.00,""
7000065,hull_bastion,track,turret_gun,true,152387,70.0,4069,156,108,15.1,1326.6,20.19,314,1.92,2.68,60.2,9.4,7.2,4.3,0,1.00,""
7000066,hull_bastion,track,turret_gun,true,24912,39.1,208,67,14,7.8,30.2,0.01,1,0.30,2.52,79.7,8.3,4.1,3.3,0,1.00,""
7000067,hull_bastion,track,turret_gun,true,229348,70.0,5363,117,49,30.6,81.8,0.04,6,0.46,3.85,111.3,14.1,7.9,13.8,0,1.00,""
7000068,hull_bastion,track,turret_gun,true,26344,53.7,313,36,31,7.0,115.2,0.06,8,0.46,2.48,77.1,5.4,3.9,3.1,0,1.00,""
7000069,hull_bastion,track,turret_gun,true,491537,70.0,17307,172,55,50.7,6909.8,438.05,7135,13.57,4.03,81.9,18.2,11.0,15.8,0,1.00,""
7000070,hull_bastion,track,turret_beam,true,296095,39.7,2469,105,52,33.9,7134.9,334.28,915,4.70,3.74,105.8,14.2,8.2,12.6,0,1.00,""
7000071,hull_bastion,track,turret_missile,true,106503,44.5,990,127,58,13.5,3208.9,66.36,799,8.97,2.62,78.1,8.0,6.1,3.9,0,1.00,""
7000072,hull_bastion,track,turret_gun,true,304530,55.0,3653,112,98,41.7,232.9,0.14,14,0.62,4.18,69.5,15.9,9.4,17.5,0,1.00,""
7000073,hull_bastion,track,turret_gun,true,306012,40.4,2603,67,96,35.6,13516.8,385.32,862,3.73,3.49,70.4,13.4,10.1,10.3,0,1.00,""
7000074,hull_bastion,track,turret_gun,true,149895,70.0,3307,49,22,26.5,22.0,0.00,1,0.30,3.58,68.4,15.0,7.3,11.1,0,1.00,""
7000075,hull_bastion,track,turret_missile,true,326940,50.3,3449,76,109,30.3,1358.1,28.22,430,6.97,3.36,75.9,14.2,9.5,9.1,0,1.00,""
7000076,hull_bastion,track,turret_missile,true,153012,70.0,3285,92,74,15.3,3857.7,86.67,706,6.36,3.02,100.7,9.8,6.5,6.5,0,1.00,""
7000077,hull_bastion,track,turret_missile,true,82728,70.0,3223,42,59,13.2,3415.5,77.09,879,2.49,2.67,83.5,9.4,5.6,4.2,0,1.00,""
7000078,hull_bastion,track,turret_beam,true,349885,70.0,8858,165,77,27.7,194.3,0.71,5,5.72,3.46,69.1,13.4,10.6,10.0,0,1.00,""
7000079,hull_bastion,track,turret_missile,true,324336,70.0,8554,114,93,30.2,856.9,13.55,423,7.55,3.44,65.6,13.1,10.1,9.8,0,1.00,""
7000080,hull_bastion,track,turret_gun,true,93510,44.2,1120,165,36,25.3,18726.0,539.80,955,2.37,3.38,96.6,13.1,6.1,9.3,0,1.00,""
7000081,hull_bastion,track,turret_gun,true,69901,70.0,1549,172,38,12.8,110.0,0.08,10,0.66,2.59,53.2,6.8,5.7,3.7,0,1.00,""
7000082,hull_bastion,track,turret_gun,true,100589,70.0,2403,101,77,10.2,142.1,0.23,18,1.09,2.54,89.1,9.1,5.2,3.5,0,1.00,""
7000083,hull_bastion,track,turret_beam,true,28266,70.0,1059,173,52,5.2,74.3,0.14,0,0.35,2.46,62.7,4.0,3.8,3.0,0,1.00,""
7000084,hull_bastion,track,turret_gun,true,245321,45.8,2366,74,65,24.5,18.1,0.01,1,0.34,3.48,90.9,12.9,7.9,10.2,0,1.00,""
7000085,hull_bastion,track,turret_gun,true,176919,70.0,5426,64,40,25.4,299.5,0.18,17,0.68,3.54,70.8,14.5,7.8,10.7,0,1.00,""
7000086,hull_bastion,track,turret_gun,true,219198,62.0,2876,86,78,21.1,51.6,0.01,1,0.33,2.97,85.8,10.9,7.4,6.1,0,1.00,""
7000087,hull_bastion,track,turret_missile,true,11798,54.9,150,30,39,4.8,3068.1,76.87,503,6.21,2.49,78.6,4.0,2.9,3.2,0,1.00,""
7000088,hull_bastion,track,turret_missile,true,24202,54.6,319,147,31,7.0,1889.4,35.71,433,1.77,2.62,111.6,5.8,3.5,3.9,0,1.00,""
7000089,hull_bastion,track,turret_gun,true,32309,51.5,364,187,32,7.3,141.8,0.26,19,1.10,2.48,80.6,5.8,3.8,3.2,0,1.00,""
7000090,hull_bastion,track,turret_gun,true,66082,70.0,1919,197,50,11.5,375.4,0.55,34,0.99,2.61,57.7,6.2,5.3,3.8,0,1.00,""
7000091,hull_bastion,track,turret_gun,true,164498,41.5,1461,163,37,26.5,1546.7,21.86,360,1.41,3.29,68.4,12.4,8.3,8.6,0,1.00,""
7000092,hull_bastion,track,turret_gun,true,74018,70.0,1169,37,41,14.2,266.7,0.17,16,0.72,2.71,72.3,9.6,5.5,4.4,0,1.00,""
7000093,hull_bastion,track,turret_beam,true,41058,70.0,812,86,95,6.6,179.9,0.57,0,0.72,2.63,96.9,4.6,3.9,3.9,0,1.00,""
7000094,hull_bastion,track,turret_missile,true,88883,70.0,1831,40,28,22.8,1732.6,29.90,484,4.92,3.54,89.2,15.1,6.9,10.7,0,1.00,""
7000095,hull_bastion,track,turret_missile,true,43279,62.0,591,55,43,10.0,1121.2,22.40,307,1.36,2.72,91.7,7.7,4.2,4.5,0,1.00,""
7000096,hull_bastion,track,turret_gun,true,204548,44.7,1918,101,76,21.7,284.5,0.42,28,0.98,2.87,61.7,10.4,8.0,5.4,0,1.00,""
7000097,hull_bastion,track,turret_gun,true,238844,70.0,4808,177,73,26.6,1541.0,0.08,9,0.49,3.36,80.8,14.5,8.4,9.1,0,1.00,""
7000098,hull_bastion,track,turret_missile,true,238291,70.0,4721,154,75,24.3,1182.7,20.06,423,2.42,2.76,76.6,13.0,8.3,4.7,0,1.00,""
7000099,hull_bastion,track,turret_missile,true,46029,70.0,1201,130,40,9.1,24771.8,754.63,991,1.53,2.64,126.9,6.5,3.7,4.0,0,1.00,""
7000100,hull_bastion,track,turret_missile,true,49931,58.1,637,115,27,11.6,10651.1,280.08,701,1.17,2.83,130.4,9.8,4.5,5.2,0,1.00,""
7000101,hull_bastion,track,turret_gun,true,350690,70.0,6592,69,114,32.1,1251.1,21.70,346,2.96,2.85,73.0,14.8,10.5,5.3,0,1.00,""
7000102,hull_bastion,track,turret_gun,true,197563,70.0,6843,61,98,24.3,452.4,0.01,1,0.30,3.36,93.7,11.9,7.8,9.1,0,1.00,""
7000103,hull_bastion,track,turret_gun,true,254641,49.6,2647,103,77,22.4,802.8,0.11,11,0.65,3.06,110.0,12.3,7.5,6.7,0,1.00,""
7000104,hull_bastion,track,turret_gun,true,116853,70.0,2071,58,56,15.8,333.0,0.15,15,0.64,2.89,59.6,10.9,6.9,5.5,0,1.00,""
7000105,hull_bastion,track,turret_missile,true,375445,70.0,6321,71,62,36.9,6014.3,610.79,1672,4.62,3.10,93.4,13.6,9.3,7.1,0,1.00,""
7000106,hull_bastion,track,turret_gun,true,107489,43.7,976,121,81,11.0,3088.7,0.12,13,0.59,2.49,66.5,7.6,5.9,3.2,0,1.00,""
8000007,hull_bastion,wheel,turret_missile,true,43099,131.0,1077,26,18,16.3,6595.3,155.55,644,1.75,2.88,48.9,8.6,7.6,5.5,0,0.25,""
8000008,hull_bastion,wheel,turret_missile,true,346200,82.4,7135,83,78,41.7,1198.7,22.71,430,4.78,4.02,208.3,15.4,10.5,15.6,0,1.00,""
8000009,hull_bastion,wheel,turret_gun,true,62895,72.5,730,33,23,15.7,452.3,0.73,38,1.12,2.91,72.1,10.8,7.2,5.7,0,0.50,""
8000010,hull_bastion,wheel,turret_missile,true,102957,82.6,850,52,45,19.6,16947.9,460.03,909,4.52,3.06,95.7,10.0,8.4,6.8,0,0.70,""
8000011,hull_bastion,wheel,turret_gun,false,102899,105.2,2148,8,9,40.1,4833.2,101.26,560,1.38,4.33,65.8,14.5,10.4,19.4,0,0.08,"overloaded: 102899 kg on running gear rated 99055 kg"
8000012,hull_bastion,wheel,turret_gun,true,30021,101.1,525,29,14,12.0,363.8,0.57,34,1.01,2.69,57.7,7.2,6.1,4.4,0,1.00,""
8000013,hull_bastion,wheel,turret_missile,true,181937,107.8,2442,56,41,31.5,9838.2,251.61,669,7.60,3.77,262.7,13.9,8.1,13.0,0,1.00,""
8000014,hull_bastion,wheel,turret_gun,true,30279,76.7,275,164,25,9.4,31.6,0.01,3,0.50,2.52,74.5,5.4,5.7,3.4,0,1.00,""
8000015,hull_bastion,wheel,turret_gun,true,194068,70.0,1623,187,32,38.2,196.5,0.06,8,0.49,3.65,151.1,12.9,10.0,11.9,0,1.00,""
8000016,hull_bastion,wheel,turret_missile,true,89985,83.4,780,56,21,21.6,666.5,9.31,376,3.83,3.26,85.8,13.8,8.4,8.3,0,1.00,""
8000017,hull_bastion,wheel,turret_gun,true,23129,122.3,485,28,24,6.3,425.9,0.01,1,0.30,2.36,62.5,6.6,5.1,2.6,0,0.35,""
8000018,hull_bastion,wheel,turret_missile,true,217571,111.3,4938,77,67,26.2,27681.1,844.93,1006,0.98,3.18,156.6,12.9,8.7,7.7,0,1.00,""
8000019,hull_bastion,wheel,turret_gun,true,25692,135.2,592,119,15,9.7,38.7,0.01,2,0.31,2.69,141.0,6.9,4.6,4.3,0,1.00,""
8000020,hull_bastion,wheel,turret_beam,true,11796,135.6,412,10,8,6.0,161.7,39.81,3,0.35,2.54,86.1,4.0,3.6,3.5,0,0.12,""
8000021,hull_bastion,wheel,turret_missile,true,141586,90.7,2939,156,26,28.2,542.8,9.01,302,3.79,2.72,95.4,13.8,9.5,4.4,0,1.00,""
8000022,hull_bastion,wheel,turret_beam,true,124299,113.7,4284,40,29,28.1,119.5,0.25,2,6.82,2.81,94.1,12.3,9.5,5.1,0,0.50,""
8000023,hull_bastion,wheel,turret_gun,true,76256,136.8,2146,53,45,11.6,33.5,0.01,1,0.30,2.90,343.2,8.7,5.3,5.6,0,1.00,""
8000024,hull_bastion,wheel,turret_gun,true,147339,118.5,5423,77,41,24.7,428.5,6.52,257,3.77,3.13,99.6,13.8,8.9,7.2,0,0.70,""
8000025,hull_bastion,wheel,turret_gun,true,55186,133.8,1240,111,70,12.0,51.3,0.08,9,0.88,2.59,101.2,5.2,6.5,3.8,0,1.00,""
8000026,hull_bastion,wheel,turret_gun,true,233068,127.1,8065,69,48,29.2,257.6,0.44,25,1.22,2.83,141.9,15.3,10.1,5.1,0,1.00,""
8000027,hull_bastion,wheel,turret_missile,false,75162,77.5,640,11,39,27.5,812.3,14.06,580,2.39,2.80,70.9,9.9,8.6,5.1,0,0.08,"overloaded: 75162 kg on running gear rated 61300 kg"
8000028,hull_bastion,wheel,turret_gun,true,27537,140.0,745,71,13,10.9,159.1,0.33,20,1.30,2.63,144.1,6.8,4.9,3.9,0,1.00,""
8000029,hull_bastion,wheel,turret_gun,true,157078,130.2,2052,141,66,17.7,217.9,0.31,21,1.12,3.13,221.6,10.6,7.4,7.3,0,1.00,""
8000030,hull_bastion,wheel,turret_gun,true,48967,119.1,1374,147,40,11.4,16.9,0.00,0,0.30,2.57,144.2,6.6,6.0,3.7,0,1.00,""
8000031,hull_bastion,wheel,turret_missile,true,71435,140.0,1456,65,48,10.6,3816.1,86.09,649,4.65,2.68,199.2,8.4,5.7,4.2,0,1.00,""
8000032,hull_bastion,wheel,turret_gun,true,89602,104.4,3438,8,8,32.9,646.7,0.40,27,0.98,3.43,56.5,14.8,9.5,9.8,0,0.08,""
8000033,hull_bastion,wheel,turret_gun,true,105372,114.3,3803,31,25,22.2,370.7,0.48,26,0.89,2.76,148.5,12.1,7.9,4.8,0,1.00,""
8000034,hull_bastion,wheel,turret_gun,true,110153,130.5,1586,52,24,22.8,3218.0,25.61,358,7.20,2.89,280.2,14.7,7.0,5.6,0,1.00,""
8000035,hull_bastion,wheel,turret_beam,true,39790,132.8,839,131,26,10.7,36.0,0.11,0,2.46,2.87,461.4,7.5,5.0,5.4,0,1.00,""
8000036,hull_bastion,wheel,turret_gun,true,135406,102.9,2547,130,36,26.2,4261.5,88.10,766,1.39,3.42,232.9,13.8,8.4,9.7,0,1.00,""
8000037,hull_bastion,wheel,turret_beam,true,91433,124.1,2176,177,29,19.4,1032.1,73.35,195,2.79,2.75,96.1,9.5,7.8,4.7,0,1.00,""
8000038,hull_bastion,wheel,turret_gun,true,224155,129.4,7485,136,56,26.9,312.7,0.51,30,1.09,3.49,146.6,14.2,9.2,10.3,0,1.00,""
8000039,hull_bastion,wheel,turret_gun,true,27840,104.4,361,57,49,4.6,697.4,0.02,3,0.33,2.44,274.3,5.4,3.6,3.0,0,1.00,""
8000040,hull_bastion,wheel,turret_gun,true,124349,133.7,4917,121,37,20.2,246.4,0.09,10,0.68,3.03,113.3,10.5,8.5,6.6,0,1.00,""
8000041,hull_bastion,wheel,turret_gun,true,95409,112.3,1844,114,47,18.3,44.5,0.01,2,0.39,2.65,93.5,9.5,7.9,4.1,0,1.00,""
8000042,hull_bastion,wheel,turret_beam,true,74101,119.0,891,116,27,14.7,351.3,75.62,144,2.24,2.78,201.7,10.4,5.3,4.8,0,1.00,""
8000043,hull_bastion,wheel,turret_missile,true,102423,138.6,1755,57,50,16.3,1237.6,25.74,317,1.53,3.13,137.4,9.9,7.7,7.3,0,1.00,""
8000044,hull_bastion,wheel,turret_gun,true,34167,140.0,1065,110,22,8.3,3694.2,89.29,487,3.85,2.63,201.0,8.5,4.4,4.0,0,1.00,""
8000045,hull_bastion,wheel,turret_missile,true,26323,140.0,821,164,35,4.7,558.3,12.18,254,5.88,2.42,349.7,6.1,3.7,2.8,0,1.00,""
8000046,hull_bastion,wheel,turret_gun,true,141002,126.0,3011,74,33,26.7,147.3,0.05,5,0.39,3.17,97.0,13.5,8.9,7.6,0,1.00,""
8000047,hull_bastion,wheel,turret_missile,true,26862,112.8,599,20,13,12.6,13592.8,400.44,759,2.61,2.90,56.1,7.5,5.9,5.6,0,0.17,""
8000048,hull_bastion,wheel,turret_beam,true,50509,103.8,791,24,19,17.3,29.7,0.04,0,1.70,2.97,51.8,9.1,8.1,6.1,0,0.25,""
8000049,hull_bastion,wheel,turret_missile,true,287496,115.8,8919,88,77,27.0,4497.8,105.53,563,3.72,3.62,341.3,14.6,7.6,11.6,0,1.00,""
8000050,hull_bastion,wheel,turret_gun,true,40056,108.0,524,183,29,8.5,17.1,0.00,1,0.30,2.57,146.8,7.6,4.7,3.6,0,1.00,""
8000051,hull_bastion,wheel,turret_beam,true,93972,127.0,3023,164,41,14.4,64.3,0.21,0,1.75,2.79,138.6,8.7,7.2,4.9,0,1.00,""
8000052,hull_bastion,wheel,turret_missile,true,311558,101.8,10467,116,51,36.7,1369.7,28.65,371,4.73,4.08,187.5,15.4,10.5,16.4,0,0.70,""
8000053,hull_bastion,wheel,turret_missile,true,142127,121.4,4125,75,66,16.3,3677.0,92.40,702,9.57,2.77,219.2,11.0,6.8,4.7,0,1.00,""
8000054,hull_bastion,wheel,turret_gun,true,20693,68.0,1143,122,12,7.7,29.1,0.01,3,0.48,2.59,62.9,6.2,4.5,3.7,0,1.00,""
8000055,hull_bastion,wheel,turret_beam,true,72178,104.9,1167,25,10,28.5,456.3,93.81,238,2.70,3.10,61.2,11.0,8.9,7.0,0,0.25,""
8000056,hull_bastion,wheel,turret_gun,true,53968,139.1,1604,34,30,13.6,2658.4,0.13,14,0.64,2.71,78.3,8.3,6.7,4.4,0,1.00,""
8000057,hull_bastion,wheel,turret_gun,true,92294,87.0,1158,35,35,25.5,74.6,0.12,11,0.96,2.67,88.7,9.7,8.4,4.3,0,0.35,""
8000058,hull_bastion,wheel,turret_beam,true,48180,140.0,1521,68,51,7.2,83.5,0.19,0,0.50,2.26,117.7,6.5,5.5,2.1,0,1.00,""
8000059,hull_bastion,wheel,turret_gun,false,112292,89.2,3553,12,10,35.8,2534.7,1.01,44,1.19,3.24,74.1,14.1,10.0,8.1,0,0.08,"overloaded: 112292 kg on running gear rated 84182 kg"
8000060,hull_bastion,wheel,turret_missile,true,69906,116.6,958,102,16,20.8,2393.0,42.62,474,0.63,2.77,205.1,12.0,7.1,4.8,0,1.00,""
8000061,hull_bastion,wheel,turret_missile,true,131429,107.9,1210,126,25,26.0,20306.5,554.56,1012,3.45,3.64,454.8,14.1,7.1,11.7,0,1.00,""
8000062,hull_bastion,wheel,turret_missile,true,64519,119.7,1826,36,32,17.3,3994.7,89.08,748,3.74,2.62,74.7,8.0,7.6,3.9,0,0.50,""
8000063,hull_bastion,wheel,turret_gun,true,67234,140.0,2373,73,64,11.2,261.4,0.53,28,1.34,2.79,131.5,6.5,6.1,4.9,0,1.00,""
8000064,hull_bastion,wheel,turret_gun,true,125775,100.1,2091,11,13,36.4,404.1,0.01,2,0.33,4.18,73.6,15.9,10.0,17.6,0,0.25,""
8000065,hull_bastion,wheel,turret_beam,true,60761,140.0,1774,172,58,8.5,700.7,41.29,13,0.77,2.55,181.7,6.2,5.1,3.5,0,1.00,""
8000066,hull_bastion,wheel,turret_beam,true,118341,113.6,3886,83,7,37.6,287.3,0.50,26,8.51,4.33,71.5,15.4,10.1,19.3,0,0.50,""
8000067,hull_bastion,wheel,turret_gun,true,127995,113.4,3788,55,29,28.5,342.9,0.16,16,0.64,3.17,96.2,12.4,9.3,7.7,0,1.00,""
8000068,hull_bastion,wheel,turret_missile,true,24461,140.0,525,173,21,7.2,1498.7,27.85,401,2.49,2.52,308.1,5.5,4.2,3.3,0,1.00,""
8000069,hull_bastion,wheel,turret_gun,true,55393,76.1,575,104,53,9.7,62.8,0.09,10,0.90,2.60,83.1,7.4,6.3,3.8,0,0.70,""
8000070,hull_bastion,wheel,turret_missile,true,81501,119.1,1372,121,27,18.8,1408.7,25.32,297,6.58,2.94,69.8,10.8,8.7,5.8,0,0.70,""
8000071,hull_bastion,wheel,turret_gun,true,59826,127.5,1263,24,21,17.3,367.0,0.67,35,1.17,2.90,53.4,10.6,8.3,5.7,0,0.50,""
8000072,hull_bastion,wheel,turret_gun,true,167189,70.0,4166,79,35,38.8,296.6,0.13,14,0.61,3.38,130.2,12.5,10.1,9.4,0,0.50,""
8000073,hull_bastion,wheel,turret_gun,true,21826,139.8,617,58,22,8.4,248.4,0.35,25,0.96,2.54,109.3,5.4,4.8,3.5,0,1.00,""
8000074,hull_bastion,wheel,turret_beam,true,114182,95.6,3283,32,29,28.2,1283.4,16.36,36,3.32,3.31,82.9,12.8,8.9,8.6,0,0.25,""
8000075,hull_bastion,wheel,turret_gun,true,43838,99.7,437,182,43,10.3,237.0,0.48,26,1.35,2.50,134.1,6.0,5.4,3.3,0,1.00,""
8000076,hull_bastion,wheel,turret_gun,true,46278,137.8,1574,38,33,10.6,37.8,0.01,2,0.30,2.64,71.1,7.4,6.8,4.0,0,1.00,""
8000077,hull_bastion,wheel,turret_beam,true,25798,115.1,586,19,14,12.3,232.7,14.52,6,0.87,2.65,49.8,7.2,6.4,4.1,0,0.17,""
8000078,hull_bastion,wheel,turret_beam,true,30047,140.0,1086,77,14,12.6,423.9,86.34,49,1.09,2.69,79.4,5.0,5.9,4.3,0,0.50,""
8000079,hull_bastion,wheel,turret_gun,true,42376,127.0,1560,139,47,9.9,233.7,0.09,11,0.55,2.27,60.0,6.6,6.4,2.2,0,1.00,""
8000080,hull_bastion,wheel,turret_gun,true,57668,117.2,1509,156,23,16.4,13.7,0.00,1,0.31,2.42,62.9,8.5,8.1,2.9,0,1.00,""
8000081,hull_bastion,wheel,turret_gun,true,24318,134.3,522,39,28,7.1,43.5,0.01,1,0.30,2.59,126.8,6.0,4.4,3.7,0,1.00,""
8000082,hull_bastion,wheel,turret_missile,true,179358,133.4,4048,81,71,14.6,1222.1,15.36,300,1.31,2.96,514.9,12.4,6.2,6.0,0,1.00,""
8000083,hull_bastion,wheel,turret_gun,true,264605,132.3,7110,109,82,30.4,196.2,0.26,18,1.10,3.81,488.1,12.8,7.3,13.4,0,1.00,""
8000084,hull_bastion,wheel,turret_gun,true,53149,131.0,1815,38,33,13.1,213.7,0.09,11,0.54,2.52,64.2,7.7,7.8,3.3,0,0.50,""
8000085,hull_bastion,wheel,turret_gun,false,129724,85.1,3622,11,10,37.3,1093.8,20.60,306,1.72,3.66,80.9,14.9,10.1,12.0,0,0.08,"overloaded: 129724 kg on running gear rated 90152 kg"
8000086,hull_bastion,wheel,turret_gun,true,107639,103.1,1233,93,43,17.9,786.8,1.38,48,1.24,2.73,116.6,11.6,7.8,4.6,0,0.70,""
8000087,hull_bastion,wheel,turret_missile,true,260763,100.5,2353,52,44,42.9,4246.0,94.47,494,1.45,4.31,153.6,15.8,10.5,19.1,0,0.70,""
8000088,hull_bastion,wheel,turret_gun,true,99105,120.7,3077,136,66,16.5,602.9,1.06,48,1.24,2.58,117.7,7.8,7.4,3.7,0,1.00,""
8000089,hull_bastion,wheel,turret_gun,true,133551,104.8,4210,62,26,25.7,1796.0,17.66,86,4.31,2.89,397.1,14.7,7.4,5.6,0,1.00,""
8000090,hull_bastion,wheel,turret_beam,true,63172,134.7,1888,100,24,15.6,97.1,0.31,1,2.18,2.97,350.1,10.1,5.8,6.1,0,1.00,""
8000091,hull_bastion,wheel,turret_beam,true,103266,96.0,1218,54,28,20.4,570.1,0.97,23,3.21,3.25,78.9,13.2,8.8,8.3,0,0.70,""
8000092,hull_bastion,wheel,turret_missile,true,153434,100.8,3250,42,23,33.8,23387.4,717.54,909,1.18,2.95,90.8,15.7,9.9,6.1,0,0.25,""
8000093,hull_bastion,wheel,turret_beam,true,47807,97.5,595,155,45,18.1,235.9,23.81,8,0.83,2.60,70.5,6.3,7.7,3.9,0,1.00,""
8000094,hull_bastion,wheel,turret_gun,true,202518,117.2,6813,110,42,32.2,940.8,1.76,19,8.40,3.88,150.4,14.2,9.4,14.1,0,1.00,""
8000095,hull_bastion,wheel,turret_missile,true,211515,137.8,3542,145,78,20.1,1135.1,6.61,389,1.04,3.45,259.6,11.7,7.7,10.0,0,1.00,""
8000096,hull_bastion,wheel,turret_gun,true,83942,84.3,1061,11,9,31.6,425.0,2.33,18,6.19,3.68,51.8,15.1,9.6,12.1,0,0.17,""
8000097,hull_bastion,wheel,turret_missile,true,9883,101.7,148,74,14,4.6,1474.5,26.93,512,2.33,2.31,153.6,4.7,3.8,2.4,0,1.00,""
8000098,hull_bastion,wheel,turret_missile,true,82772,118.9,3534,9,7,39.4,5948.1,148.85,682,4.59,4.14,56.4,13.6,9.6,17.0,0,0.17,""
8000099,hull_bastion,wheel,turret_missile,true,270349,91.1,2547,78,85,29.5,3579.2,68.51,548,2.58,3.67,303.1,13.7,8.7,12.0,0,1.00,""
8000100,hull_bastion,wheel,turret_missile,true,17936,118.1,363,158,21,5.3,2747.2,67.28,959,3.56,2.42,53.0,5.3,4.6,2.9,0,1.00,""
8000101,hull_bastion,wheel,turret_gun,true,181586,124.8,2938,130,41,24.6,37.5,0.02,4,0.52,2.81,259.6,14.0,8.3,5.1,0,1.00,""
8000102,hull_bastion,wheel,turret_beam,true,114088,128.4,2554,64,17,26.2,1041.9,269.92,393,1.89,2.98,101.3,10.5,8.1,6.2,0,1.00,""
8000103,hull_bastion,wheel,turret_gun,true,369401,103.0,11920,90,78,41.0,6567.5,155.30,789,3.47,4.05,227.0,15.1,10.1,16.0,0,1.00,""
8000104,hull_bastion,wheel,turret_missile,true,160786,88.9,1683,85,56,23.2,1167.4,22.70,398,4.97,3.10,126.5,11.8,8.8,7.1,0,0.70,""
8000105,hull_bastion,wheel,turret_beam,true,60753,140.0,1990,68,34,12.6,788.4,18.96,3,0.56,2.75,96.7,8.5,6.7,4.7,0,0.50,""
8000106,hull_bastion,wheel,turret_beam,true,54352,113.6,853,78,27,16.7,340.5,1.75,2,1.47,2.50,68.4,7.4,7.7,3.3,0,0.50,""
9000007,hull_bastion,legs,turret_gun,true,92165,6.7,1729,47,33,17.4,598.7,0.97,32,1.20,3.06,64.2,11.0,8.2,6.7,0,1.00,""
9000008,hull_bastion,legs,turret_beam,true,346522,9.9,9557,164,76,31.9,3792.4,44.17,631,11.52,3.99,97.5,14.2,13.5,15.2,0,1.00,""
9000009,hull_bastion,legs,turret_beam,true,88241,19.7,7288,90,19,24.0,6572.8,85.52,543,6.14,3.78,55.1,13.0,12.1,13.1,0,1.00,""
9000010,hull_bastion,legs,turret_gun,true,120400,13.9,4707,183,26,19.2,27.6,0.02,3,0.54,3.24,68.4,11.9,11.0,8.1,0,1.00,""
9000011,hull_bastion,legs,turret_missile,true,106718,18.0,8712,90,24,21.3,514.3,2.51,288,4.17,2.94,56.1,12.1,14.1,5.9,0,1.00,""
9000012,hull_bastion,legs,turret_gun,true,195729,7.0,3835,155,44,24.2,19.5,0.00,1,0.30,3.76,52.6,15.4,11.6,12.9,0,1.00,""
9000013,hull_bastion,legs,turret_missile,true,30896,11.3,1600,42,34,6.3,6499.0,145.28,775,1.29,2.66,76.8,6.8,4.8,4.1,0,0.50,""
9000014,hull_bastion,legs,turret_gun,true,54665,10.6,2024,69,49,7.5,298.3,0.40,28,0.92,2.61,69.9,6.5,7.4,3.8,0,1.00,""
9000015,hull_bastion,legs,turret_missile,true,239683,11.1,7428,158,67,27.0,3608.0,115.55,565,4.24,3.39,62.7,11.4,11.2,9.3,0,1.00,""
9000016,hull_bastion,legs,turret_missile,true,196729,17.1,9274,62,51,21.5,16945.1,497.51,959,3.75,3.06,45.9,12.0,14.3,6.7,0,1.00,""
9000017,hull_bastion,legs,turret_gun,true,75223,7.2,1509,70,10,22.4,760.2,128.45,1343,8.21,3.68,72.3,13.9,9.7,12.1,0,1.00,""
9000018,hull_bastion,legs,turret_gun,true,72053,14.8,2925,45,34,13.4,51.5,0.02,3,0.35,3.09,72.0,10.0,6.3,6.9,0,1.00,""
9000019,hull_bastion,legs,turret_gun,true,156670,14.0,6028,57,33,25.6,1318.9,3.43,16,4.22,3.88,59.7,15.4,13.0,14.1,0,0.50,""
9000020,hull_bastion,legs,turret_missile,true,30379,9.9,852,40,26,7.6,4632.2,133.28,671,9.22,2.69,52.1,6.4,4.9,4.3,0,0.50,""
9000021,hull_bastion,legs,turret_gun,true,70433,7.2,1393,170,68,8.5,156.9,0.09,11,0.62,2.62,50.1,6.3,4.8,3.9,0,1.00,""
9000022,hull_bastion,legs,turret_gun,true,63190,10.0,1728,130,51,8.9,88.0,0.04,6,0.48,2.79,81.3,7.4,8.7,4.9,0,1.00,""
9000023,hull_bastion,legs,turret_beam,true,262359,8.8,6509,156,56,26.8,2742.4,10.99,67,5.19,3.69,59.3,13.0,13.3,12.2,0,1.00,""
9000024,hull_bastion,legs,turret_missile,true,117727,18.0,8323,185,28,19.6,144.4,1.23,315,6.24,3.58,57.5,12.6,9.2,11.1,0,1.00,""
9000025,hull_bastion,legs,turret_gun,true,31232,7.8,665,161,44,4.6,60.0,0.02,3,0.34,2.28,50.0,5.7,4.8,2.2,0,1.00,""
9000026,hull_bastion,legs,turret_beam,true,335480,10.7,9868,124,70,33.7,4001.9,446.86,1817,3.74,3.89,70.3,14.3,10.1,14.3,0,1.00,""
9000027,hull_bastion,legs,turret_gun,true,153987,19.8,10436,99,55,17.3,2356.7,45.51,443,2.00,3.42,93.7,12.2,8.7,9.6,0,1.00,""
9000028,hull_bastion,legs,turret_gun,true,541422,7.4,11382,78,30,42.5,165.1,0.09,10,0.62,4.12,40.6,16.6,21.0,16.8,0,1.00,""
9000029,hull_bastion,legs,turret_gun,true,54608,12.3,4083,109,77,7.6,17.4,0.00,1,0.30,2.62,77.7,5.1,6.5,3.9,0,1.00,""
9000030,hull_bastion,legs,turret_gun,true,18409,10.9,989,95,13,7.5,466.0,0.92,42,1.31,2.58,86.5,6.8,6.0,3.7,0,1.00,""
9000031,hull_bastion,legs,turret_gun,true,61386,15.2,3867,102,27,12.9,318.3,0.16,15,0.68,2.85,81.2,9.6,7.1,5.3,0,1.00,""
9000032,hull_bastion,legs,turret_missile,true,359687,9.4,9354,94,81,27.4,2168.9,39.58,709,1.29,3.80,51.8,14.1,12.3,13.3,0,1.00,""
9000033,hull_bastion,legs,turret_missile,true,20570,12.2,1468,30,17,6.6,2429.1,44.81,514,0.86,2.57,91.3,7.5,5.2,3.6,0,1.00,""
9000034,hull_bastion,legs,turret_beam,true,41072,9.0,1020,106,42,6.7,404.5,19.57,2,0.44,2.65,63.4,5.4,6.7,4.1,0,1.00,""
9000035,hull_bastion,legs,turret_gun,true,153351,14.6,10423,88,70,16.6,3698.7,82.25,481,3.51,3.08,45.1,9.7,11.5,6.9,0,1.00,""
9000036,hull_bastion,legs,turret_missile,true,115127,16.8,6748,25,20,22.1,4905.4,122.61,624,6.63,3.50,54.8,14.6,8.6,10.4,0,0.35,""
9000037,hull_bastion,legs,turret_gun,true,61789,16.4,3243,119,38,10.7,171.1,0.25,20,0.86,2.89,42.0,7.8,7.0,5.6,0,1.00,""
9000038,hull_bastion,legs,turret_missile,true,274551,20.8,16322,90,78,23.7,926.4,14.11,354,3.47,3.07,97.8,12.1,16.0,6.8,0,1.00,""
9000039,hull_bastion,legs,turret_missile,true,165914,16.1,9213,103,40,23.9,1220.3,21.06,524,6.21,3.50,42.9,13.7,12.1,10.4,0,0.70,""
9000040,hull_bastion,legs,turret_gun,true,54565,7.8,1332,180,12,19.2,82.6,0.04,5,0.51,3.40,84.0,12.9,7.4,9.5,0,1.00,""
9000041,hull_bastion,legs,turret_missile,true,102296,14.5,6526,62,43,16.4,1282.0,11.88,346,1.26,3.10,87.1,9.8,10.0,7.0,0,1.00,""
9000042,hull_bastion,legs,turret_missile,true,287690,9.4,7478,159,62,27.1,8857.8,253.34,782,6.19,3.62,71.5,13.5,12.1,11.5,0,1.00,""
9000043,hull_bastion,legs,turret_gun,true,45344,6.7,845,156,15,13.7,410.2,0.64,36,1.06,2.98,97.4,9.8,8.4,6.2,0,1.00,""
9000044,hull_bastion,legs,turret_beam,true,393746,17.6,24811,64,56,37.5,9070.8,58.74,663,12.31,4.32,41.3,15.8,15.2,19.1,0,1.00,""
9000045,hull_bastion,legs,turret_gun,true,88241,9.5,2306,49,38,16.5,29.3,0.01,1,0.30,3.26,85.9,10.9,13.0,8.3,0,1.00,""
9000046,hull_bastion,legs,turret_missile,true,27065,10.2,757,129,31,6.2,18500.1,513.54,934,1.29,2.72,88.7,6.3,5.4,4.5,0,1.00,""
9000047,hull_bastion,legs,turret_gun,true,40431,13.5,3299,56,36,7.2,68.7,0.03,4,0.37,2.60,48.3,6.8,6.4,3.8,0,1.00,""
9000048,hull_bastion,legs,turret_missile,true,313307,7.7,6878,163,78,30.3,3090.4,69.92,429,0.69,3.60,52.8,11.7,17.8,11.3,0,1.00,""
9000049,hull_bastion,legs,turret_beam,true,119737,6.7,2235,101,33,21.6,12415.3,350.87,778,4.56,3.46,73.8,13.9,10.0,10.0,0,1.00,""
9000050,hull_bastion,legs,turret_missile,true,90174,13.6,3444,176,24,18.4,6302.2,144.23,598,0.66,3.50,58.4,12.9,7.8,10.4,0,1.00,""
9000051,hull_bastion,legs,turret_gun,true,275364,9.1,6956,117,39,40.3,2790.0,225.74,3742,13.89,4.20,46.2,16.7,13.7,17.7,0,0.70,""
9000052,hull_bastion,legs,turret_gun,true,42816,12.3,3173,67,19,12.5,399.1,0.60,36,1.02,2.85,82.8,9.3,6.6,5.3,0,0.70,""
9000053,hull_bastion,legs,turret_gun,true,23723,11.0,1284,92,27,7.7,152.2,0.26,18,1.18,2.60,81.5,4.7,5.4,3.8,0,1.00,""
9000054,hull_bastion,legs,turret_gun,true,107718,14.0,4170,160,24,20.4,460.2,0.20,13,0.64,3.32,48.2,11.9,12.8,8.8,0,1.00,""
9000055,hull_bastion,legs,turret_gun,true,75907,14.1,2933,173,70,7.9,326.2,0.01,2,0.45,2.64,73.1,7.3,7.5,4.0,0,1.00,""
9000056,hull_bastion,legs,turret_beam,true,170317,6.8,3184,149,33,24.3,500.3,0.94,42,11.01,3.23,92.2,14.8,15.7,8.0,0,1.00,""
9000057,hull_bastion,legs,turret_missile,true,237424,7.5,4901,166,61,17.7,2750.8,35.36,499,4.61,2.89,44.5,12.5,11.2,5.5,0,1.00,""
9000058,hull_bastion,legs,turret_missile,true,8507,9.1,736,12,10,6.0,4375.9,101.32,499,1.00,2.60,67.9,5.6,4.0,3.8,0,0.25,""
9000059,hull_bastion,legs,turret_gun,true,35599,10.5,1031,88,26,9.3,138.8,0.05,7,0.64,2.86,66.4,7.4,5.0,5.4,0,1.00,""
9000060,hull_bastion,legs,turret_missile,true,131495,16.6,7840,123,38,17.9,791.8,9.31,343,0.77,3.16,43.9,11.3,9.5,7.5,0,1.00,""
9000061,hull_bastion,legs,turret_beam,true,33063,9.8,887,35,20,10.0,352.3,2.02,2,1.57,2.63,51.5,8.4,8.3,3.9,0,1.00,""
9000062,hull_bastion,legs,turret_gun,true,151973,17.5,10145,82,68,16.9,508.0,0.81,35,1.04,3.13,63.2,9.1,10.8,7.3,0,1.00,""
9000063,hull_bastion,legs,turret_beam,true,32172,8.5,1242,82,55,6.3,297.6,8.75,1,0.35,2.57,48.9,4.3,6.4,3.6,0,1.00,""
9000064,hull_bastion,legs,turret_missile,true,57480,13.6,3942,30,26,10.3,142.1,2.16,283,7.38,2.91,96.5,9.1,6.1,5.7,0,1.00,""
9000065,hull_bastion,legs,turret_beam,true,253452,11.0,7682,74,60,26.9,3038.1,15.61,132,7.17,3.14,69.2,13.3,18.5,7.3,0,1.00,""
9000066,hull_bastion,legs,turret_gun,true,99869,16.0,4386,173,16,23.0,429.4,0.66,37,1.07,3.74,87.0,14.3,9.4,12.7,0,1.00,""
9000067,hull_bastion,legs,turret_gun,true,45843,8.6,1093,19,16,15.9,1016.7,0.08,8,0.47,2.78,57.8,12.4,9.6,4.9,0,0.25,""
9000068,hull_bastion,legs,turret_beam,true,28977,17.0,2491,40,10,13.6,929.9,2.16,35,1.41,3.10,55.7,9.3,6.8,7.0,0,1.00,""
9000069,hull_bastion,legs,turret_gun,true,203918,17.3,12747,75,62,20.2,2840.1,40.50,391,0.57,3.50,73.5,12.2,8.8,10.4,0,1.00,""
9000070,hull_bastion,legs,turret_missile,true,76942,16.8,4628,46,40,13.0,5300.0,114.51,608,0.94,3.16,84.7,9.9,10.1,7.5,0,1.00,""
9000071,hull_bastion,legs,turret_missile,true,72217,6.4,1613,23,19,20.3,2440.1,58.59,420,4.22,3.45,95.8,12.8,11.9,9.9,0,1.00,""
9000072,hull_bastion,legs,turret_gun,true,62455,8.7,1484,78,67,8.3,22.7,0.00,1,0.30,2.69,65.4,6.7,6.4,4.3,0,1.00,""
9000073,hull_bastion,legs,turret_missile,true,26875,6.8,506,80,43,3.8,413.6,6.63,261,3.18,2.49,90.6,5.6,4.7,3.2,0,1.00,""
9000074,hull_bastion,legs,turret_missile,true,228225,16.6,10401,69,56,24.1,2305.1,37.93,379,1.35,2.99,96.5,14.1,12.4,6.2,0,1.00,""
9000075,hull_bastion,legs,turret_beam,true,231541,17.7,11246,165,44,28.2,3857.2,19.24,99,4.47,3.56,45.4,12.7,12.6,10.9,0,1.00,""
9000076,hull_bastion,legs,turret_missile,true,85297,9.5,2222,23,19,23.0,1367.2,25.67,469,7.01,2.98,85.9,14.4,9.5,6.2,0,0.35,""
9000077,hull_bastion,legs,turret_beam,true,50573,17.2,3498,147,30,10.1,16.5,0.02,0,1.36,2.97,74.6,8.4,8.7,6.1,0,1.00,""
9000078,hull_bastion,legs,turret_gun,true,56657,10.7,3999,124,36,10.1,352.6,0.57,33,1.11,2.62,45.8,7.8,7.5,3.9,0,1.00,""
9000079,hull_bastion,legs,turret_beam,true,32302,11.5,2448,56,36,5.8,784.9,23.24,2,0.42,2.57,97.7,5.9,4.5,3.6,0,1.00,""
9000080,hull_bastion,legs,turret_gun,true,45639,7.3,1273,21,15,17.5,4432.0,82.18,734,1.07,3.26,54.6,12.1,6.3,8.3,0,0.25,""
9000081,hull_bastion,legs,turret_gun,true,227037,16.8,17856,94,74,19.6,7453.1,182.93,612,1.13,3.33,46.1,10.7,11.8,8.9,0,1.00,""
9000082,hull_bastion,legs,turret_gun,true,67390,16.6,3262,63,11,22.5,73.3,0.02,2,0.38,3.66,63.7,13.1,13.1,11.9,0,1.00,""
9000083,hull_bastion,legs,turret_gun,true,44815,9.9,1221,196,48,7.7,316.9,0.51,32,1.01,2.58,70.7,5.5,6.0,3.7,0,1.00,""
9000084,hull_bastion,legs,turret_beam,true,89261,7.7,1911,43,37,16.8,155.1,0.29,2,4.60,3.32,72.5,11.2,8.0,8.8,0,1.00,""
9000085,hull_bastion,legs,turret_gun,true,181409,20.0,10505,134,43,24.8,432.4,0.21,13,0.68,3.10,57.0,12.8,12.4,7.0,0,1.00,""
9000086,hull_bastion,legs,turret_gun,true,47407,9.8,1278,141,24,12.7,17127.3,489.67,925,3.03,2.82,78.8,8.2,6.0,5.1,0,1.00,""
9000087,hull_bastion,legs,turret_gun,true,155555,13.0,5530,93,76,14.0,134.8,0.25,17,1.30,2.84,54.5,10.1,7.7,5.2,0,1.00,""
9000088,hull_bastion,legs,turret_gun,true,77523,15.6,3732,171,10,24.1,1496.1,26.27,193,5.95,3.48,75.1,12.7,8.6,10.2,0,1.00,""
9000089,hull_bastion,legs,turret_missile,true,13965,10.7,1087,49,13,7.5,5078.3,134.26,614,5.83,2.61,77.4,4.7,5.9,3.8,0,1.00,""
9000090,hull_bastion,legs,turret_beam,true,36457,14.7,2602,146,36,5.9,19.8,0.03,0,0.83,2.64,42.0,6.3,6.9,4.0,0,1.00,""
9000091,hull_bastion,legs,turret_gun,true,119549,16.0,7333,160,69,11.8,196.1,0.29,23,0.88,3.12,89.3,8.7,9.8,7.2,0,1.00,""
9000092,hull_bastion,legs,turret_beam,true,330957,12.8,11576,149,75,28.5,2438.6,10.31,106,8.08,3.94,82.1,14.4,10.1,14.8,0,1.00,""
9000093,hull_bastion,legs,turret_gun,true,148654,12.3,5241,100,22,29.2,470.1,0.76,39,1.17,3.84,53.8,13.8,10.9,13.7,0,1.00,""
9000094,hull_bastion,legs,turret_gun,true,152399,8.4,3507,115,57,15.9,760.9,0.02,2,0.30,2.98,91.1,11.8,8.8,6.2,0,1.00,""
9000095,hull_bastion,legs,turret_missile,true,60781,15.3,4805,33,27,13.7,2800.0,54.08,440,2.85,3.12,46.2,8.7,6.9,7.2,0,1.00,""
9000096,hull_bastion,legs,turret_missile,true,27842,10.9,1864,38,25,7.3,962.2,16.40,404,3.33,2.71,56.6,6.9,4.0,4.4,0,1.00,""
9000097,hull_bastion,legs,turret_gun,true,25353,12.1,874,62,44,5.6,189.4,0.28,23,0.81,2.53,64.5,4.8,5.4,3.4,0,1.00,""
9000098,hull_bastion,legs,turret_gun,true,55082,13.2,3564,87,61,7.7,22.3,0.01,2,0.31,2.59,87.9,5.5,7.5,3.7,0,1.00,""
9000099,hull_bastion,legs,turret_gun,true,32800,16.0,2584,71,20,10.3,160.9,0.18,15,0.86,2.81,70.0,8.2,7.6,5.0,0,1.00,""
9000100,hull_bastion,legs,turret_missile,true,44281,10.0,1225,140,10,13.7,14744.7,416.24,825,2.28,2.70,41.6,9.5,6.9,4.4,0,1.00,""
9000101,hull_bastion,legs,turret_beam,true,30606,15.5,2394,170,12,11.4,951.1,12.29,19,2.00,2.88,53.7,8.8,6.9,5.5,0,1.00,""
9000102,hull_bastion,legs,turret_gun,true,37603,8.6,1172,44,16,13.2,561.8,0.19,17,0.78,3.19,86.1,10.7,7.6,7.7,0,1.00,""
9000103,hull_bastion,legs,turret_beam,true,78493,16.3,4509,179,39,13.5,1795.4,83.05,168,2.32,2.96,58.9,7.1,8.1,6.0,0,1.00,""
9000104,hull_bastion,legs,turret_gun,true,35931,16.1,1655,51,41,6.6,106.2,0.04,7,0.46,2.93,65.6,6.9,5.0,5.8,0,1.00,""
9000105,hull_bastion,legs,turret_missile,true,100515,8.2,2825,180,15,25.5,2846.6,42.58,541,5.82,3.90,66.1,13.5,10.5,14.3,0,1.00,""
9000106,hull_bastion,legs,turret_gun,true,85634,14.2,3338,54,44,11.5,712.1,0.03,4,0.42,2.98,43.2,11.0,6.9,6.2,0,1.00,""
10000007,hull_bastion,rail,turret_beam,true,349447,95.2,2149,110,73,20.1,873.6,1.73,37,6.87,3.00,236.1,15.8,6.3,6.2,0,1.00,""
10000008,hull_bastion,rail,turret_beam,true,160202,188.5,1953,82,54,18.5,714.9,31.42,84,2.79,3.18,63.2,11.5,5.8,7.5,0,1.00,""
10000009,hull_bastion,rail,turret_beam,true,57976,240.5,1282,69,52,6.7,130.4,0.21,0,1.30,2.80,28.8,7.4,5.4,4.8,0,1.00,""
10000010,hull_bastion,rail,turret_gun,true,116583,217.7,1582,149,76,11.0,113.0,0.16,15,0.91,2.69,51.4,7.9,4.9,4.2,0,1.00,""
10000011,hull_bastion,rail,turret_missile,true,134989,179.8,1082,113,63,11.5,3649.0,84.43,461,1.29,2.87,24.1,8.8,6.2,5.2,0,1.00,""
10000012,hull_bastion,rail,turret_missile,true,119601,194.5,1308,138,63,12.7,834.2,12.97,410,1.46,2.87,49.4,8.8,5.9,5.3,0,1.00,""
10000013,hull_bastion,rail,turret_gun,true,131305,161.6,1537,154,70,11.7,172.7,0.19,11,2.69,2.82,104.5,9.3,4.6,5.0,0,1.00,""
10000014,hull_bastion,rail,turret_gun,true,183938,206.2,2996,103,36,18.3,2955.1,75.60,478,6.30,3.33,44.8,12.5,4.8,8.7,0,1.00,""
10000015,hull_bastion,rail,turret_gun,true,143175,234.8,3237,143,28,18.4,202.7,0.35,2,3.91,3.35,33.8,11.7,5.6,8.9,0,1.00,""
10000016,hull_bastion,rail,turret_gun,true,127287,151.6,1411,16,13,19.0,1955.5,42.40,441,6.33,3.55,42.2,13.6,5.1,10.7,0,1.00,""
10000017,hull_bastion,rail,turret_beam,true,282547,136.1,3845,76,66,17.9,3261.8,64.90,513,9.82,3.32,114.3,13.9,5.8,8.6,0,1.00,""
10000018,hull_bastion,rail,turret_gun,true,92127,128.6,750,48,42,9.3,66.5,0.01,2,0.30,2.63,42.4,8.7,4.1,3.8,0,1.00,""
10000019,hull_bastion,rail,turret_beam,true,70479,157.5,1127,159,15,14.0,300.8,32.48,53,2.03,3.26,31.8,9.6,5.4,8.2,0,1.00,""
10000020,hull_bastion,rail,turret_gun,true,62911,159.9,651,162,25,11.3,51.7,0.03,5,0.48,2.81,32.5,8.9,4.9,4.9,0,1.00,""
10000021,hull_bastion,rail,turret_missile,true,218079,223.0,3388,130,47,22.2,8137.9,221.66,655,4.80,3.64,56.7,12.4,5.2,11.6,0,1.00,""
10000022,hull_bastion,rail,turret_gun,true,232906,214.1,4826,97,68,19.4,2845.3,60.53,420,1.45,3.30,63.1,10.9,5.7,8.5,0,1.00,""
10000023,hull_bastion,rail,turret_missile,true,144275,102.9,1914,158,19,17.2,4519.5,93.13,737,0.93,3.39,80.3,13.0,5.7,9.3,0,1.00,""
10000024,hull_bastion,rail,turret_beam,true,66741,147.2,1072,77,21,9.0,110.1,0.25,0,1.90,2.84,27.2,8.9,4.3,5.1,0,1.00,""
10000025,hull_bastion,rail,turret_gun,true,320666,203.4,6143,94,67,23.2,312.3,0.39,27,0.90,3.62,89.0,14.0,5.9,11.3,0,1.00,""
10000026,hull_bastion,rail,none,true,39490,215.8,610,68,56,4.4,0.0,0.00,0,0.00,2.51,15.8,4.9,5.0,3.2,0,1.00,""
10000027,hull_bastion,rail,turret_missile,true,55354,174.5,511,77,64,6.8,1227.3,24.64,485,5.74,2.67,40.2,6.1,3.4,4.0,0,1.00,""
10000028,hull_bastion,rail,turret_gun,true,111183,145.6,1415,169,32,12.0,71.5,0.03,4,0.39,2.78,48.5,10.0,5.2,4.7,0,1.00,""
10000029,hull_bastion,rail,turret_missile,true,33443,115.8,337,59,48,4.7,532.2,8.18,339,3.11,2.60,53.0,4.9,3.2,3.7,0,1.00,""
10000030,hull_bastion,rail,turret_missile,true,70742,162.9,1847,137,56,6.1,2143.0,44.93,443,3.83,2.59,36.6,7.3,3.6,3.6,0,1.00,""
10000031,hull_bastion,rail,turret_gun,true,60218,102.2,762,94,55,7.2,267.7,0.44,28,1.05,2.62,95.5,6.6,3.3,3.7,0,1.00,""
10000032,hull_bastion,rail,turret_missile,true,66610,161.7,1729,48,39,8.6,673.9,13.75,274,4.68,2.88,39.3,7.8,3.3,5.4,0,1.00,""
10000033,hull_bastion,rail,turret_gun,true,61226,159.4,1503,182,50,6.8,201.1,0.23,20,0.79,2.59,34.8,6.0,3.7,3.6,0,1.00,""
10000034,hull_bastion,rail,turret_missile,true,90769,150.1,1345,76,28,12.5,11843.3,378.28,800,6.79,2.91,51.3,10.3,4.3,5.5,0,1.00,""
10000035,hull_bastion,rail,turret_missile,true,91963,173.3,1683,119,80,6.0,789.3,17.14,547,7.75,2.59,38.4,7.2,3.6,3.6,0,1.00,""
10000036,hull_bastion,rail,turret_beam,true,317235,207.2,4483,157,55,31.7,3077.6,51.82,420,11.43,4.50,110.9,15.8,5.8,21.3,0,1.00,""
10000037,hull_bastion,rail,turret_gun,true,182853,131.1,3212,108,46,17.7,7186.4,165.72,796,1.29,3.43,110.8,12.6,4.9,9.6,0,1.00,""
10000038,hull_bastion,rail,turret_gun,true,43411,102.9,1058,129,16,5.6,822.4,0.02,3,0.34,2.54,30.1,6.6,2.9,3.3,0,1.00,""
10000039,hull_bastion,rail,turret_beam,true,158297,137.2,1413,138,61,13.6,35.9,0.08,0,2.95,2.92,102.0,10.4,5.1,5.6,0,1.00,""
10000040,hull_bastion,rail,turret_beam,true,41326,192.6,627,119,25,6.4,250.0,2.78,0,0.44,2.51,9.9,6.1,6.0,3.2,0,1.00,""
10000041,hull_bastion,rail,turret_gun,true,58899,214.1,1069,119,66,8.0,567.9,1.12,48,1.29,2.61,19.9,7.0,6.4,3.7,0,1.00,""
10000042,hull_bastion,rail,turret_missile,true,273384,184.7,2862,80,65,22.4,9798.2,248.39,814,4.48,3.79,107.9,13.7,5.4,13.1,0,1.00,""
10000043,hull_bastion,rail,turret_beam,true,57087,94.5,426,103,72,5.7,169.1,7.67,1,0.55,2.61,105.3,6.1,2.6,3.7,0,1.00,""
10000044,hull_bastion,rail,turret_missile,true,227405,151.3,1419,166,28,27.6,1341.1,26.21,335,0.92,4.33,37.9,15.5,6.8,19.2,0,1.00,""
10000045,hull_bastion,rail,turret_gun,true,115596,142.6,986,30,14,19.3,15276.7,418.97,825,1.52,3.04,46.2,12.9,5.7,6.5,0,1.00,""
10000046,hull_bastion,rail,turret_gun,true,217405,250.0,5983,80,45,21.5,2880.7,53.78,624,1.11,3.67,77.7,14.7,6.3,11.8,0,0.70,""
10000047,hull_bastion,rail,turret_missile,true,53455,91.9,506,84,69,5.4,10090.5,262.49,788,3.01,2.54,80.3,6.0,3.4,3.3,0,1.00,""
10000048,hull_bastion,rail,turret_beam,true,121373,103.7,2811,72,26,19.4,1118.7,109.32,285,3.63,3.04,127.0,11.3,5.1,6.5,0,1.00,""
10000049,hull_bastion,rail,turret_gun,true,152636,223.9,3551,149,59,15.2,3438.3,0.18,16,0.72,3.18,83.1,10.3,5.0,7.5,0,1.00,""
10000050,hull_bastion,rail,turret_beam,true,58762,180.6,1229,37,25,10.8,486.0,108.53,45,0.92,2.80,28.3,6.3,3.8,4.8,0,1.00,""
10000051,hull_bastion,rail,turret_missile,true,88548,219.3,1515,65,53,6.7,5206.6,108.54,689,1.03,2.68,27.7,8.0,4.1,4.1,0,1.00,""
10000052,hull_bastion,rail,turret_missile,true,34881,151.2,544,23,11,11.5,29453.7,913.63,1032,0.86,2.87,20.7,8.7,4.4,5.3,0,1.00,""
10000053,hull_bastion,rail,turret_gun,true,96362,200.4,1364,148,18,12.4,2157.9,0.07,9,0.48,2.76,19.0,11.1,6.1,4.6,0,1.00,""
10000054,hull_bastion,rail,turret_gun,true,124338,115.0,3932,130,17,17.0,395.3,2.45,396,2.39,3.49,75.9,12.2,4.7,10.1,0,1.00,""
10000055,hull_bastion,rail,turret_missile,true,27835,123.3,273,154,25,6.5,8850.4,233.75,814,4.28,2.67,19.6,4.8,4.6,4.0,0,1.00,""
10000056,hull_bastion,rail,turret_gun,true,196071,204.0,2558,39,34,21.8,3963.3,0.21,19,0.71,2.96,52.1,14.4,6.8,5.9,0,1.00,""
10000057,hull_bastion,rail,turret_beam,true,248735,250.0,6714,146,67,18.7,1065.7,4.75,30,5.31,3.42,74.4,12.5,5.9,9.6,0,1.00,""
10000058,hull_bastion,rail,turret_gun,true,164670,96.2,1705,150,66,13.1,745.1,7.77,23,2.98,2.98,161.6,11.2,4.5,6.0,0,1.00,""
10000059,hull_bastion,rail,turret_missile,true,106496,165.6,2314,79,65,11.3,13336.3,397.51,874,4.67,2.85,79.4,8.5,4.7,5.1,0,1.00,""
10000060,hull_bastion,rail,turret_gun,true,24140,140.2,995,133,21,6.6,27.6,0.01,1,0.30,2.55,18.1,5.1,4.6,3.4,0,1.00,""
10000061,hull_bastion,rail,turret_gun,true,96525,169.6,1625,125,56,9.7,524.1,0.97,43,1.33,2.84,17.3,7.3,6.3,5.1,0,1.00,""
10000062,hull_bastion,rail,turret_missile,true,277934,162.2,5898,140,48,19.7,2272.2,47.21,612,4.96,2.94,83.2,13.8,6.5,5.8,0,1.00,""
10000063,hull_bastion,rail,turret_gun,true,87588,217.1,1073,140,73,7.4,134.4,0.08,10,0.57,2.65,29.5,7.2,4.0,3.9,0,1.00,""
10000064,hull_bastion,rail,turret_beam,true,102248,175.2,1299,72,20,17.5,1884.7,36.93,369,4.76,2.91,47.1,13.7,6.2,5.6,0,1.00,""
10000065,hull_bastion,rail,turret_missile,true,97333,166.3,713,75,63,10.8,2273.9,50.79,465,5.07,2.73,59.2,7.9,5.0,4.4,0,1.00,""
10000066,hull_bastion,rail,turret_missile,true,266332,206.8,3397,83,68,18.1,9448.9,236.87,926,2.69,3.21,83.8,13.7,5.2,7.8,0,1.00,""
10000067,hull_bastion,rail,turret_beam,true,162068,158.4,1427,40,30,25.0,744.8,337.29,654,6.15,3.15,75.8,10.4,5.7,7.3,0,1.00,""
10000068,hull_bastion,rail,turret_gun,true,192985,175.9,1637,68,59,20.8,217.7,0.00,1,0.30,3.57,104.6,12.0,5.9,10.9,0,1.00,""
10000069,hull_bastion,rail,turret_missile,true,110562,121.3,1071,121,74,9.8,2853.1,72.34,586,7.30,2.69,129.9,7.6,5.0,4.1,0,1.00,""
10000070,hull_bastion,rail,turret_gun,true,286736,244.4,6699,61,53,27.6,774.6,1.58,48,6.16,4.28,83.5,15.0,5.7,18.5,0,1.00,""
10000071,hull_bastion,rail,turret_missile,true,136032,194.3,1388,62,51,11.9,1635.9,30.56,631,1.48,2.97,33.4,10.0,4.7,6.0,0,1.00,""
10000072,hull_bastion,rail,turret_gun,true,59344,171.2,946,76,19,13.6,234.2,0.17,17,0.72,2.96,29.9,10.0,4.8,5.9,0,1.00,""
10000073,hull_bastion,rail,turret_gun,true,185586,168.3,1342,90,74,14.0,106.5,0.05,7,0.44,3.11,114.9,11.6,4.9,6.9,0,1.00,""
10000074,hull_bastion,rail,turret_gun,true,38856,192.1,880,52,26,9.2,280.0,0.40,28,0.88,2.70,18.0,6.3,6.4,4.2,0,1.00,""
10000075,hull_bastion,rail,turret_gun,true,149801,170.4,3170,53,43,18.9,366.0,0.69,25,4.01,3.26,90.9,11.8,6.0,8.1,0,1.00,""
10000076,hull_bastion,rail,turret_beam,true,76483,124.0,1016,30,25,15.4,400.6,79.25,60,1.28,2.94,73.0,9.6,4.4,5.7,0,1.00,""
10000077,hull_bastion,rail,turret_missile,true,191508,91.5,2879,126,30,27.8,9589.9,247.13,601,4.44,4.21,200.3,15.2,6.4,17.7,0,1.00,""
10000078,hull_bastion,rail,turret_gun,true,115773,118.2,1225,39,24,14.2,917.4,15.80,276,2.33,2.96,53.1,10.9,5.0,5.9,0,1.00,""
10000079,hull_bastion,rail,turret_missile,true,248557,214.9,3834,93,68,20.8,227.5,3.41,246,5.38,3.31,108.7,13.5,6.5,8.6,0,1.00,""
10000080,hull_bastion,rail,turret_missile,true,227266,199.3,3094,80,69,17.3,1533.5,29.56,537,3.60,3.40,79.8,12.6,5.1,9.3,0,1.00,""
10000081,hull_bastion,rail,turret_missile,true,39886,138.0,265,56,29,6.9,1662.8,30.32,642,1.29,2.71,9.4,5.9,6.3,4.2,0,1.00,""
10000082,hull_bastion,rail,turret_missile,true,65757,177.0,758,156,70,5.9,657.0,14.69,271,5.85,2.66,28.9,6.4,3.2,4.0,0,1.00,""
10000083,hull_bastion,rail,turret_missile,true,127226,202.7,2024,115,24,17.5,4920.3,111.84,623,3.22,3.51,33.8,11.6,4.8,10.3,0,1.00,""
10000084,hull_bastion,rail,turret_gun,true,179496,159.2,1446,148,32,23.9,4684.7,124.47,533,4.62,4.09,89.8,14.9,6.2,16.3,0,1.00,""
10000085,hull_bastion,rail,turret_missile,true,65997,159.6,1628,70,57,6.4,8151.3,201.15,645,1.04,2.63,36.4,6.6,3.4,3.8,0,1.00,""
10000086,hull_bastion,rail,turret_missile,true,258512,184.8,6988,71,58,21.8,7373.9,194.62,873,4.80,3.48,92.2,13.9,5.9,10.0,0,1.00,""
10000087,hull_bastion,rail,turret_gun,true,184952,250.0,3343,111,74,14.6,1505.7,16.10,61,3.57,2.92,71.2,10.7,5.0,5.6,0,1.00,""
10000088,hull_bastion,rail,turret_gun,true,154033,191.8,1395,118,69,12.5,27.7,0.01,1,0.30,2.91,72.5,9.4,4.8,5.6,0,1.00,""
10000089,hull_bastion,rail,turret_missile,true,207754,209.4,3661,117,22,28.0,4031.6,72.65,430,4.02,3.83,30.5,13.3,6.6,13.5,0,1.00,""
10000090,hull_bastion,rail,turret_missile,true,64649,185.7,886,160,36,10.0,9826.0,253.36,665,0.67,2.77,17.6,6.9,6.7,4.6,0,1.00,""
10000091,hull_bastion,rail,turret_missile,true,122703,215.4,2047,55,34,13.2,5587.4,124.25,625,4.08,3.19,29.2,11.7,5.5,7.6,0,1.00,""
10000092,hull_bastion,rail,turret_gun,true,279497,250.0,5930,128,48,25.1,315.4,0.46,24,1.34,3.72,44.1,15.3,6.5,12.3,0,1.00,""
10000093,hull_bastion,rail,turret_missile,true,261545,138.2,7056,85,74,17.1,325.6,4.80,301,3.81,3.42,150.0,13.1,5.7,9.5,0,1.00,""
10000094,hull_bastion,rail,turret_gun,true,41382,104.7,518,66,21,11.0,148.4,0.22,19,0.88,2.74,83.1,7.9,4.7,4.5,0,1.00,""
10000095,hull_bastion,rail,none,true,31583,219.1,1171,70,46,3.9,0.0,0.00,0,0.00,2.57,19.0,4.9,4.0,3.5,0,1.00,""
10000096,hull_bastion,rail,turret_gun,true,394075,197.0,10111,91,75,25.3,75.4,0.01,1,0.30,3.03,150.3,14.6,7.1,6.4,0,1.00,""
10000097,hull_bastion,rail,turret_missile,true,38743,175.1,471,28,23,6.4,1799.0,32.74,460,1.94,2.65,16.1,7.3,4.6,3.9,0,1.00,""
10000098,hull_bastion,rail,turret_gun,true,149930,102.7,3401,55,23,17.8,378.5,0.12,9,0.50,2.87,111.0,14.6,6.3,5.3,0,1.00,""
10000099,hull_bastion,rail,turret_missile,true,182863,181.8,1845,122,23,21.2,17712.6,492.61,888,6.73,3.65,34.5,14.0,6.2,11.7,0,1.00,""
10000100,hull_bastion,rail,turret_gun,true,61174,151.3,416,180,64,7.3,213.3,0.00,1,0.30,2.74,36.1,6.2,4.8,4.4,0,1.00,""
10000101,hull_bastion,rail,turret_gun,true,70542,188.1,1514,83,69,5.9,789.6,0.02,4,0.37,2.51,57.4,7.0,3.4,3.1,0,1.00,""
10000102,hull_bastion,rail,turret_missile,true,194566,109.8,3076,127,72,12.4,349.1,5.17,414,2.41,3.30,126.4,11.8,4.2,8.5,0,1.00,""
10000103,hull_bastion,rail,turret_gun,true,76263,95.4,2193,152,24,10.5,318.9,0.13,14,0.62,2.79,76.3,8.3,4.3,4.7,0,1.00,""
10000104,hull_bastion,rail,turret_gun,true,114557,201.6,1609,115,40,14.3,755.1,11.61,39,3.23,2.85,57.2,9.8,5.7,5.2,0,1.00,""
10000105,hull_bastion,rail,turret_beam,true,209330,218.7,3421,61,53,23.2,1325.5,58.19,381,5.39,3.42,57.2,12.9,5.5,9.6,0,1.00,""
10000106,hull_bastion,rail,turret_missile,true,128729,159.3,1206,174,37,15.7,695.4,10.60,332,1.43,3.15,83.5,11.6,5.4,7.3,0,1.00,""
11000007,hull_bastion,hover,turret_missile,true,38121,112.1,3018,54,8,25.1,1874.0,33.30,437,0.75,3.35,7.5,12.5,5.7,9.0,1917,0.50,""
11000008,hull_bastion,hover,turret_missile,false,18362,100.5,1609,10,6,11.8,2484.7,47.49,475,3.87,2.76,8.5,9.1,4.6,4.7,1179,0.08,"overloaded: 18362 kg on running gear rated 17237 kg"
11000009,hull_bastion,hover,turret_beam,true,11534,67.5,657,34,8,7.3,40.8,0.08,0,0.69,2.46,6.4,7.8,3.4,3.0,528,0.50,""
11000010,hull_bastion,hover,turret_gun,true,41358,74.3,2719,19,6,23.4,121.6,0.08,10,0.70,2.82,7.9,13.4,6.3,5.1,2189,0.12,""
11000011,hull_bastion,hover,turret_missile,true,7675,74.7,538,8,6,5.5,322.4,4.95,411,3.60,2.38,6.8,6.1,4.0,2.6,431,0.08,""
11000012,hull_bastion,hover,turret_beam,false,28756,87.1,2491,8,5,17.5,3669.6,104.41,1001,4.74,2.95,9.0,10.5,4.3,5.9,1992,0.08,"overloaded: 28756 kg on running gear rated 25483 kg"
11000013,hull_bastion,hover,turret_gun,true,12038,56.0,826,11,9,8.5,233.6,0.13,14,0.61,2.54,7.0,8.4,3.7,3.4,721,0.12,""
11000014,hull_bastion,hover,turret_gun,true,11213,53.9,660,12,7,8.4,33.7,0.01,1,0.30,2.64,6.2,8.3,3.6,4.0,566,0.12,""
11000015,hull_bastion,hover,turret_gun,true,8294,92.7,1058,9,5,8.5,320.9,0.11,13,0.62,2.58,6.9,5.6,3.9,3.7,465,0.08,""
11000016,hull_bastion,hover,turret_gun,true,18193,73.0,1315,21,7,14.6,334.0,0.01,1,0.30,3.12,6.5,10.1,4.1,7.2,1061,0.12,""
11000017,hull_bastion,hover,turret_gun,true,22006,79.2,1604,10,5,16.1,148.0,0.31,21,1.17,3.09,7.0,11.0,4.2,7.0,1252,0.08,""
11000018,hull_bastion,hover,turret_gun,true,19681,66.0,1285,10,7,16.4,235.0,0.15,15,0.65,2.89,6.6,10.2,5.2,5.5,1035,0.17,""
11000019,hull_bastion,hover,turret_missile,true,11205,99.0,896,19,7,9.5,256.3,3.86,241,4.33,2.71,6.7,7.3,4.3,4.4,560,0.12,""
11000020,hull_bastion,hover,turret_missile,true,28279,54.1,1661,12,5,20.5,1242.9,27.16,333,4.15,3.13,6.5,12.7,5.0,7.2,1418,0.08,""
11000021,hull_bastion,hover,turret_gun,true,23338,99.0,1878,10,8,17.3,96.2,0.02,3,0.33,3.14,6.7,10.6,4.6,7.3,1245,0.12,""
11000022,hull_bastion,hover,turret_beam,true,11484,78.8,734,11,9,7.4,66.9,0.41,0,0.72,2.52,6.5,8.0,3.2,3.3,564,0.17,""
11000023,hull_bastion,hover,turret_beam,true,24452,77.0,2013,10,6,17.5,312.1,12.74,74,5.47,3.21,6.9,11.4,4.5,7.9,1216,0.08,""
11000024,hull_bastion,hover,turret_missile,true,10092,52.0,681,10,8,7.7,9532.7,227.67,950,0.98,2.61,7.1,6.1,4.0,3.8,514,0.12,""
11000025,hull_bastion,hover,turret_gun,true,7663,99.0,1144,8,5,7.1,27.7,0.01,3,0.44,2.51,6.8,5.7,2.9,3.3,429,0.12,""
11000026,hull_bastion,hover,turret_gun,true,11695,62.7,1565,9,6,8.3,78.3,0.03,4,0.36,2.64,7.5,7.9,3.4,4.0,647,0.08,""
11000027,hull_bastion,hover,turret_beam,true,31671,85.2,2294,17,6,24.7,383.2,0.64,33,6.10,3.34,6.8,12.8,6.1,8.9,1688,0.12,""
11000028,hull_bastion,hover,turret_gun,true,32929,77.9,2081,44,8,21.0,141.1,0.19,16,0.86,3.12,6.9,13.0,5.1,7.1,1593,0.25,""
11000029,hull_bastion,hover,turret_beam,true,21122,119.0,1707,15,8,13.2,378.7,6.29,5,0.96,2.65,7.1,9.7,4.6,4.0,1029,0.25,""
11000030,hull_bastion,hover,turret_missile,true,11168,67.3,771,10,8,9.4,1466.4,27.84,522,3.20,2.61,6.6,7.3,3.4,3.8,633,0.12,""
11000031,hull_bastion,hover,turret_gun,true,9005,85.5,663,10,7,6.4,147.5,0.22,18,0.93,2.44,7.1,6.4,2.9,3.0,497,0.35,""
11000032,hull_bastion,hover,turret_missile,true,34962,99.0,2713,21,9,20.4,6417.8,148.56,581,0.42,3.19,7.8,12.3,5.1,7.7,1750,0.17,""
11000033,hull_bastion,hover,turret_gun,true,15707,70.4,1030,10,5,11.1,454.6,0.80,41,1.16,2.73,7.7,8.3,4.4,4.5,816,0.08,""
11000034,hull_bastion,hover,turret_gun,true,31442,62.9,1891,10,7,20.3,580.4,0.02,3,0.48,2.69,7.4,11.8,6.0,4.3,1574,0.12,""
11000035,hull_bastion,hover,turret_gun,true,12591,99.0,1066,31,6,10.9,128.7,0.19,17,0.81,2.66,6.3,7.9,3.6,4.1,680,0.25,""
11000036,hull_bastion,hover,turret_missile,false,26898,56.7,1783,8,5,19.0,405.0,6.43,348,3.80,3.17,8.0,10.5,5.7,7.5,1372,0.08,"overloaded: 26898 kg on running gear rated 26731 kg"
11000037,hull_bastion,hover,turret_beam,true,16973,64.8,1015,16,8,12.1,73.7,17.44,11,2.01,2.72,7.4,8.7,4.0,4.5,820,0.25,""
11000038,hull_bastion,hover,turret_gun,true,7788,125.1,810,26,7,5.3,236.2,0.00,1,0.30,2.54,7.1,6.5,3.2,3.4,498,0.25,""
11000039,hull_bastion,hover,turret_gun,true,27838,77.0,2141,19,7,20.7,96.6,0.15,13,1.03,3.24,6.5,11.7,5.4,8.1,1378,0.12,""
11000040,hull_bastion,hover,turret_beam,true,8908,56.4,651,10,5,7.1,32.0,9.03,3,0.82,2.49,7.5,5.9,3.1,3.2,567,0.17,""
11000041,hull_bastion,hover,turret_missile,true,8308,100.2,677,20,6,5.8,2256.4,47.07,503,4.20,2.40,7.2,6.0,3.0,2.7,478,0.12,""
11000042,hull_bastion,hover,turret_gun,false,32164,107.5,2946,9,5,18.6,538.3,122.43,91,1.27,2.88,12.0,9.5,4.8,5.5,2129,0.08,"overloaded: 32164 kg on running gear rated 21514 kg"
11000043,hull_bastion,hover,turret_missile,true,8025,99.0,707,7,5,6.3,385.7,6.39,361,6.01,2.50,7.1,5.9,3.5,3.3,463,0.17,""
11000044,hull_bastion,hover,turret_gun,true,14340,56.1,929,28,8,11.6,2168.8,0.09,11,0.54,2.77,7.0,7.5,4.5,4.8,777,0.25,""
11000045,hull_bastion,hover,turret_beam,true,33221,77.0,3080,18,5,23.1,2950.4,77.06,508,2.42,3.09,7.4,12.6,5.8,7.0,1684,0.12,""
11000046,hull_bastion,hover,turret_gun,true,16803,89.0,1164,46,7,12.2,152.0,0.05,7,0.46,2.98,6.3,9.5,4.0,6.2,822,0.35,""
11000047,hull_bastion,hover,turret_gun,true,5428,99.5,562,35,7,4.9,23.1,0.01,1,0.37,2.37,7.7,4.6,2.8,2.6,416,0.25,""
11000048,hull_bastion,hover,turret_gun,true,36082,100.6,2588,22,8,22.9,641.6,15.17,35,1.68,3.09,7.8,12.2,6.0,6.9,1756,0.17,""
11000049,hull_bastion,hover,turret_missile,true,7681,79.3,634,10,8,6.8,3576.2,84.02,463,1.75,2.52,7.1,5.9,3.0,3.4,498,0.12,""
11000050,hull_bastion,hover,turret_gun,true,17867,54.4,1151,11,9,10.8,22.3,0.01,1,0.30,2.71,7.0,9.8,3.7,4.4,999,0.12,""
11000051,hull_bastion,hover,turret_gun,true,14937,78.2,1559,50,8,9.7,872.1,0.04,6,0.55,2.80,7.7,8.4,3.3,4.9,943,0.35,""
11000052,hull_bastion,hover,turret_gun,true,15903,77.1,995,33,7,11.6,394.7,0.01,1,0.30,2.71,6.4,8.9,4.4,4.4,758,0.25,""
11000053,hull_bastion,hover,turret_gun,true,27630,76.8,2184,27,8,19.5,3350.5,62.18,607,2.38,3.00,8.0,11.1,4.9,6.3,1754,0.17,""
11000054,hull_bastion,hover,turret_gun,true,12827,63.5,849,31,8,12.0,28.6,0.01,1,0.30,2.68,7.1,7.0,4.1,4.2,693,0.17,""
11000055,hull_bastion,hover,turret_missile,true,26392,78.2,1776,19,6,15.6,499.4,2.47,373,7.23,3.06,7.9,11.2,4.4,6.7,1395,0.12,""
11000056,hull_bastion,hover,turret_gun,true,8668,77.0,668,7,5,6.5,45.4,0.01,1,0.30,2.41,6.5,6.7,3.4,2.8,464,0.08,""
11000057,hull_bastion,hover,turret_missile,true,22355,74.1,1531,105,8,13.0,3414.7,70.36,541,4.11,2.73,8.0,9.3,4.3,4.5,1243,0.70,""
11000058,hull_bastion,hover,turret_beam,true,13376,94.5,1043,10,9,8.9,109.6,18.03,3,0.58,2.68,7.9,7.6,3.4,4.2,737,0.17,""
11000059,hull_bastion,hover,turret_missile,true,24411,76.5,1733,20,5,17.7,8592.9,222.95,784,4.05,2.88,7.1,11.3,4.7,5.5,1377,0.17,""
11000060,hull_bastion,hover,turret_beam,false,54463,110.1,5708,13,5,22.3,4099.8,168.54,477,3.08,3.20,14.5,12.0,5.3,7.8,4337,0.08,"overloaded: 54463 kg on running gear rated 30046 kg"
11000061,hull_bastion,hover,turret_beam,true,11748,74.4,829,12,5,10.6,70.4,7.13,2,0.80,2.77,6.2,8.5,4.1,4.8,609,0.08,""
11000062,hull_bastion,hover,turret_beam,true,12131,52.9,757,17,5,10.5,40.4,22.81,6,0.71,2.70,7.5,6.9,4.3,4.4,628,0.35,""
11000063,hull_bastion,hover,turret_missile,true,10499,72.6,740,11,8,8.7,947.4,22.01,291,4.56,2.58,7.0,7.1,4.0,3.7,587,0.35,""
11000064,hull_bastion,hover,turret_beam,true,13670,101.6,1368,38,5,12.4,152.7,8.42,5,1.09,2.78,7.0,7.7,4.4,4.8,807,0.35,""
11000065,hull_bastion,hover,turret_gun,true,14054,77.0,1109,11,8,10.8,16.4,0.00,1,0.30,2.58,7.6,7.8,4.6,3.6,709,0.17,""
11000066,hull_bastion,hover,turret_gun,false,62444,120.5,5544,13,5,24.4,729.4,135.68,170,1.73,3.19,12.9,13.1,5.1,7.7,3890,0.08,"overloaded: 62444 kg on running gear rated 38862 kg"
11000067,hull_bastion,hover,turret_beam,true,6560,52.0,490,11,6,5.5,21.2,0.08,0,0.42,2.32,7.4,5.1,2.8,2.4,436,0.12,""
11000068,hull_bastion,hover,turret_gun,true,27586,122.4,2332,41,10,17.4,26.1,0.01,1,0.30,3.08,7.7,10.3,5.1,6.8,1386,0.25,""
11000069,hull_bastion,hover,turret_missile,true,8494,84.4,1372,15,6,5.7,2139.9,48.31,543,7.36,2.48,7.5,6.6,2.9,3.2,517,0.12,""
11000070,hull_bastion,hover,turret_missile,true,11343,99.0,990,58,7,8.4,1252.3,21.79,407,1.89,2.53,7.2,6.9,3.4,3.4,614,0.50,""
11000071,hull_bastion,hover,turret_missile,true,10552,99.0,899,14,6,6.0,387.8,6.50,245,3.63,2.60,7.8,7.2,3.2,3.8,607,0.08,""
11000072,hull_bastion,hover,turret_missile,true,27130,82.1,1989,35,5,22.2,6900.1,180.97,641,5.01,3.43,7.1,11.6,5.6,9.7,1488,0.35,""
11000073,hull_bastion,hover,turret_gun,true,32310,74.0,2117,25,7,23.6,542.2,0.90,43,1.17,3.32,7.2,11.6,5.5,8.8,1649,0.17,""
11000074,hull_bastion,hover,turret_missile,true,25130,94.7,1662,23,7,17.7,7115.2,164.96,604,1.54,3.02,6.6,11.6,5.1,6.4,1103,0.25,""
11000075,hull_bastion,hover,turret_beam,false,10523,54.2,739,7,5,8.7,36.0,34.45,4,0.47,2.54,8.7,5.8,4.2,3.4,643,0.08,"overloaded: 10523 kg on running gear rated 9622 kg"
11000076,hull_bastion,hover,turret_beam,true,38801,68.5,2623,29,10,22.7,5604.3,121.92,581,4.56,2.87,7.9,12.8,5.7,5.4,2183,0.17,""
11000077,hull_bastion,hover,turret_missile,false,76673,72.8,6990,7,5,25.9,590.3,211.51,1485,5.79,3.18,17.8,12.8,5.3,7.6,6114,0.08,"overloaded: 76673 kg on running gear rated 34524 kg"
11000078,hull_bastion,hover,turret_beam,true,14439,105.9,1140,21,8,10.5,135.7,0.35,0,1.35,2.79,6.4,9.6,3.9,4.9,748,0.25,""
11000079,hull_bastion,hover,turret_gun,true,12631,78.2,928,11,8,9.0,98.7,0.04,6,0.44,2.56,7.5,7.6,4.1,3.6,723,0.25,""
11000080,hull_bastion,hover,turret_beam,true,19418,84.2,1381,7,5,13.9,132.5,3.69,9,2.72,2.78,7.0,9.8,5.0,4.8,1044,0.12,""
11000081,hull_bastion,hover,turret_beam,true,19488,53.4,1207,43,6,13.0,61.9,18.35,5,0.75,2.73,7.5,9.5,4.1,4.5,1046,0.25,""
11000082,hull_bastion,hover,turret_beam,true,10284,81.8,993,13,7,9.4,73.9,8.24,3,0.89,2.76,7.7,7.0,3.8,4.7,689,0.12,""
11000083,hull_bastion,hover,turret_gun,true,7506,110.9,712,8,6,7.5,91.2,0.13,13,0.79,2.51,6.5,6.1,3.4,3.3,434,0.12,""
11000084,hull_bastion,hover,turret_missile,true,10439,58.4,647,40,5,7.1,931.5,16.87,366,3.71,2.43,6.8,7.7,3.7,2.9,548,0.25,""
11000085,hull_bastion,hover,turret_missile,true,23761,121.5,1877,11,8,14.1,482.0,9.08,453,8.03,2.90,7.1,10.6,4.7,5.6,1107,0.17,""
11000086,hull_bastion,hover,turret_gun,true,28520,53.4,1819,23,6,24.7,80.8,0.02,2,0.30,3.33,6.6,11.7,5.6,8.8,1541,0.35,""
11000087,hull_bastion,hover,turret_missile,true,11216,69.8,808,16,8,8.0,3130.4,73.45,527,5.31,2.55,7.8,6.8,4.2,3.5,619,0.12,""
11000088,hull_bastion,hover,turret_beam,false,58811,121.0,6372,5,5,23.8,645.5,347.52,1469,3.84,3.00,18.7,11.2,5.2,6.3,4728,0.08,"overloaded: 58811 kg on running gear rated 25101 kg"
11000089,hull_bastion,hover,turret_gun,true,12028,60.8,728,21,8,8.8,198.2,0.11,12,0.58,2.58,7.0,7.4,4.0,3.7,596,0.12,""
11000090,hull_bastion,hover,turret_missile,true,11750,92.7,822,20,7,9.4,2269.8,50.92,399,2.17,2.66,6.3,7.9,3.9,4.1,557,0.25,""
11000091,hull_bastion,hover,turret_missile,true,20406,99.0,1539,12,10,10.5,1743.4,41.62,1009,1.74,2.95,7.9,10.2,3.6,6.0,1013,0.25,""
11000092,hull_bastion,hover,turret_beam,true,22973,52.4,1337,27,9,12.5,68.4,0.73,3,4.14,2.94,8.0,10.2,4.2,5.9,1161,0.25,""
11000093,hull_bastion,hover,turret_gun,true,22412,92.4,1639,23,9,15.8,1411.6,0.29,21,0.74,3.04,7.2,10.3,5.0,6.6,1180,0.35,""
11000094,hull_bastion,hover,turret_gun,true,11547,99.0,988,37,6,9.5,227.9,0.42,26,1.16,2.65,7.7,7.0,3.4,4.0,685,0.25,""
11000095,hull_bastion,hover,turret_gun,true,21133,89.9,1428,38,7,16.1,788.8,0.02,2,0.33,2.61,6.5,9.6,5.5,3.8,1008,0.25,""
11000096,hull_bastion,hover,turret_missile,true,15900,99.0,1377,7,6,13.8,915.5,20.15,307,5.78,2.96,6.3,9.2,4.5,6.0,756,0.08,""
11000097,hull_bastion,hover,turret_gun,true,9377,89.6,764,15,7,8.2,228.8,0.30,24,0.83,2.52,7.3,6.4,3.5,3.3,557,0.17,""
11000098,hull_bastion,hover,turret_beam,true,36620,56.2,2536,31,7,24.4,2870.3,67.01,440,3.59,3.42,7.6,13.0,5.3,9.6,2196,0.17,""
11000099,hull_bastion,hover,turret_gun,true,9833,64.1,769,22,9,6.8,76.4,0.10,11,0.80,2.53,7.9,6.0,3.0,3.4,569,0.17,""
11000100,hull_bastion,hover,turret_missile,true,19985,121.0,1748,12,5,14.1,1474.5,30.35,328,0.80,2.67,6.9,9.4,4.4,4.1,1017,0.12,""
11000101,hull_bastion,hover,turret_gun,true,37010,56.3,2300,15,9,22.3,428.0,0.53,30,1.18,3.35,7.6,12.8,5.3,9.1,1978,0.17,""
11000102,hull_bastion,hover,turret_gun,true,12777,99.0,1186,18,13,8.0,28.0,0.01,2,0.46,2.41,7.8,6.8,3.5,2.8,800,0.17,""
11000103,hull_bastion,hover,turret_beam,true,24292,76.7,1503,13,5,16.5,91.2,0.32,0,1.45,3.07,7.1,11.2,4.9,6.8,1151,0.08,""
11000104,hull_bastion,hover,turret_missile,true,27641,60.0,1917,22,6,25.0,13058.5,337.02,687,0.80,3.62,6.4,11.9,5.7,11.4,1559,0.12,""
11000105,hull_bastion,hover,turret_gun,true,31659,69.2,1976,9,5,25.2,288.4,0.52,28,1.30,3.46,6.7,12.8,5.3,10.0,1562,0.08,""
11000106,hull_bastion,hover,turret_gun,true,16721,51.1,1109,36,6,13.9,355.4,0.52,32,0.99,2.76,7.8,8.5,4.7,4.7,964,0.17,""
12000007,hull_bastion,antigrav,turret_missile,true,39520,157.1,936,54,47,5.8,526.4,7.61,362,1.08,2.76,0.0,6.3,3.3,3.1,474,1.00,""
12000008,hull_bastion,antigrav,turret_gun,true,105034,186.0,4790,171,27,16.2,176.5,0.16,17,0.65,3.18,0.0,10.1,8.4,4.0,3018,1.00,""
12000009,hull_bastion,antigrav,turret_missile,true,89353,214.0,6196,61,53,12.2,402.6,6.74,253,3.61,2.97,0.0,9.1,5.4,3.7,4178,1.00,""
12000010,hull_bastion,antigrav,turret_missile,true,203914,240.0,12842,164,43,21.9,5694.1,126.98,730,2.26,3.52,0.0,15.3,10.8,5.1,6621,1.00,""
12000011,hull_bastion,antigrav,turret_missile,true,237981,240.0,10652,133,66,19.9,1637.4,31.97,350,0.43,3.61,0.0,13.1,9.7,9.2,5527,1.00,""
12000012,hull_bastion,antigrav,turret_beam,true,80480,138.2,2867,118,14,20.8,1229.4,19.65,302,11.49,3.46,0.0,13.2,10.0,4.7,1930,1.00,""
12000013,hull_bastion,antigrav,turret_gun,true,243257,240.0,20885,170,61,21.1,516.9,0.82,32,1.17,2.84,0.0,13.3,10.2,4.4,15069,1.00,""
12000014,hull_bastion,antigrav,turret_gun,true,174924,194.4,8808,175,35,22.1,2887.7,60.28,618,5.08,4.22,0.0,14.6,9.7,12.5,6022,1.00,""
12000015,hull_bastion,antigrav,turret_beam,true,356317,185.0,17724,146,74,32.3,533.6,1.10,18,13.89,4.42,0.0,16.0,11.2,14.3,14200,1.00,""
12000016,hull_bastion,antigrav,turret_beam,true,216094,179.1,14135,143,51,23.6,5718.4,124.96,598,4.86,3.33,0.0,15.5,6.0,5.1,11839,1.00,""
12000017,hull_bastion,antigrav,turret_missile,true,191141,192.8,3670,132,74,14.8,5290.3,123.99,818,2.98,3.42,0.0,10.8,8.4,5.6,1875,1.00,""
12000018,hull_bastion,antigrav,turret_missile,true,96752,208.7,4862,87,71,11.0,2675.8,58.86,434,1.97,3.20,0.0,7.8,4.4,5.3,2896,1.00,""
12000019,hull_bastion,antigrav,turret_gun,true,45665,159.5,2060,152,54,6.3,105.6,0.15,15,0.83,2.65,0.0,4.7,5.5,2.8,1623,1.00,""
12000020,hull_bastion,antigrav,turret_missile,true,206181,220.5,7470,112,79,15.8,19409.4,574.66,920,2.20,3.25,0.0,10.1,8.8,4.9,4589,1.00,""
12000021,hull_bastion,antigrav,turret_missile,true,14175,168.6,673,188,13,5.1,4150.0,88.12,520,0.64,2.67,0.0,4.9,3.1,2.8,254,1.00,""
12000022,hull_bastion,antigrav,turret_missile,true,185005,164.5,18303,142,66,18.6,7994.2,217.37,627,2.67,3.64,0.0,13.0,10.2,6.5,16657,1.00,""
12000023,hull_bastion,antigrav,turret_gun,true,56858,133.1,5634,185,21,14.0,330.9,0.51,31,1.05,2.99,0.0,9.4,5.1,5.0,5070,1.00,""
12000024,hull_bastion,antigrav,turret_gun,true,388662,177.1,9452,158,77,33.1,8473.8,211.48,941,3.98,4.27,0.0,15.5,10.5,15.1,6323,1.00,""
12000025,hull_bastion,antigrav,turret_gun,true,68697,158.6,5836,169,28,12.0,2110.4,0.11,12,0.57,2.94,0.0,10.8,4.2,5.4,5013,1.00,""
12000026,hull_bastion,antigrav,turret_gun,true,42130,234.3,1923,113,19,6.6,332.9,0.01,2,0.40,2.76,0.0,5.3,5.6,3.2,485,1.00,""
12000027,hull_bastion,antigrav,turret_gun,true,133708,167.1,10524,84,69,13.8,9376.2,243.20,802,4.30,3.18,0.0,9.6,4.4,5.7,9348,1.00,""
12000028,hull_bastion,antigrav,turret_beam,true,113305,171.8,4766,52,25,21.7,173.1,0.15,6,5.45,3.55,0.0,13.5,9.5,8.9,2896,1.00,""
12000029,hull_bastion,antigrav,turret_gun,true,38323,167.2,943,89,62,6.2,59.0,0.03,5,0.58,2.75,0.0,4.8,2.8,3.1,449,1.00,""
12000030,hull_bastion,antigrav,turret_missile,true,155295,240.0,8447,109,70,14.1,7014.7,227.90,665,9.07,2.86,0.0,9.4,8.0,4.6,2719,1.00,""
12000031,hull_bastion,antigrav,turret_beam,true,100791,213.6,2980,80,66,9.3,43.5,0.14,0,2.08,2.85,0.0,9.8,3.9,4.9,1445,1.00,""
12000032,hull_bastion,antigrav,turret_missile,true,295196,178.9,14790,88,73,25.6,4798.3,83.35,505,1.94,4.24,0.0,15.2,6.8,11.9,12279,1.00,""
12000033,hull_bastion,antigrav,turret_gun,true,47372,124.1,3679,122,12,12.9,1044.7,0.34,24,0.83,3.14,0.0,10.6,7.5,5.3,3247,1.00,""
12000034,hull_bastion,antigrav,turret_beam,true,177177,163.3,14965,177,43,22.5,713.6,127.65,820,5.31,3.35,0.0,12.1,9.9,8.1,13284,1.00,""
12000035,hull_bastion,antigrav,turret_gun,true,58619,138.8,2639,60,21,16.6,3814.5,80.81,607,3.26,2.85,0.0,11.2,4.8,4.5,1878,1.00,""
12000036,hull_bastion,antigrav,turret_gun,true,36319,141.4,704,45,27,7.8,768.6,0.03,4,0.45,2.40,0.0,5.5,6.7,2.8,329,1.00,""
12000037,hull_bastion,antigrav,turret_missile,true,172739,227.5,9349,161,44,26.5,2883.8,48.91,474,0.75,4.28,0.0,14.6,6.5,12.3,3764,1.00,""
12000038,hull_bastion,antigrav,turret_gun,true,138860,149.1,11744,105,41,19.2,191.3,2.02,374,2.90,3.37,0.0,11.8,8.9,7.2,10651,1.00,""
12000039,hull_bastion,antigrav,turret_gun,true,228641,240.0,9586,86,75,21.0,215.0,0.19,15,0.74,3.95,0.0,13.4,6.2,9.0,4366,1.00,""
12000040,hull_bastion,antigrav,turret_gun,true,39563,187.4,1401,157,27,7.9,194.5,0.11,13,0.63,2.66,0.0,7.9,3.4,3.1,512,1.00,""
12000041,hull_bastion,antigrav,turret_beam,true,167842,240.0,7577,95,82,12.0,180.1,0.33,0,1.72,3.21,0.0,8.9,8.0,4.6,1620,1.00,""
12000042,hull_bastion,antigrav,turret_gun,true,122987,176.7,9189,134,32,16.6,1875.4,41.78,572,9.90,3.69,0.0,12.7,8.8,7.4,7622,1.00,""
12000043,hull_bastion,antigrav,turret_gun,true,54941,160.0,2032,21,17,16.9,86.2,0.05,7,0.44,3.26,0.0,10.4,9.0,7.6,849,1.00,""
12000044,hull_bastion,antigrav,turret_gun,true,43094,182.2,4534,174,18,9.1,135.5,0.05,7,0.43,2.85,0.0,7.3,6.8,4.2,3589,1.00,""
12000045,hull_bastion,antigrav,turret_gun,true,149452,170.9,16704,153,63,15.9,430.0,0.72,39,1.09,3.45,0.0,10.8,9.2,5.5,15355,1.00,""
12000046,hull_bastion,antigrav,turret_gun,true,56786,164.9,3092,120,40,10.6,371.2,0.71,39,1.09,3.08,0.0,7.1,4.1,4.9,1979,1.00,""
12000047,hull_bastion,antigrav,turret_gun,true,50419,131.9,1595,125,34,11.2,293.8,0.39,28,0.87,2.78,0.0,7.0,5.0,4.1,1132,1.00,""
12000048,hull_bastion,antigrav,turret_beam,true,277667,240.0,11775,132,72,26.2,7836.5,199.56,783,6.64,4.06,0.0,14.7,5.8,15.6,2751,1.00,""
12000049,hull_bastion,antigrav,turret_gun,true,63982,203.1,4757,63,31,12.3,1356.3,0.05,7,0.44,3.14,0.0,9.5,4.5,3.8,3008,1.00,""
12000050,hull_bastion,antigrav,turret_beam,true,100421,175.1,3855,79,22,20.3,466.7,7.07,301,5.09,3.46,0.0,12.9,9.4,9.6,2011,1.00,""
12000051,hull_bastion,antigrav,turret_gun,true,22189,124.6,375,110,26,5.1,65.7,0.01,2,0.30,2.50,0.0,5.7,3.6,2.2,208,1.00,""
12000052,hull_bastion,antigrav,turret_gun,true,168909,240.0,8461,87,76,15.8,792.3,0.03,3,0.41,3.52,0.0,10.8,5.3,6.1,2600,1.00,""
12000053,hull_bastion,antigrav,turret_gun,true,114824,229.2,7779,156,42,14.7,173.0,0.09,11,0.53,3.32,0.0,10.0,7.9,4.9,4777,1.00,""
12000054,hull_bastion,antigrav,turret_missile,true,239611,240.0,28750,64,51,26.7,3420.3,58.82,672,1.39,4.26,0.0,14.7,9.4,12.7,20873,1.00,""
12000055,hull_bastion,antigrav,turret_missile,true,26862,178.3,2606,149,34,6.0,10815.9,288.48,857,3.72,2.57,0.0,5.9,3.3,3.5,2023,1.00,""
12000056,hull_bastion,antigrav,turret_missile,true,20467,147.0,1017,139,12,4.9,981.1,17.19,460,3.99,2.68,0.0,5.0,4.9,2.7,754,1.00,""
12000057,hull_bastion,antigrav,turret_gun,true,124806,240.0,4922,124,62,13.2,135.1,0.06,8,0.48,3.05,0.0,8.8,7.7,3.8,1323,1.00,""
12000058,hull_bastion,antigrav,turret_gun,true,22000,130.3,2522,33,23,6.7,74.0,0.04,6,0.71,2.71,0.0,5.4,3.7,3.2,2090,1.00,""
12000059,hull_bastion,antigrav,turret_gun,true,131106,195.9,4856,111,52,14.1,424.3,0.76,35,1.28,3.36,0.0,9.4,7.6,6.8,2715,1.00,""
12000060,hull_bastion,antigrav,turret_missile,true,62064,181.3,4850,150,32,9.3,715.3,11.86,311,2.30,3.21,0.0,9.4,4.6,4.0,3910,1.00,""
12000061,hull_bastion,antigrav,turret_gun,true,211371,195.2,6473,164,63,22.0,232.4,0.20,7,5.38,4.01,0.0,12.6,6.5,11.1,3669,1.00,""
12000062,hull_bastion,antigrav,turret_missile,true,202557,195.4,4607,164,80,16.3,10096.9,242.11,862,1.39,2.99,0.0,10.0,8.2,5.1,2540,1.00,""
12000063,hull_bastion,antigrav,turret_gun,true,99109,147.4,5298,29,23,17.0,44.6,0.01,3,0.39,3.61,0.0,12.3,8.4,8.6,4363,1.00,""
12000064,hull_bastion,antigrav,turret_gun,true,106998,177.2,2526,75,59,9.9,740.2,0.02,3,0.32,2.80,0.0,8.7,7.7,3.7,1593,1.00,""
12000065,hull_bastion,antigrav,turret_missile,true,81681,190.5,3655,30,17,23.6,8079.1,186.65,627,1.25,3.30,0.0,15.6,7.0,5.1,887,1.00,""
12000066,hull_bastion,antigrav,turret_beam,true,129141,205.0,7833,80,26,23.5,1575.2,175.68,1894,8.48,3.69,0.0,13.9,5.9,7.9,4360,1.00,""
12000067,hull_bastion,antigrav,turret_missile,true,32333,227.4,1587,77,63,5.0,17767.8,505.85,842,0.94,2.70,0.0,4.7,2.5,3.1,587,1.00,""
12000068,hull_bastion,antigrav,turret_gun,true,45280,115.2,1655,115,14,16.1,428.4,0.42,19,0.84,3.31,0.0,10.6,4.5,7.6,1204,1.00,""
12000069,hull_bastion,antigrav,turret_missile,true,118949,164.6,5253,39,34,17.1,10820.7,254.73,899,0.87,3.58,0.0,11.9,9.0,7.5,3921,1.00,""
12000070,hull_bastion,antigrav,turret_gun,true,53500,240.0,3166,93,47,6.6,87.5,0.04,6,0.59,3.04,0.0,8.2,3.5,3.1,1198,1.00,""
12000071,hull_bastion,antigrav,turret_gun,true,16150,168.8,796,32,20,5.2,88.1,0.02,3,0.34,2.59,0.0,5.7,3.0,2.6,369,1.00,""
12000072,hull_bastion,antigrav,turret_beam,true,44006,162.4,1404,143,29,9.7,279.8,65.72,7,0.45,3.09,0.0,6.8,3.2,4.0,694,1.00,""
12000073,hull_bastion,antigrav,turret_beam,true,289209,240.0,14030,135,62,23.7,1111.6,2.47,28,6.78,3.42,0.0,13.9,10.4,4.5,6515,1.00,""
12000074,hull_bastion,antigrav,turret_missile,true,108635,187.6,3258,161,34,18.3,2919.8,73.15,472,5.13,3.39,0.0,10.8,5.5,7.3,1131,1.00,""
12000075,hull_bastion,antigrav,turret_beam,true,36568,187.0,2015,87,54,5.7,193.1,0.48,0,0.35,2.73,0.0,5.5,3.5,3.6,1287,1.00,""
12000076,hull_bastion,antigrav,turret_missile,true,187514,240.0,16510,96,56,18.0,2190.0,38.17,444,0.61,3.60,0.0,11.4,9.1,6.6,11853,1.00,""
12000077,hull_bastion,antigrav,turret_gun,true,83480,181.7,1619,79,59,8.0,108.6,0.04,6,0.43,2.69,0.0,6.4,6.4,3.0,804,1.00,""
12000078,hull_bastion,antigrav,turret_missile,true,49469,121.6,2391,85,16,12.5,1370.4,26.46,457,5.54,2.75,0.0,10.4,7.2,3.8,1999,1.00,""
12000079,hull_bastion,antigrav,turret_beam,true,127898,240.0,8892,89,43,14.4,70.1,0.14,0,3.33,3.45,0.0,9.9,8.2,5.6,3974,1.00,""
12000080,hull_bastion,antigrav,turret_gun,true,121378,214.7,4732,121,41,15.1,2791.0,10.15,14,1.83,3.18,0.0,12.5,5.4,4.3,2206,1.00,""
12000081,hull_bastion,antigrav,turret_gun,true,167863,240.0,12573,94,63,17.2,768.4,1.52,47,1.32,3.65,0.0,12.5,4.9,6.7,8415,1.00,""
12000082,hull_bastion,antigrav,turret_gun,true,178640,207.0,17310,166,68,15.2,382.5,0.47,31,0.91,3.38,0.0,12.0,8.3,6.0,15000,1.00,""
12000083,hull_bastion,antigrav,turret_gun,true,83761,240.0,6169,93,78,6.1,27.9,0.01,1,0.30,2.71,0.0,7.2,6.3,2.8,4527,1.00,""
12000084,hull_bastion,antigrav,turret_gun,true,139036,214.5,7125,92,69,12.5,155.5,0.25,20,0.95,2.87,0.0,8.4,8.0,4.5,5030,1.00,""
12000085,hull_bastion,antigrav,turret_gun,true,249737,240.0,14073,154,44,23.2,631.2,1.02,44,1.24,3.60,0.0,14.6,10.6,10.0,8175,1.00,""
12000086,hull_bastion,antigrav,turret_gun,true,63315,195.9,3390,146,41,9.7,51.6,0.08,9,0.94,2.98,0.0,8.5,4.0,4.1,2149,1.00,""
12000087,hull_bastion,antigrav,turret_beam,true,99571,192.3,9552,66,10,22.6,1086.2,166.74,2074,11.80,3.74,0.0,13.5,5.6,7.7,6784,1.00,""
12000088,hull_bastion,antigrav,turret_gun,true,154828,208.7,7857,110,30,27.6,1179.9,16.32,368,1.41,3.76,0.0,13.9,9.9,10.6,3390,1.00,""
12000089,hull_bastion,antigrav,turret_gun,true,304632,182.1,7088,86,75,32.9,1670.6,0.18,14,0.60,4.47,0.0,14.3,11.5,16.7,3693,1.00,""
12000090,hull_bastion,antigrav,turret_gun,true,46553,170.2,1694,37,27,12.2,84.6,0.03,4,0.38,3.04,0.0,7.6,7.8,3.9,678,1.00,""
12000091,hull_bastion,antigrav,turret_gun,true,85676,172.6,10703,157,23,18.9,170.9,0.06,8,0.48,3.78,0.0,12.3,5.0,8.2,8969,1.00,""
12000092,hull_bastion,antigrav,turret_missile,true,174750,156.2,4876,128,49,20.6,4665.8,108.22,616,6.25,3.15,0.0,14.8,5.7,4.9,3540,1.00,""
12000093,hull_bastion,antigrav,turret_gun,true,115369,194.1,4080,41,33,18.6,11491.3,289.21,786,1.09,3.00,0.0,12.8,5.9,5.2,1779,1.00,""
12000094,hull_bastion,antigrav,turret_missile,true,197257,198.6,15344,131,63,17.4,3601.9,62.25,495,7.49,3.27,0.0,12.7,5.7,4.7,13037,1.00,""
12000095,hull_bastion,antigrav,turret_missile,true,351498,240.0,19398,97,62,27.0,33949.5,1012.25,1028,5.23,3.65,0.0,15.6,10.8,5.6,6756,1.00,""
12000096,hull_bastion,antigrav,turret_gun,true,34226,192.0,3329,149,16,6.9,1685.0,0.09,11,0.65,2.51,0.0,6.4,5.6,2.8,2500,1.00,""
12000097,hull_bastion,antigrav,turret_beam,true,19028,165.0,682,97,22,5.7,173.0,2.77,2,1.08,2.71,0.0,5.4,3.1,2.6,248,1.00,""
12000098,hull_bastion,antigrav,turret_gun,true,98154,163.6,5551,90,15,22.9,1634.2,0.28,19,0.75,3.12,0.0,16.0,6.0,5.0,3850,1.00,""
12000099,hull_bastion,antigrav,turret_gun,true,51707,197.6,2801,59,18,10.6,44.8,0.01,2,0.30,2.89,0.0,7.3,6.9,3.8,1410,1.00,""
12000100,hull_bastion,antigrav,turret_missile,true,57532,143.9,3506,129,18,11.7,13306.9,318.69,864,6.11,2.94,0.0,10.1,7.2,4.2,2905,1.00,""
12000101,hull_bastion,antigrav,turret_gun,true,143230,182.1,14327,155,42,18.1,169.1,0.20,19,0.75,3.15,0.0,12.7,5.6,4.6,12477,1.00,""
12000102,hull_bastion,antigrav,turret_missile,true,121274,240.0,9581,77,63,13.5,4509.5,91.92,603,0.81,3.60,0.0,10.6,4.6,6.8,5517,1.00,""
12000103,hull_bastion,antigrav,turret_missile,true,71474,240.0,3870,150,35,9.1,1179.5,21.20,488,3.56,3.00,0.0,7.9,6.9,4.3,1038,1.00,""
12000104,hull_bastion,antigrav,turret_beam,true,114095,204.4,3489,94,80,8.9,77.1,0.14,0,1.81,2.86,0.0,8.1,7.2,3.4,2208,1.00,""
12000105,hull_bastion,antigrav,turret_gun,true,81949,196.8,5234,35,28,17.0,157.4,0.23,20,0.81,3.48,0.0,12.0,5.5,7.1,3022,1.00,""
12000106,hull_bastion,antigrav,turret_gun,true,81448,240.0,6905,155,37,11.3,90.5,0.16,13,1.14,2.98,0.0,7.6,7.0,4.6,3511,1.00,""
13000007,hull_bastion,rotor,turret_missile,true,25213,190.4,8415,21,17,9.7,2450.6,58.47,433,4.77,3.36,0.0,16.5,18.6,4.5,6827,0.70,""
13000008,hull_bastion,rotor,turret_gun,true,21839,104.8,5559,24,5,10.8,338.0,0.22,20,0.72,2.91,0.0,21.9,21.9,4.9,4655,0.12,""
13000009,hull_bastion,rotor,turret_beam,true,21239,223.1,7648,20,14,8.0,127.5,0.31,0,0.61,4.00,0.0,15.6,17.6,4.4,5560,0.17,""
13000010,hull_bastion,rotor,turret_missile,false,16447,133.6,11760,7,5,10.4,3959.8,82.79,761,1.60,4.00,0.0,10.0,8.2,6.1,11044,0.08,"overloaded: 16447 kg on running gear rated 4440 kg"
13000011,hull_bastion,rotor,turret_missile,false,9586,82.5,9323,9,5,7.7,544.2,11.76,263,7.14,3.32,0.0,7.1,5.0,3.1,9214,0.08,"overloaded: 9586 kg on running gear rated 1263 kg"
13000012,hull_bastion,rotor,turret_gun,false,8388,124.0,7473,7,6,5.6,341.6,0.01,2,0.30,4.00,0.0,6.8,5.3,2.5,7220,0.08,"overloaded: 8388 kg on running gear rated 1378 kg"
13000013,hull_bastion,rotor,turret_gun,false,9966,89.1,6242,8,5,9.0,204.2,0.11,13,0.67,3.41,0.0,7.4,7.7,4.3,6080,0.08,"overloaded: 9966 kg on running gear rated 3259 kg"
13000014,hull_bastion,rotor,turret_beam,true,83979,161.0,29885,15,11,24.0,946.2,116.56,74,1.16,4.00,0.0,24.8,28.0,6.2,27503,0.35,""
13000015,hull_bastion,rotor,turret_gun,true,53087,154.9,18045,38,16,14.8,207.5,0.27,22,0.86,3.87,0.0,20.5,23.1,5.3,16730,0.35,""
13000016,hull_bastion,rotor,turret_beam,false,11590,80.1,11156,7,5,8.2,39.7,3.26,1,0.88,4.00,0.0,7.2,6.0,4.3,11045,0.08,"overloaded: 11590 kg on running gear rated 1553 kg"
13000017,hull_bastion,rotor,turret_gun,false,5780,97.6,5484,7,6,4.0,17.8,0.01,1,0.35,3.52,0.0,5.2,4.4,1.7,5397,0.08,"overloaded: 5780 kg on running gear rated 807 kg"
13000018,hull_bastion,rotor,turret_gun,false,8968,79.8,5411,14,5,7.6,49.3,0.01,2,0.30,3.25,0.0,7.3,7.2,2.7,5309,0.08,"overloaded: 8968 kg on running gear rated 3114 kg"
13000019,hull_bastion,rotor,turret_beam,false,99052,118.9,36344,3,5,27.3,434.1,349.97,239,1.21,4.00,0.0,24.8,28.0,6.2,35230,0.08,"overloaded: 99052 kg on running gear rated 95300 kg"
13000020,hull_bastion,rotor,turret_missile,true,18566,71.9,3899,28,5,9.0,4708.4,102.05,562,1.06,2.86,0.0,21.3,21.3,4.7,3754,0.17,""
13000021,hull_bastion,rotor,turret_missile,true,58693,115.3,19224,33,29,14.7,46.1,0.62,263,5.66,4.00,0.0,21.4,24.1,5.6,18664,0.35,""
13000022,hull_bastion,rotor,turret_gun,false,13004,94.6,7056,8,5,9.0,37.3,0.01,2,0.44,4.00,0.0,9.8,9.2,5.1,6864,0.08,"overloaded: 13004 kg on running gear rated 5682 kg"
13000023,hull_bastion,rotor,turret_gun,false,9023,89.4,6258,7,5,6.3,154.2,0.12,14,0.61,4.00,0.0,8.2,6.0,2.7,6143,0.08,"overloaded: 9023 kg on running gear rated 2369 kg"
13000024,hull_bastion,rotor,turret_beam,false,34864,136.9,35307,7,5,14.1,342.8,103.72,61,1.11,4.00,0.0,9.9,8.5,4.4,34435,0.08,"overloaded: 34864 kg on running gear rated 4350 kg"
13000025,hull_bastion,rotor,turret_gun,true,90575,147.7,32290,50,25,19.0,17.8,0.00,1,0.30,3.63,0.0,24.8,28.0,6.4,30806,0.35,""
13000026,hull_bastion,rotor,turret_beam,false,16126,112.7,15822,8,5,9.6,130.1,0.81,2,2.30,3.30,0.0,9.2,6.6,3.9,15460,0.08,"overloaded: 16126 kg on running gear rated 2135 kg"
13000027,hull_bastion,rotor,turret_missile,true,49342,140.2,16327,79,32,12.0,1657.4,39.66,368,5.10,3.26,0.0,19.8,22.3,5.2,15536,0.70,""
13000028,hull_bastion,rotor,turret_missile,false,9615,65.0,12385,7,5,6.8,26631.9,810.43,1065,1.33,3.48,0.0,5.3,4.3,3.3,12321,0.08,"overloaded: 9615 kg on running gear rated 713 kg"
13000029,hull_bastion,rotor,turret_beam,true,41886,118.9,13783,65,24,11.3,179.6,2.62,0,0.56,3.31,0.0,18.1,20.4,4.9,13320,0.50,""
13000030,hull_bastion,rotor,turret_gun,false,8198,96.3,6255,7,5,5.7,111.2,0.05,7,0.50,3.89,0.0,6.6,5.9,3.1,5926,0.08,"overloaded: 8198 kg on running gear rated 1910 kg"
13000031,hull_bastion,rotor,turret_gun,true,84108,162.2,29458,31,23,18.7,62.0,0.01,1,0.30,4.00,0.0,24.8,28.0,6.4,27566,0.50,""
13000032,hull_bastion,rotor,turret_missile,true,83565,106.8,27942,25,19,21.4,1046.5,22.99,317,4.80,4.00,0.0,24.8,28.0,6.3,27300,0.35,""
13000033,hull_bastion,rotor,turret_missile,true,25673,128.6,6039,16,11,9.8,712.5,13.89,435,7.45,3.80,0.0,23.5,23.5,5.0,5543,0.25,""
13000034,hull_bastion,rotor,turret_missile,false,11033,123.3,8840,7,5,8.5,2121.2,47.93,405,3.67,3.10,0.0,8.0,6.6,3.7,8449,0.08,"overloaded: 11033 kg on running gear rated 2290 kg"
13000035,hull_bastion,rotor,turret_gun,true,42405,153.3,14520,44,20,11.8,176.2,0.10,12,0.61,3.82,0.0,18.2,20.5,5.1,13484,0.50,""
13000036,hull_bastion,rotor,turret_gun,true,39331,192.6,13332,101,11,12.0,80.9,0.03,5,0.48,4.00,0.0,19.4,21.8,5.0,11310,0.70,""
13000037,hull_bastion,rotor,turret_missile,true,67083,137.3,22850,28,13,21.5,55.9,0.70,267,3.28,4.00,0.0,22.9,25.8,6.4,21287,1.00,""
13000038,hull_bastion,rotor,turret_gun,true,21986,83.3,4838,21,7,9.3,10.2,0.00,1,0.30,4.00,0.0,21.9,21.9,4.7,4703,0.17,""
13000039,hull_bastion,rotor,turret_gun,false,6966,121.1,6130,12,5,6.8,32.4,0.01,2,0.35,4.00,0.0,5.2,5.0,3.1,5838,0.08,"overloaded: 6966 kg on running gear rated 1207 kg"
13000040,hull_bastion,rotor,turret_missile,true,52996,180.4,18756,112,17,14.4,3192.6,82.84,489,6.16,3.93,0.0,20.4,23.0,5.4,16753,0.70,""
13000041,hull_bastion,rotor,turret_gun,true,93248,137.8,33380,36,30,19.3,57.2,0.04,6,0.66,4.00,0.0,24.8,28.0,6.4,32179,0.50,""
13000042,hull_bastion,rotor,turret_gun,true,87109,123.8,29938,54,29,19.5,60.0,0.03,5,0.49,3.52,0.0,24.8,28.0,6.2,29055,0.70,""
13000043,hull_bastion,rotor,turret_beam,true,33607,170.8,11377,77,22,9.2,213.9,0.68,0,0.84,4.00,0.0,16.8,18.9,4.7,10290,0.50,""
13000044,hull_bastion,rotor,turret_gun,true,87514,145.4,30706,42,25,19.8,37.6,0.01,3,0.38,3.62,0.0,24.8,28.0,6.2,29257,0.35,""
13000045,hull_bastion,rotor,turret_beam,false,23606,97.4,21005,13,5,12.3,107.2,49.51,15,1.26,3.57,0.0,9.2,8.1,4.2,20724,0.08,"overloaded: 23606 kg on running gear rated 3728 kg"
13000046,hull_bastion,rotor,turret_beam,true,93531,138.3,33528,35,29,19.2,36.7,0.12,0,1.03,3.86,0.0,24.8,28.0,6.5,32326,0.50,""
13000047,hull_bastion,rotor,turret_missile,false,6303,192.0,6964,7,5,4.8,1313.7,21.34,481,0.76,3.97,0.0,4.7,4.8,2.2,6165,0.08,"overloaded: 6303 kg on running gear rated 802 kg"
13000048,hull_bastion,rotor,turret_gun,false,15226,139.7,16198,13,5,10.5,172.3,0.24,21,0.75,4.00,0.0,7.8,6.5,4.1,15503,0.08,"overloaded: 15226 kg on running gear rated 1788 kg"
13000049,hull_bastion,rotor,turret_gun,true,87973,128.6,30401,36,29,18.0,63.3,0.09,10,0.93,4.00,0.0,24.8,28.0,6.2,29488,0.50,""
13000050,hull_bastion,rotor,turret_gun,true,43370,144.7,14534,71,29,11.4,140.1,0.09,11,0.55,3.52,0.0,18.5,20.8,5.0,13709,0.70,""
13000051,hull_bastion,rotor,turret_missile,false,14829,86.0,11376,7,5,11.5,2334.8,49.24,475,4.03,4.00,0.0,9.4,7.5,4.9,11195,0.08,"overloaded: 14829 kg on running gear rated 3167 kg"
13000052,hull_bastion,rotor,turret_gun,true,88119,136.4,30695,164,19,18.6,361.1,0.62,28,1.14,4.00,0.0,24.8,28.0,6.2,29561,1.00,""
13000053,hull_bastion,rotor,turret_gun,false,14951,132.2,14227,12,6,9.6,298.8,0.04,5,0.42,4.00,0.0,7.8,6.8,3.3,13698,0.08,"overloaded: 14951 kg on running gear rated 2168 kg"
13000054,hull_bastion,rotor,turret_missile,true,80418,109.5,26364,61,20,18.8,4598.2,105.87,493,0.43,4.00,0.0,24.8,28.0,6.5,25772,0.50,""
13000055,hull_bastion,rotor,turret_missile,true,49706,151.9,16935,22,18,14.5,4828.1,116.76,514,1.29,3.99,0.0,19.8,22.3,5.4,15724,0.35,""
13000056,hull_bastion,rotor,turret_gun,false,11626,185.0,14884,9,5,7.3,34.4,0.01,2,0.38,4.00,0.0,6.7,5.4,2.8,13786,0.08,"overloaded: 11626 kg on running gear rated 1006 kg"
13000057,hull_bastion,rotor,turret_beam,true,79938,131.1,26701,22,18,21.6,240.4,0.41,1,1.77,4.00,0.0,24.8,28.0,6.5,25542,0.35,""
13000058,hull_bastion,rotor,turret_gun,true,37021,132.1,12398,73,19,11.2,122.4,0.07,9,0.57,4.00,0.0,17.0,19.1,4.9,11774,0.70,""
13000059,hull_bastion,rotor,turret_beam,false,4529,70.5,4034,12,5,3.9,12.9,3.60,0,0.47,3.63,0.0,4.0,4.2,2.3,4000,0.08,"overloaded: 4529 kg on running gear rated 707 kg"
13000060,hull_bastion,rotor,turret_missile,true,26619,55.2,6223,19,7,10.7,1186.0,21.57,321,0.42,3.69,0.0,24.1,24.1,5.0,5691,0.17,""
13000061,hull_bastion,rotor,turret_gun,true,81985,134.1,27851,24,15,22.7,4188.1,88.43,916,0.90,3.37,0.0,24.8,28.0,6.6,26529,0.25,""
13000062,hull_bastion,rotor,turret_gun,true,50674,144.0,16899,69,21,13.3,1397.2,0.06,8,0.50,3.40,0.0,20.1,22.6,5.3,15959,0.70,""
13000063,hull_bastion,rotor,turret_gun,false,6240,107.4,5741,13,6,3.5,934.9,0.03,5,0.48,4.00,0.0,5.6,4.3,2.5,5602,0.08,"overloaded: 6240 kg on running gear rated 943 kg"
13000064,hull_bastion,rotor,turret_gun,true,41248,169.9,15224,22,14,13.5,196.9,0.27,22,0.80,4.00,0.0,18.0,20.3,5.1,13031,0.25,""
13000065,hull_bastion,rotor,turret_gun,true,82316,118.0,27448,37,15,19.3,540.6,0.01,2,0.33,4.00,0.0,24.8,28.0,6.5,26690,0.25,""
13000066,hull_bastion,rotor,turret_beam,true,24748,196.4,8376,44,15,8.5,176.3,0.64,0,0.59,4.00,0.0,16.2,18.2,4.4,6753,1.00,""
13000067,hull_bastion,rotor,turret_gun,true,18616,243.1,7305,28,7,8.4,25.8,0.01,1,0.30,2.99,0.0,16.0,18.0,4.4,4460,0.35,""
13000068,hull_bastion,rotor,turret_missile,true,41702,153.8,14277,111,13,12.6,20412.8,606.78,999,2.82,4.00,0.0,18.1,20.4,5.2,13191,1.00,""
13000069,hull_bastion,rotor,turret_gun,false,20547,96.3,18665,11,5,13.3,646.7,0.53,24,1.08,4.00,0.0,10.3,7.5,4.4,18370,0.08,"overloaded: 20547 kg on running gear rated 3129 kg"
13000070,hull_bastion,rotor,turret_missile,false,10516,79.5,6848,7,5,9.6,11007.9,320.95,748,3.97,4.00,0.0,7.4,8.2,3.9,6628,0.08,"overloaded: 10516 kg on running gear rated 3222 kg"
13000071,hull_bastion,rotor,turret_missile,false,3956,109.1,2670,14,5,2.9,551.8,9.83,449,5.20,3.64,0.0,5.0,4.6,2.0,2580,0.08,"overloaded: 3956 kg on running gear rated 1131 kg"
13000072,hull_bastion,rotor,turret_beam,false,22285,0.0,5303,9,5,9.2,0.0,2.62,1,0.71,2.91,0.0,22.8,22.8,4.9,4625,0.08,"cannot hover: rotors need 4625.1 kW, 4548.2 kW available"
13000073,hull_bastion,rotor,turret_beam,true,82237,119.9,27364,41,29,17.4,174.1,0.36,1,2.72,3.50,0.0,24.8,28.0,6.2,26651,0.70,""
13000074,hull_bastion,rotor,turret_missile,true,35470,118.8,12291,20,13,13.2,829.7,16.02,304,3.81,3.94,0.0,16.7,18.8,5.1,11225,1.00,""
13000075,hull_bastion,rotor,turret_gun,true,91187,153.9,32921,35,23,20.8,355.4,0.57,33,1.08,3.61,0.0,24.8,28.0,6.6,31119,0.50,""
13000076,hull_bastion,rotor,turret_missile,true,81717,136.8,27798,20,17,22.0,18029.4,507.31,892,4.77,4.00,0.0,24.8,28.0,6.6,26399,0.25,""
13000077,hull_bastion,rotor,turret_beam,true,19723,261.1,7765,105,10,6.9,148.6,0.36,0,0.52,3.04,0.0,15.9,18.0,4.3,4882,0.70,""
13000078,hull_bastion,rotor,turret_gun,true,26449,205.7,9910,11,8,11.5,387.4,0.72,39,1.12,3.51,0.0,17.4,19.6,4.6,6942,0.17,""
13000079,hull_bastion,rotor,turret_gun,false,6443,165.8,6165,7,5,4.2,1447.2,0.07,9,0.60,3.31,0.0,5.8,4.6,1.9,5710,0.08,"overloaded: 6443 kg on running gear rated 998 kg"
13000080,hull_bastion,rotor,turret_missile,true,67139,177.0,23475,94,15,16.6,647.3,12.94,306,6.40,3.85,0.0,22.9,25.9,5.9,21295,0.70,""
13000081,hull_bastion,rotor,turret_gun,true,86615,140.6,30105,29,25,19.5,1162.3,18.71,403,1.25,4.00,0.0,24.8,28.0,6.4,28808,0.35,""
13000082,hull_bastion,rotor,turret_gun,true,82515,145.3,28176,31,18,19.1,210.6,0.33,24,0.95,4.00,0.0,24.8,28.0,6.4,26787,0.70,""
13000083,hull_bastion,rotor,turret_gun,true,59336,127.1,19527,95,15,15.2,40.0,0.01,2,0.34,3.81,0.0,21.6,24.3,5.7,18790,0.70,""
13000084,hull_bastion,rotor,turret_beam,false,8774,118.3,5200,7,5,6.6,104.2,3.05,4,1.65,4.00,0.0,7.5,7.9,2.4,4938,0.08,"overloaded: 8774 kg on running gear rated 3372 kg"
13000085,hull_bastion,rotor,turret_gun,true,85712,159.1,30369,88,19,21.0,80.5,0.05,7,0.55,3.79,0.0,24.8,28.0,6.2,28359,0.70,""
13000086,hull_bastion,rotor,turret_missile,false,19819,97.9,23179,11,5,13.5,16343.1,441.51,887,1.07,4.06,0.0,9.0,6.1,5.2,22848,0.08,"overloaded: 19819 kg on running gear rated 1815 kg"
13000087,hull_bastion,rotor,turret_gun,false,7076,120.2,3688,13,5,5.5,360.2,0.61,34,1.12,4.00,0.0,6.4,8.0,2.6,3455,0.08,"overloaded: 7076 kg on running gear rated 3613 kg"
13000088,hull_bastion,rotor,turret_missile,true,53581,144.2,18037,23,19,15.3,299.2,4.69,279,4.76,4.00,0.0,20.5,23.2,5.7,16947,1.00,""
13000089,hull_bastion,rotor,turret_gun,true,88047,143.6,31098,61,25,19.7,174.9,0.09,11,0.67,4.00,0.0,24.8,28.0,6.3,29525,0.35,""
13000090,hull_bastion,rotor,turret_gun,true,61379,157.0,20809,38,20,15.3,269.0,0.43,27,1.08,3.81,0.0,22.0,24.8,5.7,19399,0.25,""
13000091,hull_bastion,rotor,turret_missile,false,13538,88.3,8021,7,5,9.6,1300.8,24.39,325,5.04,4.00,0.0,10.5,8.8,4.0,7853,0.08,"overloaded: 13538 kg on running gear rated 4896 kg"
13000092,hull_bastion,rotor,turret_gun,false,14246,95.3,14864,7,5,10.0,299.8,0.45,31,0.91,4.00,0.0,8.0,5.6,4.3,14650,0.08,"overloaded: 14246 kg on running gear rated 1639 kg"
13000093,hull_bastion,rotor,turret_beam,false,20804,200.2,35350,12,5,6.5,496.9,43.86,6,0.50,3.03,0.0,4.3,4.8,3.0,34100,0.08,"overloaded: 20804 kg on running gear rated 943 kg"
13000094,hull_bastion,rotor,turret_gun,true,84439,159.8,30169,20,17,20.6,183.9,0.11,12,0.57,4.00,0.0,24.8,28.0,6.3,27729,0.35,""
13000095,hull_bastion,rotor,turret_gun,false,15692,83.8,14544,9,5,9.7,254.5,1.01,9,2.47,4.00,0.0,9.4,6.6,2.6,14406,0.08,"overloaded: 15692 kg on running gear rated 2266 kg"
13000096,hull_bastion,rotor,turret_beam,false,7193,95.3,5406,14,5,4.3,35.5,4.10,1,0.66,3.52,0.0,6.0,5.6,2.0,5314,0.08,"overloaded: 7193 kg on running gear rated 1603 kg"
13000097,hull_bastion,rotor,turret_beam,false,10707,134.9,15160,12,6,4.8,31.1,0.05,0,1.05,3.13,0.0,5.3,4.3,3.4,14444,0.08,"overloaded: 10707 kg on running gear rated 716 kg"
13000098,hull_bastion,rotor,turret_gun,true,37430,140.1,12477,164,14,10.7,278.2,0.41,29,0.89,4.00,0.0,17.3,19.5,5.0,11767,1.00,""
13000099,hull_bastion,rotor,turret_gun,true,80159,117.4,26229,124,29,15.1,66.2,0.02,3,0.31,4.00,0.0,24.8,28.0,6.1,25648,1.00,""
13000100,hull_bastion,rotor,turret_gun,false,9890,249.5,14465,12,5,5.1,698.5,0.02,3,0.32,3.36,0.0,5.8,4.2,2.2,12599,0.08,"overloaded: 9890 kg on running gear rated 742 kg"
13000101,hull_bastion,rotor,turret_gun,false,10454,117.2,6408,7,5,8.4,21.8,0.00,1,0.30,4.00,0.0,8.0,7.9,3.1,6082,0.08,"overloaded: 10454 kg on running gear rated 3759 kg"
13000102,hull_bastion,rotor,turret_missile,false,13263,154.2,15615,7,5,8.6,438.4,8.12,243,4.41,4.00,0.0,7.6,5.8,3.0,14866,0.08,"overloaded: 13263 kg on running gear rated 1285 kg"
13000103,hull_bastion,rotor,turret_beam,true,59226,163.0,20412,24,18,16.1,660.9,57.32,39,1.20,4.00,0.0,21.6,24.3,5.7,18750,0.35,""
13000104,hull_bastion,rotor,turret_gun,true,45919,157.0,15892,105,12,13.9,114.1,0.05,7,0.46,3.77,0.0,18.9,21.3,5.2,14604,0.70,""
13000105,hull_bastion,rotor,turret_gun,false,5976,136.1,4720,7,5,5.2,77.8,0.04,5,0.42,2.89,0.0,5.5,5.0,2.6,4401,0.08,"overloaded: 5976 kg on running gear rated 1341 kg"
13000106,hull_bastion,rotor,turret_beam,false,6910,214.9,8211,7,6,4.6,18.2,0.03,0,0.38,4.00,0.0,5.2,4.5,2.3,7129,0.08,"overloaded: 6910 kg on running gear rated 790 kg"
14000007,hull_dreadnought,track,turret_gun,true,136084,70.0,2131,74,34,15.4,1217.5,82.28,40,1.03,2.78,91.6,25.3,5.8,4.8,0,1.00,""
14000008,hull_dreadnought,track,turret_gun,true,632934,53.0,6938,254,64,31.4,619.6,0.02,1,0.30,3.35,126.8,47.2,8.3,9.0,0,1.00,""
14000009,hull_dreadnought,track,turret_missile,true,344943,70.0,11162,134,45,25.7,2202.4,39.98,343,1.56,3.10,95.9,37.9,7.4,7.1,0,1.00,""
14000010,hull_dreadnought,track,turret_missile,true,106375,70.0,4154,72,22,16.0,267.7,1.04,255,3.22,2.81,108.3,28.1,6.4,5.0,0,1.00,""
14000011,hull_dreadnought,track,turret_gun,true,894099,49.1,9186,145,43,50.8,11427.0,345.64,1717,9.01,4.19,86.3,55.6,10.8,17.5,0,1.00,""
14000012,hull_dreadnought,track,turret_gun,true,719348,70.0,23433,240,75,31.6,1290.7,11.88,468,7.59,2.85,92.9,44.9,9.9,5.3,0,1.00,""
14000013,hull_dreadnought,track,turret_missile,true,88752,70.0,1435,104,54,9.2,884.3,18.24,628,5.19,2.62,98.4,14.1,4.5,3.9,0,1.00,""
14000014,hull_dreadnought,track,turret_beam,true,759827,69.8,11039,202,76,36.1,4803.8,53.65,287,4.62,2.97,88.1,44.6,10.2,6.1,0,1.00,""
14000015,hull_dreadnought,track,turret_gun,true,340170,69.1,4935,225,75,18.4,1493.2,0.43,24,1.17,2.70,61.4,27.2,7.6,4.3,0,1.00,""
14000016,hull_dreadnought,track,turret_beam,true,151599,67.2,2157,120,51,14.1,921.3,43.77,10,0.81,2.68,117.0,19.1,5.6,4.2,0,1.00,""
14000017,hull_dreadnought,track,turret_gun,true,180446,39.7,1501,93,27,22.0,755.2,12.72,21,1.73,3.17,110.9,31.0,6.3,7.5,0,1.00,""
14000018,hull_dreadnought,track,turret_missile,true,360468,70.0,8922,145,44,26.9,5640.9,99.10,496,3.41,3.07,71.5,34.0,8.9,6.8,0,1.00,""
14000019,hull_dreadnought,track,turret_missile,true,402034,70.0,9953,179,66,23.0,20110.1,606.27,892,2.34,2.99,109.7,33.8,7.7,6.2,0,1.00,""
14000020,hull_dreadnought,track,turret_missile,true,37872,70.0,1005,20,14,7.9,569.8,12.52,258,6.24,2.47,53.6,20.2,4.2,3.1,0,1.00,""
14000021,hull_dreadnought,track,turret_beam,true,218191,70.0,3462,144,71,12.8,145.7,0.24,0,0.52,2.56,82.2,22.5,6.1,3.6,0,1.00,""
14000022,hull_dreadnought,track,turret_beam,true,217282,42.5,1908,255,69,12.1,759.6,51.49,8,0.53,2.84,127.6,26.7,4.9,5.2,0,1.00,""
14000023,hull_dreadnought,track,turret_gun,true,423867,38.7,3405,123,45,29.4,934.0,1.57,56,1.33,3.19,99.2,40.1,8.4,7.7,0,1.00,""
14000024,hull_dreadnought,track,turret_gun,true,273970,70.0,6745,102,45,25.6,853.5,2.49,10,2.82,2.93,63.6,35.4,8.1,5.8,0,1.00,""
14000025,hull_dreadnought,track,turret_missile,true,161841,70.0,3602,156,73,10.6,761.2,9.33,226,6.44,2.69,85.6,18.7,5.5,4.3,0,1.00,""
14000026,hull_dreadnought,track,turret_missile,true,23399,70.0,875,25,17,8.8,5245.8,153.22,659,9.02,2.60,69.5,10.0,4.2,3.8,0,1.00,""
14000027,hull_dreadnought,track,turret_missile,true,604528,70.0,9721,91,34,45.4,5092.5,78.01,540,5.26,3.98,58.6,47.9,11.3,15.2,0,1.00,""
14000028,hull_dreadnought,track,turret_gun,true,374357,59.5,4669,127,36,32.2,3333.7,37.48,663,5.98,3.45,108.3,41.6,8.8,9.9,0,1.00,""
14000029,hull_dreadnought,track,turret_gun,true,392740,45.5,3863,46,12,55.6,2993.2,56.47,346,8.14,4.61,79.7,55.8,9.7,23.0,0,1.00,""
14000030,hull_dreadnought,track,turret_gun,true,571952,70.0,21096,70,26,44.9,2717.1,45.11,379,4.13,3.09,59.3,50.8,10.7,6.9,0,1.00,""
14000031,hull_dreadnought,track,turret_beam,true,213637,70.0,5586,69,57,12.8,1869.6,8.55,6,1.45,2.77,117.2,26.3,5.6,4.8,0,1.00,""
14000032,hull_dreadnought,track,turret_beam,true,731536,70.0,25444,196,57,39.6,2285.2,1.13,15,12.00,3.11,124.1,49.9,9.1,7.1,0,1.00,""
14000033,hull_dreadnought,track,turret_missile,true,483838,70.0,10449,96,47,37.8,5304.0,56.91,453,6.08,3.81,64.1,46.3,9.5,13.4,0,1.00,""
14000034,hull_dreadnought,track,turret_gun,true,220283,70.0,8353,88,29,19.9,5120.2,1.13,41,1.11,2.98,91.1,37.7,7.1,6.2,0,1.00,""
14000035,hull_dreadnought,track,turret_gun,true,577458,58.7,7892,210,67,27.4,5845.7,126.83,758,3.60,3.22,116.3,42.8,8.6,8.0,0,1.00,""
14000036,hull_dreadnought,track,turret_gun,true,739797,66.8,10270,193,58,37.8,4767.0,93.49,582,7.92,3.02,97.6,52.4,9.5,6.5,0,1.00,""
14000037,hull_dreadnought,track,turret_gun,true,196003,70.0,3304,31,10,28.4,2039.1,178.76,894,4.38,2.93,65.8,43.1,8.2,5.8,0,1.00,""
14000038,hull_dreadnought,track,turret_gun,true,77788,70.0,1981,43,17,13.4,237.6,0.18,10,0.94,2.65,90.7,26.6,5.1,4.1,0,1.00,""
14000039,hull_dreadnought,track,turret_beam,true,202738,45.1,1949,28,11,31.4,11126.8,359.47,734,4.62,2.99,54.1,36.6,8.3,6.2,0,1.00,""
14000040,hull_dreadnought,track,turret_gun,true,934252,69.1,13873,49,56,56.8,7832.1,175.77,808,1.29,4.29,59.7,51.3,12.2,18.8,0,1.00,""
14000041,hull_dreadnought,track,turret_beam,true,344298,44.3,3248,39,15,49.6,1581.7,16.97,264,13.89,4.03,87.7,54.3,10.3,15.7,0,1.00,""
14000042,hull_dreadnought,track,turret_gun,true,204212,70.0,4561,98,33,18.5,609.0,0.03,3,0.36,2.75,79.1,33.5,6.7,4.6,0,1.00,""
14000043,hull_dreadnought,track,turret_beam,true,571000,70.0,9090,60,49,33.5,1658.2,5.51,24,3.97,3.54,96.2,46.9,8.7,10.7,0,1.00,""
14000044,hull_dreadnought,track,turret_gun,true,63922,70.0,2256,51,43,10.0,77.9,0.09,1,0.60,2.53,95.5,12.2,4.8,3.4,0,1.00,""
14000045,hull_dreadnought,track,turret_beam,true,84150,70.0,3155,77,37,10.6,423.6,0.93,26,1.22,2.67,70.9,16.0,5.3,4.2,0,1.00,""
14000046,hull_dreadnought,track,turret_beam,true,498804,70.0,7781,167,53,32.0,5820.6,111.86,415,3.63,3.47,126.9,38.0,8.4,10.1,0,1.00,""
14000047,hull_dreadnought,track,turret_gun,true,432450,70.0,8651,102,66,25.0,6396.0,40.83,364,2.52,3.21,127.4,32.5,7.5,7.9,0,1.00,""
14000048,hull_dreadnought,track,turret_missile,true,459991,70.0,12757,231,75,22.5,14861.3,363.52,765,4.79,3.17,96.6,33.5,7.7,7.6,0,1.00,""
14000049,hull_dreadnought,track,turret_gun,true,186157,52.3,2131,36,12,31.9,250.2,0.12,11,0.57,3.10,104.8,44.1,8.1,7.0,0,1.00,""
14000050,hull_dreadnought,track,turret_gun,true,1187197,51.7,12818,137,59,65.7,7111.4,80.84,1328,13.89,4.15,61.6,58.3,14.0,17.1,0,1.00,""
14000051,hull_dreadnought,track,turret_missile,true,79631,52.2,883,67,25,13.2,257.9,3.20,213,4.59,2.82,69.4,20.7,5.6,5.1,0,1.00,""
14000052,hull_dreadnought,track,turret_beam,true,99399,70.0,2357,219,76,6.3,941.7,5.23,1,0.65,2.41,73.8,14.6,4.8,2.8,0,1.00,""
14000053,hull_dreadnought,track,turret_beam,true,353557,64.4,4754,158,64,21.0,5030.9,24.59,292,1.46,3.04,63.1,28.8,8.3,6.6,0,1.00,""
14000054,hull_dreadnought,track,turret_missile,true,432929,70.0,13654,117,40,31.0,27248.2,757.04,885,4.64,3.44,114.6,42.4,8.3,9.8,0,1.00,""
14000055,hull_dreadnought,track,turret_gun,true,182431,39.2,1758,110,47,18.7,236.9,0.38,26,1.00,2.94,83.6,22.5,6.4,5.9,0,1.00,""
14000056,hull_dreadnought,track,turret_gun,true,68761,70.0,1551,47,22,8.9,2278.9,29.81,500,1.49,2.48,93.8,20.9,4.5,3.2,0,1.00,""
14000057,hull_dreadnought,track,turret_beam,true,349690,70.0,9245,79,33,37.2,3682.0,621.46,2922,4.31,3.27,109.5,32.3,8.1,8.4,0,1.00,""
14000058,hull_dreadnought,track,turret_gun,true,155379,42.8,1386,152,50,12.3,458.1,0.78,33,1.23,2.71,72.9,22.4,5.7,4.4,0,1.00,""
14000059,hull_dreadnought,track,turret_missile,true,49616,47.7,498,78,45,7.6,1950.8,37.95,537,3.93,2.48,92.0,10.0,4.2,3.2,0,1.00,""
14000060,hull_dreadnought,track,turret_beam,true,227994,44.8,2152,43,38,23.7,12464.5,701.50,792,3.46,2.97,102.2,24.6,5.8,6.1,0,1.00,""
14000061,hull_dreadnought,track,turret_gun,true,113384,52.8,1252,99,65,9.4,1213.8,0.07,9,0.67,2.69,88.2,16.0,4.6,4.3,0,1.00,""
14000062,hull_dreadnought,track,turret_missile,true,321683,70.0,9580,46,31,37.6,33082.8,1103.99,1371,5.14,3.50,108.1,41.4,9.0,10.4,0,1.00,""
14000063,hull_dreadnought,track,turret_gun,true,125899,70.0,2931,122,40,10.1,298.2,0.57,33,1.08,2.65,67.3,23.2,5.6,4.0,0,1.00,""
14000064,hull_dreadnought,track,turret_beam,true,859629,70.0,29455,150,43,52.7,12410.8,289.31,2015,13.89,4.30,110.1,56.6,10.3,18.9,0,1.00,""
14000065,hull_dreadnought,track,turret_gun,true,58793,70.0,1384,31,12,12.7,183.8,0.25,22,0.77,2.62,74.4,24.0,5.2,3.9,0,1.00,""
14000066,hull_dreadnought,track,turret_beam,true,91528,70.0,2448,78,27,12.1,2610.6,36.08,519,1.80,2.82,117.8,22.8,4.9,5.1,0,1.00,""
14000067,hull_dreadnought,track,turret_gun,true,274525,45.3,2591,106,37,25.4,524.0,1.69,11,1.42,3.03,69.8,29.9,7.9,6.5,0,1.00,""
14000068,hull_dreadnought,track,turret_gun,true,197179,70.0,3232,62,18,26.7,5528.4,11.71,626,3.75,3.35,108.5,43.3,7.1,9.0,0,1.00,""
14000069,hull_dreadnought,track,turret_gun,true,768901,70.0,19238,48,37,55.6,3574.8,35.15,438,1.93,4.46,99.2,58.7,10.6,21.0,0,1.00,""
14000070,hull_dreadnought,track,turret_gun,true,474337,53.7,5315,182,59,30.1,584.5,4.48,323,3.87,3.30,107.9,39.7,7.8,8.6,0,1.00,""
14000071,hull_dreadnought,track,turret_beam,true,334627,70.0,5210,98,34,30.0,615.5,8.42,380,2.32,3.33,97.9,38.3,8.0,8.9,0,1.00,""
14000072,hull_dreadnought,track,turret_gun,true,96681,70.0,2651,37,14,17.3,1153.2,13.52,8,1.15,2.95,73.2,28.5,6.0,5.9,0,1.00,""
14000073,hull_dreadnought,track,turret_missile,true,134020,44.9,1258,131,58,9.9,3058.9,76.30,573,10.04,2.58,84.1,19.2,5.4,3.7,0,1.00,""
14000074,hull_dreadnought,track,turret_gun,true,518829,70.0,8146,210,72,30.5,3298.4,253.96,204,2.78,2.98,74.6,31.7,9.0,6.1,0,1.00,""
14000075,hull_dreadnought,track,turret_missile,true,347609,42.5,3067,109,36,25.4,3454.9,104.22,351,5.75,2.87,74.5,40.6,8.0,5.4,0,1.00,""
14000076,hull_dreadnought,track,turret_missile,true,659908,70.0,15898,221,77,31.5,3783.7,82.00,471,5.18,2.98,115.8,37.6,8.6,6.1,0,1.00,""
14000077,hull_dreadnought,track,turret_missile,true,490985,70.0,18672,42,13,49.0,16646.8,388.65,774,7.27,3.59,71.0,55.1,10.3,11.2,0,1.00,""
14000078,hull_dreadnought,track,turret_beam,true,783496,58.4,9499,121,46,47.2,429.9,5.86,252,5.93,3.02,60.3,49.6,12.7,6.5,0,1.00,""
14000079,hull_dreadnought,track,turret_gun,true,409555,70.0,6986,198,64,23.7,2535.9,0.95,26,1.04,3.02,60.6,30.0,8.7,6.5,0,1.00,""
14000080,hull_dreadnought,track,turret_gun,true,366765,70.0,13909,137,70,21.4,255.6,0.11,9,0.51,3.07,86.0,30.0,7.4,6.8,0,1.00,""
14000081,hull_dreadnought,track,turret_gun,true,798259,70.0,15843,61,54,45.0,4393.6,69.02,637,3.88,3.77,59.6,42.0,11.4,12.9,0,1.00,""
14000082,hull_dreadnought,track,turret_missile,true,166280,39.4,1393,29,12,28.3,2359.9,249.18,378,2.46,3.10,88.0,33.9,7.2,7.0,0,1.00,""
14000083,hull_dreadnought,track,turret_gun,true,919441,70.0,30976,219,66,41.8,4260.9,11.68,55,4.14,3.90,109.2,52.9,10.7,14.3,0,1.00,""
14000084,hull_dreadnought,track,turret_beam,true,157592,50.7,1669,154,47,11.9,704.2,6.29,2,0.70,2.79,121.9,28.6,4.8,4.9,0,1.00,""
14000085,hull_dreadnought,track,turret_missile,true,302523,59.1,3726,77,56,20.5,7212.5,181.45,612,3.08,2.76,80.9,25.9,7.6,4.7,0,1.00,""
14000086,hull_dreadnought,track,turret_gun,true,391638,70.0,12901,116,62,25.5,5554.3,116.41,85,1.26,2.98,73.7,26.4,8.6,6.2,0,1.00,""
14000087,hull_dreadnought,track,turret_missile,true,49788,40.0,427,32,16,10.5,5791.0,118.45,788,1.27,2.66,70.9,20.7,5.0,4.1,0,1.00,""
14000088,hull_dreadnought,track,turret_missile,true,505759,70.0,9808,127,40,33.8,4108.7,87.94,540,1.47,3.42,76.0,46.2,9.1,9.6,0,1.00,""
14000089,hull_dreadnought,track,turret_beam,true,459539,70.0,7606,225,70,25.5,96.5,0.06,3,2.42,3.04,58.5,33.5,8.7,6.6,0,1.00,""
14000090,hull_dreadnought,track,turret_missile,true,994535,51.0,10474,77,58,48.1,30288.2,764.81,946,3.82,3.11,61.4,45.7,12.4,7.1,0,1.00,""
14000091,hull_dreadnought,track,turret_beam,true,254035,64.5,3427,217,70,13.5,1675.8,8.63,24,1.13,2.77,102.9,25.7,5.9,4.8,0,1.00,""
14000092,hull_dreadnought,track,turret_gun,true,243232,66.0,3346,176,63,13.9,2322.6,15.80,723,0.67,2.63,114.4,31.0,5.9,4.0,0,1.00,""
14000093,hull_dreadnought,track,turret_beam,true,146487,70.0,5327,94,28,14.9,2681.5,17.25,499,6.69,2.87,61.3,26.8,5.6,5.4,0,1.00,""
14000094,hull_dreadnought,track,turret_gun,true,151307,70.0,4374,53,15,26.2,290.4,0.22,10,2.53,2.90,108.7,34.0,7.6,5.6,0,1.00,""
14000095,hull_dreadnought,track,turret_missile,true,803786,41.1,7165,92,34,62.7,5374.9,84.38,475,8.63,4.07,65.8,55.4,12.6,16.2,0,1.00,""
14000096,hull_dreadnought,track,turret_gun,true,168851,70.0,5482,120,29,15.5,17.5,0.00,1,0.30,2.87,65.5,32.2,5.9,5.4,0,1.00,""
14000097,hull_dreadnought,track,turret_gun,true,67211,70.0,1605,121,71,6.9,198.7,0.15,15,0.66,2.45,57.2,10.9,4.5,3.0,0,1.00,""
14000098,hull_dreadnought,track,turret_missile,true,57974,70.0,2421,66,37,8.7,1006.4,22.99,860,4.41,2.56,61.6,12.4,5.3,3.5,0,1.00,""
14000099,hull_dreadnought,track,turret_gun,true,174916,44.8,1689,174,78,12.3,778.8,1.57,46,1.24,2.68,111.3,18.5,5.8,4.2,0,1.00,""
14000100,hull_dreadnought,track,turret_gun,true,608941,70.0,16184,126,41,41.4,7549.9,182.22,730,3.79,3.06,104.9,50.5,9.8,6.7,0,1.00,""
14000101,hull_dreadnought,track,turret_beam,true,678280,70.0,11189,39,49,52.2,9090.7,144.05,552,10.35,4.20,93.1,57.1,10.8,17.7,0,1.00,""
14000102,hull_dreadnought,track,turret_gun,true,72583,68.9,1084,58,27,11.4,70.2,0.04,6,0.50,2.58,74.8,16.8,5.1,3.7,0,1.00,""
14000103,hull_dreadnought,track,turret_missile,true,1154266,70.0,39836,177,62,58.4,10875.2,265.18,1045,2.06,3.66,73.1,47.9,13.6,11.9,0,1.00,""
14000104,hull_dreadnought,track,turret_gun,true,418729,70.0,9161,124,41,29.1,22090.7,624.86,994,3.99,3.18,56.4,38.3,9.6,7.7,0,1.00,""
14000105,hull_dreadnought,track,turret_missile,true,159425,70.0,4473,40,17,24.4,21289.5,593.06,1005,0.83,3.09,56.3,31.0,7.7,6.9,0,1.00,""
14000106,hull_dreadnought,track,turret_gun,true,831428,70.0,16545,158,63,42.4,9301.9,648.40,1837,4.69,3.23,69.7,40.5,11.6,8.1,0,1.00,""
15000007,hull_dreadnought,wheel,turret_gun,true,166701,134.4,3172,45,33,21.0,1296.7,314.01,262,1.36,2.91,306.2,19.2,6.3,5.7,0,1.00,""
15000008,hull_dreadnought,wheel,turret_gun,true,192172,101.8,2223,28,15,43.9,194.0,0.12,9,0.84,3.06,266.8,49.3,11.3,6.8,0,1.00,""
15000009,hull_dreadnought,wheel,turret_gun,true,44857,135.3,930,81,31,7.2,75.4,0.05,7,0.51,2.42,146.3,15.5,4.9,2.9,0,1.00,""
15000010,hull_dreadnought,wheel,turret_gun,true,134158,114.1,1291,70,27,20.2,642.6,0.12,9,0.55,3.10,452.4,30.9,8.0,7.0,0,1.00,""
15000011,hull_dreadnought,wheel,turret_gun,true,381133,96.2,4028,141,64,30.3,3362.7,0.34,17,0.70,2.74,119.7,27.9,9.7,4.7,0,1.00,""
15000012,hull_dreadnought,wheel,turret_gun,true,80605,132.2,2688,136,30,11.0,352.3,0.49,32,0.94,2.68,267.3,21.9,5.8,4.3,0,1.00,""
15000013,hull_dreadnought,wheel,turret_gun,true,1106146,70.0,20673,231,77,60.3,9977.9,73.39,538,8.28,3.96,246.1,52.7,12.9,15.0,0,1.00,""
15000014,hull_dreadnought,wheel,turret_missile,true,1148180,70.0,29379,218,60,73.7,14337.4,489.89,7432,13.89,4.63,255.4,59.9,12.9,23.3,0,1.00,""
15000015,hull_dreadnought,wheel,turret_gun,true,753839,73.7,8899,105,37,66.3,2507.0,0.63,33,1.06,4.24,193.3,52.9,12.7,18.4,0,1.00,""
15000016,hull_dreadnought,wheel,turret_gun,true,71635,71.8,588,75,43,14.1,203.7,0.48,27,1.26,2.59,58.5,12.0,7.6,3.8,0,1.00,""
15000017,hull_dreadnought,wheel,turret_missile,true,516687,98.6,10728,154,67,36.3,16468.8,411.38,604,7.81,3.46,270.0,41.5,10.0,10.0,0,1.00,""
15000018,hull_dreadnought,wheel,turret_beam,true,532688,87.3,5109,107,37,44.9,2068.0,10.58,51,9.27,3.73,261.9,54.4,10.4,12.6,0,1.00,""
15000019,hull_dreadnought,wheel,turret_gun,true,127175,120.0,4727,83,76,13.1,77.2,0.02,4,0.35,2.65,199.7,14.6,6.2,4.1,0,1.00,""
15000020,hull_dreadnought,wheel,turret_missile,true,211637,106.8,1837,51,17,41.0,1741.6,19.47,355,6.84,3.78,209.1,45.9,10.5,13.1,0,1.00,""
15000021,hull_dreadnought,wheel,turret_beam,true,454641,78.1,14347,27,20,48.3,7737.1,81.07,457,8.04,3.53,97.3,40.7,11.9,10.7,0,0.35,""
15000022,hull_dreadnought,wheel,turret_gun,true,299806,127.5,4961,236,77,17.0,3683.7,79.43,710,5.16,2.92,267.0,29.9,7.5,5.7,0,1.00,""
15000023,hull_dreadnought,wheel,turret_gun,true,512811,70.0,6395,12,13,65.0,850.0,1.39,25,1.35,4.03,88.7,54.0,13.3,15.7,0,0.12,""
15000024,hull_dreadnought,wheel,turret_beam,true,238501,104.8,2877,139,64,24.2,1575.8,20.83,469,1.47,2.67,102.5,21.3,8.8,4.2,0,1.00,""
15000025,hull_dreadnought,wheel,turret_missile,false,459186,73.7,10075,16,13,49.8,20716.7,519.54,749,5.85,3.61,93.2,46.6,11.6,11.5,0,0.08,"overloaded: 459186 kg on running gear rated 347880 kg"
15000026,hull_dreadnought,wheel,turret_gun,true,38685,114.8,492,44,14,8.4,184.1,0.10,11,0.59,2.51,273.6,16.5,5.0,3.3,0,1.00,""
15000027,hull_dreadnought,wheel,turret_beam,true,565935,99.7,10323,228,76,33.5,140.1,0.09,5,2.59,3.15,146.2,35.4,10.7,7.5,0,1.00,""
15000028,hull_dreadnought,wheel,turret_gun,true,511435,70.0,18105,144,65,41.2,7249.4,139.13,338,2.62,3.18,265.5,34.4,11.0,7.7,0,1.00,""
15000029,hull_dreadnought,wheel,turret_missile,true,1035841,70.0,17629,159,58,69.5,21003.5,545.72,768,3.43,4.29,201.6,55.5,13.4,19.0,0,1.00,""
15000030,hull_dreadnought,wheel,turret_beam,true,139850,128.9,4465,135,66,12.9,50.6,0.12,0,0.51,2.68,106.8,17.9,6.6,4.3,0,1.00,""
15000031,hull_dreadnought,wheel,turret_missile,true,259870,127.9,2685,145,41,24.6,3053.4,71.34,516,6.38,3.23,430.9,39.5,8.1,8.1,0,1.00,""
15000032,hull_dreadnought,wheel,turret_gun,true,254673,87.3,2349,187,81,26.0,30.4,0.00,1,0.30,2.78,122.7,19.2,8.7,4.8,0,1.00,""
15000033,hull_dreadnought,wheel,turret_beam,true,441183,78.4,9771,130,61,36.0,591.0,1.52,32,1.71,2.90,126.3,32.2,10.3,5.7,0,1.00,""
15000034,hull_dreadnought,wheel,turret_missile,false,279961,70.0,8128,16,5,55.5,4716.6,88.76,701,5.58,3.65,109.0,51.5,12.3,11.9,0,0.08,"overloaded: 279961 kg on running gear rated 274578 kg"
15000035,hull_dreadnought,wheel,turret_gun,false,289895,70.0,9084,14,8,51.6,4026.3,54.15,113,7.13,3.62,90.3,41.6,11.6,11.4,0,0.08,"overloaded: 289895 kg on running gear rated 224496 kg"
15000036,hull_dreadnought,wheel,turret_missile,true,298213,112.0,10689,122,69,24.1,6464.0,183.94,625,6.73,2.94,108.9,24.2,8.7,5.9,0,1.00,""
15000037,hull_dreadnought,wheel,turret_beam,true,184530,94.7,4342,86,37,31.1,1703.8,40.57,56,1.85,3.00,205.6,25.2,9.7,6.4,0,1.00,""
15000038,hull_dreadnought,wheel,turret_beam,false,265419,70.0,4409,6,12,42.6,7418.1,178.18,666,4.85,3.15,82.7,30.5,11.2,7.4,0,0.08,"overloaded: 265419 kg on running gear rated 202077 kg"
15000039,hull_dreadnought,wheel,turret_beam,true,119516,110.8,2358,13,36,23.5,934.4,211.48,36,0.56,2.76,85.2,12.7,7.6,4.8,0,0.70,""
15000040,hull_dreadnought,wheel,turret_missile,true,104768,115.4,2406,66,29,17.4,1428.8,30.20,393,5.30,2.49,54.8,18.0,7.9,3.3,0,0.35,""
15000041,hull_dreadnought,wheel,turret_missile,true,209619,101.2,2487,41,11,47.7,2152.0,37.86,346,9.66,3.68,208.1,52.4,11.8,12.0,0,1.00,""
15000042,hull_dreadnought,wheel,turret_gun,true,895444,70.0,31200,236,72,53.8,5737.4,145.66,599,5.25,3.06,232.4,48.7,11.7,6.9,0,1.00,""
15000043,hull_dreadnought,wheel,turret_gun,false,503113,70.0,6812,17,11,67.6,1908.6,17.44,548,7.54,3.98,97.9,58.0,13.8,15.3,0,0.08,"overloaded: 503113 kg on running gear rated 285019 kg"
15000044,hull_dreadnought,wheel,turret_gun,true,317612,110.6,7006,180,64,23.2,860.0,8.01,354,2.17,2.98,226.7,32.8,8.5,6.2,0,1.00,""
15000045,hull_dreadnought,wheel,turret_gun,true,51976,135.3,976,100,31,8.5,9.3,0.00,0,0.30,2.60,99.0,14.4,4.7,3.8,0,1.00,""
15000046,hull_dreadnought,wheel,turret_gun,true,141582,85.9,1193,150,67,14.5,90.1,0.03,3,0.36,2.57,72.4,17.7,8.0,3.6,0,1.00,""
15000047,hull_dreadnought,wheel,turret_beam,true,279603,98.8,2509,119,45,29.8,748.0,1.80,5,2.75,2.95,121.2,30.5,9.4,6.0,0,1.00,""
15000048,hull_dreadnought,wheel,turret_gun,true,132921,90.4,3691,42,55,22.3,462.3,0.07,9,0.60,2.64,89.2,12.9,8.0,4.1,0,1.00,""
15000049,hull_dreadnought,wheel,turret_gun,true,421634,70.0,5077,17,11,51.9,4006.7,81.15,559,3.20,3.81,82.1,49.5,11.9,13.3,0,0.08,""
15000050,hull_dreadnought,wheel,turret_gun,false,271303,92.0,3100,16,10,37.7,4136.8,243.38,566,5.15,3.15,69.9,36.2,10.4,7.5,0,0.08,"overloaded: 271303 kg on running gear rated 201153 kg"
15000051,hull_dreadnought,wheel,turret_beam,true,548986,79.6,4570,123,102,35.2,29496.4,883.21,993,1.99,3.01,159.4,30.2,10.4,6.5,0,1.00,""
15000052,hull_dreadnought,wheel,turret_gun,true,323104,110.2,5608,171,52,28.7,380.3,0.21,19,0.75,2.87,308.2,36.9,9.2,5.5,0,1.00,""
15000053,hull_dreadnought,wheel,turret_gun,true,199096,128.2,5386,132,47,15.6,842.4,15.13,306,2.77,2.57,206.5,30.1,7.4,3.7,0,1.00,""
15000054,hull_dreadnought,wheel,turret_gun,false,386890,70.0,11073,13,13,37.8,10476.4,268.32,1085,0.75,2.82,86.1,40.5,10.1,5.2,0,0.08,"overloaded: 386890 kg on running gear rated 347093 kg"
15000055,hull_dreadnought,wheel,turret_missile,true,163624,138.7,3618,47,32,19.7,24095.4,850.63,932,2.46,2.85,443.4,28.1,6.5,5.3,0,1.00,""
15000056,hull_dreadnought,wheel,turret_beam,true,814014,86.5,11442,232,67,49.2,7134.8,159.74,489,13.89,3.12,365.8,51.3,11.1,7.2,0,1.00,""
15000057,hull_dreadnought,wheel,turret_missile,true,826832,72.2,14163,221,55,64.8,6590.9,61.54,812,13.89,3.94,362.8,53.1,12.5,14.8,0,1.00,""
15000058,hull_dreadnought,wheel,turret_gun,true,70875,134.7,1634,46,11,21.3,849.8,13.21,362,4.90,3.16,349.3,36.8,7.0,7.5,0,1.00,""
15000059,hull_dreadnought,wheel,turret_gun,false,142852,70.0,4862,11,7,44.1,1399.8,9.87,376,5.02,3.16,111.2,34.4,11.6,7.6,0,0.08,"overloaded: 142852 kg on running gear rated 84641 kg"
15000060,hull_dreadnought,wheel,turret_gun,true,604778,70.0,8018,141,48,49.6,8810.1,213.26,684,3.19,3.49,235.4,47.9,11.7,10.2,0,1.00,""
15000061,hull_dreadnought,wheel,turret_gun,false,221932,91.0,4258,14,12,34.2,76.4,0.03,3,0.35,2.97,64.4,32.4,10.4,6.2,0,0.08,"overloaded: 221932 kg on running gear rated 213071 kg"
15000062,hull_dreadnought,wheel,turret_gun,true,79482,119.9,964,73,19,16.6,321.4,0.55,30,1.21,2.84,238.3,25.7,6.8,5.2,0,1.00,""
15000063,hull_dreadnought,wheel,turret_gun,true,158411,121.7,3416,83,28,22.1,11460.5,251.89,915,3.23,3.10,143.0,30.7,7.5,7.1,0,1.00,""
15000064,hull_dreadnought,wheel,turret_gun,true,300289,78.7,3195,52,41,29.4,75.6,0.02,2,0.30,2.74,103.6,25.2,9.4,4.7,0,0.50,""
15000065,hull_dreadnought,wheel,turret_missile,true,334718,70.0,8013,75,30,35.6,2293.9,20.04,391,5.84,2.92,104.2,32.7,9.9,5.7,0,0.50,""
15000066,hull_dreadnought,wheel,turret_missile,true,47421,140.0,1293,52,45,8.3,6554.4,155.96,619,1.45,2.54,305.8,10.3,4.7,3.5,0,1.00,""
15000067,hull_dreadnought,wheel,turret_missile,true,207015,129.3,3164,80,50,18.6,4245.3,61.13,581,1.44,2.87,367.4,28.2,7.7,5.4,0,1.00,""
15000068,hull_dreadnought,wheel,turret_missile,false,464186,70.0,11832,17,12,59.8,6637.3,127.91,1336,13.89,4.14,120.5,49.4,13.4,17.1,0,0.08,"overloaded: 464186 kg on running gear rated 261248 kg"
15000069,hull_dreadnought,wheel,turret_missile,true,205601,95.3,7033,25,15,31.4,20976.2,601.72,987,1.08,2.79,74.2,24.7,9.9,5.0,0,0.17,""
15000070,hull_dreadnought,wheel,turret_gun,true,84406,76.8,672,46,42,15.6,8.7,0.00,0,0.30,2.44,57.6,13.0,7.7,3.0,0,0.70,""
15000071,hull_dreadnought,wheel,turret_gun,true,118052,134.7,1799,73,59,11.1,2422.9,0.10,10,0.55,2.68,268.1,18.1,5.8,4.2,0,1.00,""
15000072,hull_dreadnought,wheel,turret_missile,true,128755,114.1,4663,108,33,17.9,555.9,9.33,271,2.33,2.75,191.1,26.9,7.3,4.7,0,1.00,""
15000073,hull_dreadnought,wheel,turret_gun,false,248824,70.0,3191,15,5,58.0,7183.9,282.07,888,8.34,3.72,129.2,50.6,12.2,12.6,0,0.08,"overloaded: 248824 kg on running gear rated 132676 kg"
15000074,hull_dreadnought,wheel,turret_gun,true,412198,79.5,4292,53,28,45.2,1765.9,445.32,1059,5.54,3.11,119.6,33.0,10.5,7.3,0,0.50,""
15000075,hull_dreadnought,wheel,turret_missile,false,351670,70.0,7654,16,11,52.5,15336.6,364.48,761,4.89,3.50,91.3,47.2,11.8,10.5,0,0.08,"overloaded: 351670 kg on running gear rated 327889 kg"
15000076,hull_dreadnought,wheel,turret_gun,true,247938,104.9,5623,39,15,36.4,2385.4,12.85,354,4.73,3.48,271.3,44.4,9.7,10.3,0,1.00,""
15000077,hull_dreadnought,wheel,turret_gun,true,131070,119.0,1824,38,34,16.9,593.1,0.81,41,1.12,2.69,54.0,20.9,8.3,4.3,0,0.70,""
15000078,hull_dreadnought,wheel,turret_missile,true,457776,70.0,16539,26,30,42.4,2579.8,49.42,417,7.64,2.85,118.8,39.3,10.8,5.4,0,0.50,""
15000079,hull_dreadnought,wheel,turret_gun,false,131869,70.0,1562,13,5,47.8,4266.0,76.16,475,3.23,3.49,102.7,36.9,11.8,10.3,0,0.08,"overloaded: 131869 kg on running gear rated 79769 kg"
15000080,hull_dreadnought,wheel,turret_gun,true,660011,93.6,11181,171,51,50.0,2717.3,1.05,36,1.01,3.63,205.3,48.7,11.7,11.7,0,1.00,""
15000081,hull_dreadnought,wheel,turret_gun,false,454834,70.0,17642,18,10,60.2,7629.4,563.11,6119,8.66,3.55,118.0,49.7,12.6,10.9,0,0.08,"overloaded: 454834 kg on running gear rated 196624 kg"
15000082,hull_dreadnought,wheel,turret_gun,true,295491,96.9,8170,98,51,28.3,51.1,0.02,2,0.30,3.01,138.2,29.7,9.9,6.5,0,1.00,""
15000083,hull_dreadnought,wheel,turret_gun,true,83678,99.3,1315,35,18,19.6,288.0,0.17,16,0.65,2.54,72.5,18.4,7.5,3.5,0,0.50,""
15000084,hull_dreadnought,wheel,turret_gun,true,107009,135.4,1712,79,30,15.6,414.8,0.02,2,0.39,2.77,236.7,25.4,6.9,4.8,0,1.00,""
15000085,hull_dreadnought,wheel,turret_gun,false,425072,73.5,7693,19,13,47.4,121.3,0.02,3,0.32,3.62,86.1,45.8,11.0,11.7,0,0.08,"overloaded: 425072 kg on running gear rated 281587 kg"
15000086,hull_dreadnought,wheel,turret_gun,true,642430,70.0,5658,59,49,50.2,7540.6,191.67,600,8.14,2.94,250.1,46.7,12.2,6.0,0,1.00,""
15000087,hull_dreadnought,wheel,turret_beam,true,519039,97.7,12197,172,59,38.4,5178.1,23.49,153,5.36,3.36,224.1,40.1,10.4,9.1,0,1.00,""
15000088,hull_dreadnought,wheel,turret_missile,false,314501,85.3,5933,18,12,38.8,3092.1,62.44,435,7.13,2.84,73.7,41.1,10.8,5.3,0,0.08,"overloaded: 314501 kg on running gear rated 312383 kg"
15000089,hull_dreadnought,wheel,turret_beam,true,127543,94.7,1084,64,55,16.8,4152.9,92.77,564,4.06,2.61,76.0,16.2,8.0,3.9,0,1.00,""
15000090,hull_dreadnought,wheel,turret_beam,true,229670,94.0,7861,24,29,24.9,923.9,2.23,33,1.33,2.82,69.7,28.8,8.5,5.1,0,0.35,""
15000091,hull_dreadnought,wheel,turret_gun,true,180565,125.1,4713,135,55,15.7,60.6,0.01,1,0.30,2.56,108.9,23.6,7.6,3.6,0,1.00,""
15000092,hull_dreadnought,wheel,turret_missile,true,201845,102.9,1945,55,26,27.6,118.6,1.51,338,1.07,2.89,65.5,29.7,9.8,5.6,0,1.00,""
15000093,hull_dreadnought,wheel,turret_gun,true,445585,70.0,14821,33,23,49.6,3239.2,30.10,526,6.50,3.64,99.1,46.0,12.4,11.6,0,1.00,""
15000094,hull_dreadnought,wheel,turret_gun,true,595420,70.0,8797,47,19,71.3,4504.5,85.67,742,12.93,4.27,154.5,53.3,13.8,18.7,0,0.70,""
15000095,hull_dreadnought,wheel,turret_missile,true,62980,139.1,1054,112,37,8.0,8961.7,219.63,673,2.32,2.60,155.6,17.5,4.6,3.8,0,1.00,""
15000096,hull_dreadnought,wheel,turret_missile,true,244745,99.3,7414,128,65,25.3,2844.4,53.72,593,2.41,2.74,116.2,21.2,8.9,4.7,0,1.00,""
15000097,hull_dreadnought,wheel,turret_gun,true,287659,112.4,5517,176,69,23.4,299.6,0.41,29,0.90,2.69,105.9,25.7,9.1,4.4,0,1.00,""
15000098,hull_dreadnought,wheel,turret_missile,true,257467,97.1,3908,55,24,32.7,3137.1,55.12,443,3.15,2.79,71.7,34.3,10.4,4.9,0,0.35,""
15000099,hull_dreadnought,wheel,turret_gun,true,16186,114.5,287,34,10,5.6,27.1,0.01,2,0.31,2.46,279.1,10.0,3.6,3.1,0,1.00,""
15000100,hull_dreadnought,wheel,turret_missile,true,290544,86.7,3933,49,17,48.5,4108.3,57.34,541,1.33,3.84,263.0,50.5,11.0,13.8,0,1.00,""
15000101,hull_dreadnought,wheel,turret_beam,true,154029,114.4,2729,96,33,21.4,18.4,0.03,0,0.63,2.86,172.1,29.5,8.5,5.4,0,1.00,""
15000102,hull_dreadnought,wheel,turret_gun,true,178643,127.8,3032,136,66,15.8,216.1,0.06,8,0.48,2.58,77.8,20.2,8.2,3.7,0,1.00,""
15000103,hull_dreadnought,wheel,turret_gun,true,404669,102.1,7477,113,42,36.9,1316.1,4.04,16,3.72,3.09,123.4,37.6,10.4,7.0,0,1.00,""
15000104,hull_dreadnought,wheel,turret_gun,true,397669,108.8,13064,109,40,39.6,12597.8,353.87,737,4.65,3.01,355.6,42.1,10.6,6.4,0,1.00,""
15000105,hull_dreadnought,wheel,turret_beam,true,119197,112.7,2846,7,17,26.1,944.0,409.97,205,1.02,2.88,165.4,21.2,7.4,5.5,0,1.00,""
15000106,hull_dreadnought,wheel,turret_beam,true,93266,122.0,2621,129,69,10.4,502.5,1.57,0,0.35,2.46,109.5,14.8,6.1,3.1,0,1.00,""
16000007,hull_dreadnought,legs,turret_gun,true,327366,28.1,25216,188,42,40.6,1074.4,3.58,27,1.12,3.88,90.3,35.3,25.3,14.1,0,1.00,""
16000008,hull_dreadnought,legs,turret_beam,true,215866,19.8,13096,159,61,17.1,2326.7,8.76,2,0.83,3.20,72.1,26.2,8.4,7.8,0,1.00,""
16000009,hull_dreadnought,legs,turret_gun,true,311684,27.3,25885,107,28,42.3,2714.9,0.77,37,1.10,3.72,84.7,37.6,21.4,12.4,0,1.00,""
16000010,hull_dreadnought,legs,turret_missile,true,640933,9.7,17478,65,21,60.0,15093.9,287.48,662,8.63,4.03,52.6,44.9,24.3,15.7,0,1.00,""
16000011,hull_dreadnought,legs,turret_gun,true,554164,9.3,14294,142,45,52.8,3436.2,50.22,378,4.11,4.00,65.6,45.0,20.3,16.6,0,1.00,""
16000012,hull_dreadnought,legs,turret_beam,true,962023,16.0,42921,188,48,62.1,2846.5,12.23,139,9.53,4.52,80.3,57.2,28.2,21.7,0,1.00,""
16000013,hull_dreadnought,legs,turret_gun,true,25594,7.9,555,57,17,6.1,23.2,0.00,1,0.30,2.72,82.9,17.6,9.3,4.5,0,1.00,""
16000014,hull_dreadnought,legs,turret_beam,true,13690023,0.7,49000,236,73,204.7,24619.1,582.73,830,10.20,5.35,667.9,58.2,51.2,34.1,0,1.00,""
16000015,hull_dreadnought,legs,turret_missile,true,234026,8.4,5532,10,30,35.4,7419.2,603.75,637,2.67,3.46,56.2,21.0,20.1,10.0,0,1.00,""
16000016,hull_dreadnought,legs,turret_missile,true,114355,10.7,3431,32,26,19.1,6171.1,142.02,609,1.13,3.42,47.6,18.4,16.3,9.7,0,1.00,""
16000017,hull_dreadnought,legs,turret_gun,true,128529,9.8,3477,96,44,17.5,1271.8,0.16,14,0.65,3.36,59.6,19.2,11.6,9.1,0,1.00,""
16000018,hull_dreadnought,legs,turret_gun,true,532711,23.5,34375,86,31,57.4,2649.0,21.73,288,6.85,3.72,60.6,46.5,20.5,12.4,0,1.00,""
16000019,hull_dreadnought,legs,turret_gun,true,1623003,10.7,49000,27,23,67.4,1878.4,38.18,364,6.67,4.00,47.6,39.7,32.9,18.5,0,1.00,""
16000020,hull_dreadnought,legs,turret_gun,true,625468,23.7,40707,137,34,62.4,4601.4,103.95,488,5.24,4.33,63.0,45.5,24.9,19.2,0,1.00,""
16000021,hull_dreadnought,legs,turret_gun,true,1219139,10.4,35009,206,75,67.2,2149.1,24.38,470,5.77,4.07,59.5,43.6,22.8,16.2,0,1.00,""
16000022,hull_dreadnought,legs,turret_gun,true,374818,29.1,29997,39,11,49.0,2655.7,0.53,26,0.94,3.96,44.4,40.5,19.7,14.9,0,1.00,""
16000023,hull_dreadnought,legs,turret_gun,true,1641574,10.8,49000,174,63,96.0,26808.3,570.83,871,7.59,4.00,106.8,52.0,26.8,21.4,0,1.00,""
16000024,hull_dreadnought,legs,turret_gun,true,261250,11.8,8583,59,17,47.8,2032.6,0.27,18,0.72,4.30,67.8,49.8,19.0,18.9,0,1.00,""
16000025,hull_dreadnought,legs,turret_gun,true,434492,8.1,9892,155,44,39.5,288.1,0.57,32,1.14,3.47,54.3,34.6,23.1,10.1,0,1.00,""
16000026,hull_dreadnought,legs,turret_beam,true,60730,7.0,1173,103,52,7.6,465.1,20.42,1,0.35,2.80,48.1,10.9,6.1,5.0,0,1.00,""
16000027,hull_dreadnought,legs,turret_missile,true,88377,10.9,2680,28,13,21.2,2480.2,55.07,396,1.49,3.35,43.3,21.9,17.8,9.1,0,1.00,""
16000028,hull_dreadnought,legs,turret_beam,true,38668,12.8,2003,59,30,7.5,634.7,2.87,0,0.35,2.60,68.3,12.2,5.7,3.8,0,1.00,""
16000029,hull_dreadnought,legs,turret_beam,true,1201326,9.8,32803,74,25,95.5,5549.2,71.74,459,4.84,4.00,95.5,41.6,36.7,17.7,0,1.00,""
16000030,hull_dreadnought,legs,turret_gun,true,146862,23.8,9608,55,16,33.5,926.8,15.33,297,1.93,3.82,67.8,32.3,16.7,13.5,0,1.00,""
16000031,hull_dreadnought,legs,turret_gun,true,113747,12.9,4084,103,26,18.2,2721.2,41.79,393,1.53,3.24,58.4,19.2,14.5,8.1,0,1.00,""
16000032,hull_dreadnought,legs,turret_gun,true,644871,13.4,23929,242,74,31.6,406.2,0.59,32,1.17,3.46,49.3,33.0,18.8,10.0,0,1.00,""
16000033,hull_dreadnought,legs,turret_gun,true,673745,7.2,13501,105,44,65.3,238.7,0.17,11,2.59,3.61,65.7,35.9,29.5,11.4,0,1.00,""
16000034,hull_dreadnought,legs,turret_gun,true,130692,19.9,7141,126,57,15.5,113.6,0.04,6,0.54,3.18,64.8,16.2,12.4,7.7,0,1.00,""
16000035,hull_dreadnought,legs,turret_gun,true,82946,10.4,2406,64,22,16.1,413.1,0.68,38,1.09,3.10,52.1,15.4,16.4,7.0,0,1.00,""
16000036,hull_dreadnought,legs,turret_beam,true,2109001,8.1,49000,16,16,119.3,5786.8,83.30,454,4.98,4.55,82.3,42.4,43.0,22.2,0,1.00,""
16000037,hull_dreadnought,legs,turret_beam,true,697165,25.6,49000,81,28,60.4,7625.6,41.76,376,7.14,4.50,40.8,46.3,20.5,21.5,0,1.00,""
16000038,hull_dreadnought,legs,turret_missile,true,801985,21.0,46322,182,54,63.9,26548.7,763.45,957,3.80,3.99,85.1,51.5,26.7,15.3,0,1.00,""
16000039,hull_dreadnought,legs,turret_missile,true,479122,28.0,40972,51,16,54.3,3867.7,76.83,407,1.70,3.78,47.4,41.3,25.3,13.1,0,1.00,""
16000040,hull_dreadnought,legs,turret_missile,true,300362,21.4,17617,181,58,25.1,5913.1,121.82,813,2.14,3.40,90.1,32.5,14.4,9.4,0,1.00,""
16000041,hull_dreadnought,legs,turret_missile,true,1097655,9.4,28639,172,74,72.7,9823.2,253.96,705,6.42,4.75,98.2,52.2,23.2,24.9,0,1.00,""
16000042,hull_dreadnought,legs,turret_gun,true,145441,15.3,6153,117,36,13.8,232.7,0.27,22,0.79,3.01,41.0,24.0,12.1,6.4,0,1.00,""
16000043,hull_dreadnought,legs,turret_gun,true,2830416,6.0,49000,160,49,89.0,240.1,2.16,254,7.03,3.95,69.0,39.2,36.5,14.9,0,1.00,""
16000044,hull_dreadnought,legs,turret_missile,true,11442584,0.9,49000,147,52,219.3,23009.3,337.57,803,6.87,5.42,372.2,52.5,56.7,35.2,0,1.00,""
16000045,hull_dreadnought,legs,turret_beam,true,6940422,2.2,49000,229,67,129.7,9117.8,47.88,771,13.89,5.23,150.5,59.9,48.3,32.1,0,1.00,""
16000046,hull_dreadnought,legs,turret_gun,true,3414705,4.8,49000,27,10,139.9,30102.0,495.03,1929,8.66,4.58,222.1,55.7,45.7,22.5,0,1.00,""
16000047,hull_dreadnought,legs,turret_missile,true,447031,11.0,13662,135,49,41.8,5997.4,131.55,839,2.51,3.69,93.1,27.8,24.5,12.1,0,1.00,""
16000048,hull_dreadnought,legs,turret_gun,true,963327,18.4,49000,76,45,70.3,18232.5,317.18,756,7.67,3.72,94.0,50.3,27.5,12.5,0,1.00,""
16000049,hull_dreadnought,legs,turret_beam,true,168725,18.0,8371,7,5,31.0,960.9,2.36,2,1.33,3.40,63.0,22.7,22.7,9.5,0,0.08,""
16000050,hull_dreadnought,legs,turret_beam,true,430737,8.9,10542,133,59,37.1,796.6,11.41,346,3.51,3.46,75.7,33.0,17.9,10.0,0,1.00,""
16000051,hull_dreadnought,legs,turret_gun,true,39200,14.2,1538,17,14,11.3,3235.6,78.97,449,4.16,3.06,93.1,17.2,9.2,6.8,0,1.00,""
16000052,hull_dreadnought,legs,turret_gun,true,49752,18.9,3009,97,30,8.1,13.1,0.00,0,0.30,2.86,98.1,19.2,9.8,5.3,0,1.00,""
16000053,hull_dreadnought,legs,turret_beam,true,138479,8.1,3116,52,20,22.1,1220.8,34.67,38,1.59,3.41,42.1,33.1,11.1,9.5,0,1.00,""
16000054,hull_dreadnought,legs,turret_missile,true,187248,21.7,11192,28,10,38.6,1108.1,17.77,288,3.34,4.00,57.3,35.7,17.9,15.5,0,1.00,""
16000055,hull_dreadnought,legs,turret_gun,true,1854662,7.6,39946,157,66,61.1,16497.7,272.97,746,7.07,3.48,60.3,36.2,30.4,10.1,0,1.00,""
16000056,hull_dreadnought,legs,turret_gun,true,3031581,5.5,49000,151,48,111.2,2719.3,1.64,45,1.15,4.68,98.6,47.0,44.3,23.9,0,1.00,""
16000057,hull_dreadnought,legs,turret_gun,true,144876,19.8,11193,109,38,14.4,2136.9,0.12,13,0.65,3.07,63.0,26.8,11.0,6.8,0,0.70,""
16000058,hull_dreadnought,legs,turret_missile,true,210982,20.7,12037,40,34,24.3,6148.3,170.64,612,5.81,3.35,44.6,20.1,17.6,9.1,0,0.70,""
16000059,hull_dreadnought,legs,turret_missile,true,116387,12.7,4077,36,11,28.2,6924.4,167.71,672,3.56,3.56,96.7,32.1,16.2,10.9,0,1.00,""
16000060,hull_dreadnought,legs,turret_missile,true,49937,20.0,3126,81,29,9.6,1166.1,21.33,299,4.02,2.97,64.1,16.2,8.4,6.1,0,1.00,""
16000061,hull_dreadnought,legs,turret_gun,true,712180,7.0,13970,245,63,48.0,680.3,0.04,3,0.46,3.56,77.3,36.8,26.9,10.9,0,1.00,""
16000062,hull_dreadnought,legs,turret_beam,true,61387,11.0,2182,84,47,10.1,68.7,0.19,0,0.44,2.97,81.3,12.4,8.2,6.1,0,1.00,""
16000063,hull_dreadnought,legs,turret_gun,true,146740,16.3,6609,68,15,26.3,769.4,1.25,32,1.21,3.69,58.0,28.4,16.1,12.1,0,1.00,""
16000064,hull_dreadnought,legs,turret_missile,true,178629,11.3,5567,181,64,14.9,4537.7,97.17,489,2.31,3.06,61.7,21.6,15.0,6.7,0,1.00,""
16000065,hull_dreadnought,legs,turret_gun,true,90658,12.5,3125,107,60,10.1,264.0,0.40,22,1.24,2.79,46.2,12.2,10.0,4.9,0,1.00,""
16000066,hull_dreadnought,legs,turret_missile,true,138093,27.4,11504,36,35,18.6,1711.2,28.31,440,4.00,3.29,85.0,24.1,13.3,8.6,0,0.70,""
16000067,hull_dreadnought,legs,turret_gun,true,76219,19.9,4892,28,11,16.8,664.7,1.19,51,1.29,3.14,88.8,17.9,17.5,7.4,0,1.00,""
16000068,hull_dreadnought,legs,turret_beam,true,398611,14.6,16103,67,65,35.2,8234.3,69.85,120,2.10,3.52,63.4,26.6,21.0,10.5,0,1.00,""
16000069,hull_dreadnought,legs,turret_gun,true,87512,8.0,1916,121,49,9.8,72.8,0.02,4,0.52,2.79,62.0,17.2,9.7,4.9,0,1.00,""
16000070,hull_dreadnought,legs,turret_missile,true,132253,19.6,7122,69,24,24.7,5193.9,83.58,510,2.07,3.45,93.0,25.5,14.4,9.9,0,1.00,""
16000071,hull_dreadnought,legs,turret_gun,true,2498466,7.0,49000,54,47,94.1,2325.2,0.23,13,0.66,4.60,54.2,52.1,27.8,22.8,0,1.00,""
16000072,hull_dreadnought,legs,turret_missile,true,425177,6.9,8134,61,44,28.8,4075.6,39.07,356,1.80,3.37,50.9,36.2,17.2,9.2,0,1.00,""
16000073,hull_dreadnought,legs,turret_gun,true,285567,21.1,16511,105,62,23.9,289.0,0.01,1,0.30,3.54,82.2,26.3,16.5,10.7,0,1.00,""
16000074,hull_dreadnought,legs,turret_missile,true,2873871,5.8,49000,86,30,133.5,1478.5,28.35,352,3.41,4.00,112.2,46.9,42.6,21.0,0,1.00,""
16000075,hull_dreadnought,legs,turret_beam,true,1293846,13.8,49000,219,57,90.7,5640.1,21.19,263,12.00,4.00,73.4,55.1,24.0,22.3,0,1.00,""
16000076,hull_dreadnought,legs,turret_gun,true,308412,6.6,5769,62,21,44.2,759.6,0.08,8,0.49,3.84,85.9,35.3,31.2,13.6,0,1.00,""
16000077,hull_dreadnought,legs,turret_beam,true,165482,16.7,7591,87,40,20.9,5747.3,90.66,474,2.60,3.34,84.9,23.0,14.0,8.9,0,1.00,""
16000078,hull_dreadnought,legs,turret_gun,true,1962775,8.8,49000,230,71,100.8,3777.1,69.20,562,1.94,4.00,127.7,53.8,37.9,19.4,0,1.00,""
16000079,hull_dreadnought,legs,turret_beam,true,1404933,8.1,31804,68,56,56.7,5414.3,28.02,31,1.60,3.97,44.8,41.7,22.5,15.0,0,1.00,""
16000080,hull_dreadnought,legs,turret_gun,true,564452,13.7,21715,52,42,60.2,355.5,0.14,15,0.67,4.00,87.9,35.5,31.2,17.1,0,1.00,""
16000081,hull_dreadnought,legs,turret_gun,true,3633152,4.4,49000,60,48,110.2,11449.3,284.59,762,1.21,4.00,118.2,40.7,39.4,20.2,0,1.00,""
16000082,hull_dreadnought,legs,turret_beam,true,299528,18.6,15873,31,11,54.9,6935.5,184.85,473,3.62,4.00,74.7,37.4,21.5,20.0,0,1.00,""
16000083,hull_dreadnought,legs,turret_missile,true,96348,7.5,2003,70,24,16.3,12740.1,335.62,775,5.60,3.32,56.7,24.9,10.0,8.8,0,1.00,""
16000084,hull_dreadnought,legs,turret_missile,true,575626,9.8,15418,85,71,32.2,7807.7,189.86,499,6.76,3.47,41.5,36.0,13.2,10.1,0,1.00,""
16000085,hull_dreadnought,legs,turret_missile,true,4560972,3.4,49000,114,40,131.6,996.7,4.41,248,3.98,4.00,111.3,43.6,43.0,18.8,0,1.00,""
16000086,hull_dreadnought,legs,turret_missile,true,337512,8.1,7540,205,69,21.0,978.3,15.14,293,2.17,3.20,60.3,32.5,11.4,7.8,0,1.00,""
16000087,hull_dreadnought,legs,turret_gun,true,1281223,11.4,40952,247,74,85.3,1322.8,1.13,35,1.35,4.00,83.3,33.2,30.7,17.8,0,1.00,""
16000088,hull_dreadnought,legs,turret_gun,true,4508364,3.5,49000,59,15,127.3,2900.7,2.23,40,10.24,4.73,110.0,56.7,42.3,24.5,0,1.00,""
16000089,hull_dreadnought,legs,turret_beam,true,38043,20.4,2316,47,21,8.8,821.3,2.41,0,0.35,2.85,51.5,14.4,8.5,5.3,0,1.00,""
16000090,hull_dreadnought,legs,turret_gun,true,1691434,7.5,35531,201,53,92.6,11296.5,270.77,597,4.12,4.96,62.6,58.8,27.8,27.9,0,1.00,""
16000091,hull_dreadnought,legs,turret_missile,true,491202,8.6,11820,78,25,57.8,5247.8,113.49,556,0.99,3.95,46.2,32.8,23.5,14.8,0,1.00,""
16000092,hull_dreadnought,legs,turret_gun,true,680919,21.7,40520,90,75,36.7,7572.6,163.75,611,7.37,3.52,69.0,36.9,19.1,10.5,0,1.00,""
16000093,hull_dreadnought,legs,turret_gun,true,162347,9.3,4151,120,45,17.2,23.4,0.01,2,0.38,3.16,52.8,25.9,11.0,7.5,0,1.00,""
16000094,hull_dreadnought,legs,turret_beam,true,1291081,13.7,49000,156,39,120.5,18962.4,471.46,688,13.89,5.12,84.0,53.6,37.6,30.3,0,1.00,""
16000095,hull_dreadnought,legs,turret_gun,true,543694,16.5,24615,85,69,33.6,2349.7,53.81,883,3.32,3.59,43.4,30.2,14.5,11.2,0,1.00,""
16000096,hull_dreadnought,legs,turret_gun,true,1150919,7.2,23181,56,19,124.7,3592.8,0.56,18,8.84,4.00,98.1,50.8,34.1,19.8,0,1.00,""
16000097,hull_dreadnought,legs,turret_gun,true,73490,13.8,2790,57,11,17.5,64.5,0.07,8,0.72,3.30,50.6,20.9,13.3,8.6,0,1.00,""
16000098,hull_dreadnought,legs,turret_beam,true,1448967,7.3,30158,48,16,84.5,12598.2,122.02,1261,9.95,4.60,52.6,57.8,32.1,22.7,0,1.00,""
16000099,hull_dreadnought,legs,turret_beam,true,204707,7.6,4295,133,45,29.2,367.2,1.12,2,2.35,3.53,89.0,28.5,18.1,10.6,0,1.00,""
16000100,hull_dreadnought,legs,turret_beam,true,4236847,3.7,49000,120,50,153.9,4954.3,68.38,459,13.89,5.08,137.8,53.8,43.5,29.7,0,1.00,""
16000101,hull_dreadnought,legs,turret_gun,true,1073321,15.5,46680,11,11,99.5,4095.5,93.91,518,3.55,4.46,104.7,49.4,41.5,20.9,0,1.00,""
16000102,hull_dreadnought,legs,turret_gun,true,2092529,8.4,49000,122,58,99.7,1851.7,1.81,20,8.40,5.03,58.3,48.8,26.3,28.9,0,1.00,""
16000103,hull_dreadnought,legs,turret_gun,true,831749,13.9,31951,174,40,103.0,4884.5,32.99,474,3.73,4.54,84.3,42.6,33.1,21.9,0,1.00,""
16000104,hull_dreadnought,legs,turret_missile,true,410421,30.7,34688,14,6,58.5,2500.7,49.61,752,1.14,3.97,63.1,32.6,30.8,15.1,0,0.12,""
16000105,hull_dreadnought,legs,turret_gun,true,173465,24.7,14287,171,77,15.2,242.9,0.23,17,0.91,3.27,93.2,17.3,13.8,8.3,0,1.00,""
16000106,hull_dreadnought,legs,turret_gun,true,347221,26.7,25394,90,31,46.6,1176.8,14.76,508,2.83,4.00,59.4,37.2,17.7,17.5,0,1.00,""
17000007,hull_dreadnought,rail,turret_missile,true,119071,196.9,1662,72,26,15.7,5665.4,114.76,515,1.30,2.98,28.3,23.5,5.3,6.0,0,1.00,""
17000008,hull_dreadnought,rail,turret_gun,true,756317,111.8,5550,173,55,42.5,5024.4,61.06,591,9.98,4.00,170.7,53.1,9.6,15.3,0,1.00,""
17000009,hull_dreadnought,rail,turret_missile,true,76688,114.9,2335,150,73,6.8,3905.6,87.19,483,0.93,2.68,77.4,11.6,3.5,4.1,0,1.00,""
17000010,hull_dreadnought,rail,turret_missile,true,657103,214.8,6096,164,54,42.7,13401.6,300.64,912,2.47,3.91,86.1,49.5,9.1,14.3,0,1.00,""
17000011,hull_dreadnought,rail,turret_missile,true,58641,190.2,1082,34,23,7.9,3456.7,83.71,835,5.18,2.64,10.3,16.7,5.6,3.8,0,1.00,""
17000012,hull_dreadnought,rail,turret_gun,true,712488,92.6,10931,215,74,33.1,295.4,0.10,7,0.46,3.71,236.0,43.6,8.6,12.2,0,1.00,""
17000013,hull_dreadnought,rail,turret_beam,true,302683,250.0,6672,88,75,18.5,2662.8,116.23,60,1.35,2.90,48.1,25.2,5.8,5.5,0,1.00,""
17000014,hull_dreadnought,rail,turret_beam,true,314110,194.6,5451,163,60,19.1,31471.4,988.95,1052,1.84,3.17,67.1,29.0,6.6,7.5,0,1.00,""
17000015,hull_dreadnought,rail,turret_beam,true,195658,196.8,3301,82,22,20.2,16913.7,505.33,837,2.79,2.87,34.8,35.4,6.9,5.3,0,1.00,""
17000016,hull_dreadnought,rail,turret_missile,true,178055,226.0,3615,113,38,14.3,6056.8,145.89,777,7.34,2.80,35.3,29.4,5.3,4.8,0,1.00,""
17000017,hull_dreadnought,rail,turret_gun,true,418834,160.0,5703,70,25,43.0,6936.1,66.10,492,11.04,4.17,74.1,44.2,8.5,17.2,0,1.00,""
17000018,hull_dreadnought,rail,turret_missile,true,388780,250.0,6752,100,30,31.2,26707.6,750.24,1019,3.23,3.64,37.9,44.7,8.3,11.5,0,1.00,""
17000019,hull_dreadnought,rail,turret_missile,true,144590,250.0,3560,145,59,9.7,7712.8,195.29,690,2.99,2.71,29.0,21.1,5.0,4.3,0,1.00,""
17000020,hull_dreadnought,rail,turret_beam,true,280849,178.7,2094,90,34,25.3,14887.9,376.59,910,2.56,3.34,41.7,33.8,7.7,8.8,0,1.00,""
17000021,hull_dreadnought,rail,turret_beam,true,447090,250.0,6313,165,58,26.0,240.3,0.24,12,2.18,3.10,51.8,35.7,6.7,6.9,0,1.00,""
17000022,hull_dreadnought,rail,turret_missile,true,222596,199.6,1965,107,45,17.1,6693.0,168.23,623,5.89,2.91,29.2,28.0,6.4,5.6,0,1.00,""
17000023,hull_dreadnought,rail,turret_gun,true,471417,95.4,5276,99,38,35.9,6885.6,136.47,582,4.99,3.61,153.6,44.1,8.9,11.2,0,1.00,""
17000024,hull_dreadnought,rail,turret_missile,true,147101,180.8,2315,74,74,10.1,32703.0,1006.17,1114,0.54,2.77,41.9,16.7,4.2,4.6,0,1.00,""
17000025,hull_dreadnought,rail,turret_gun,true,119131,214.0,1457,128,53,10.6,716.5,2.23,9,0.90,2.74,30.6,17.3,5.0,4.4,0,1.00,""
17000026,hull_dreadnought,rail,turret_beam,true,278363,250.0,5718,66,52,20.8,3847.2,281.21,421,4.82,2.97,45.2,24.4,6.0,6.0,0,1.00,""
17000027,hull_dreadnought,rail,turret_gun,true,497344,98.1,4600,149,53,36.9,2050.3,8.57,49,4.84,3.75,278.9,44.8,8.0,12.6,0,1.00,""
17000028,hull_dreadnought,rail,turret_missile,true,107137,194.5,1205,52,22,11.7,6177.9,145.98,698,3.46,2.81,19.0,24.1,5.4,4.9,0,1.00,""
17000029,hull_dreadnought,rail,turret_gun,true,77780,228.7,2216,131,55,6.3,921.6,0.40,26,1.04,2.59,20.7,15.0,4.2,3.6,0,1.00,""
17000030,hull_dreadnought,rail,turret_beam,true,584561,199.5,5849,70,24,51.8,3875.0,11.84,66,9.14,3.84,53.5,59.4,10.0,13.5,0,1.00,""
17000031,hull_dreadnought,rail,turret_beam,true,179336,170.5,1252,61,21,16.8,590.1,60.77,222,3.46,3.06,22.1,29.9,6.3,6.6,0,1.00,""
17000032,hull_dreadnought,rail,turret_beam,true,910931,250.0,15036,244,71,35.4,2523.6,21.07,292,6.64,3.57,72.6,53.8,8.2,10.9,0,1.00,""
17000033,hull_dreadnought,rail,turret_missile,true,107768,221.6,1451,71,55,9.5,31632.8,966.46,1037,1.70,2.69,42.5,18.9,5.0,4.1,0,1.00,""
17000034,hull_dreadnought,rail,turret_missile,true,203552,182.6,1307,79,66,11.1,10241.7,302.83,710,4.17,2.82,52.5,22.7,5.2,4.9,0,1.00,""
17000035,hull_dreadnought,rail,turret_gun,true,97620,168.4,996,35,11,14.8,18903.1,542.75,843,0.78,3.00,13.3,27.1,5.6,6.2,0,1.00,""
17000036,hull_dreadnought,rail,turret_gun,true,94759,112.3,616,59,26,10.7,226.7,0.33,24,0.93,2.64,45.4,22.0,5.2,3.9,0,1.00,""
17000037,hull_dreadnought,rail,turret_gun,true,73445,221.5,1087,113,54,7.3,121.8,0.02,4,0.35,2.68,25.3,14.1,5.3,4.1,0,1.00,""
17000038,hull_dreadnought,rail,turret_missile,true,75586,206.0,1142,50,25,9.5,1085.5,26.77,450,3.09,2.71,16.0,20.8,6.3,4.3,0,1.00,""
17000039,hull_dreadnought,rail,turret_missile,true,1059956,193.7,29144,187,75,50.5,2316.5,43.51,326,3.97,4.35,136.5,50.6,9.0,19.4,0,1.00,""
17000040,hull_dreadnought,rail,turret_gun,true,188637,111.1,3986,143,61,13.6,110.8,0.03,3,0.39,2.93,110.5,21.7,5.0,5.7,0,1.00,""
17000041,hull_dreadnought,rail,turret_gun,true,908771,215.9,9527,201,69,41.6,3205.7,20.97,716,6.48,3.80,102.6,53.7,9.1,13.1,0,1.00,""
17000042,hull_dreadnought,rail,turret_beam,true,346353,224.3,3964,146,49,24.8,3490.7,37.32,379,4.70,3.24,46.4,36.1,7.3,8.0,0,1.00,""
17000043,hull_dreadnought,rail,turret_gun,true,206489,250.0,5455,65,26,21.4,1888.4,32.77,398,7.70,3.24,32.4,28.2,6.6,8.0,0,1.00,""
17000044,hull_dreadnought,rail,turret_gun,true,149328,162.6,1268,34,16,20.5,352.2,0.23,14,0.78,3.31,21.5,31.2,5.7,8.6,0,1.00,""
17000045,hull_dreadnought,rail,turret_gun,true,233195,196.6,4336,16,12,41.7,3104.8,46.78,748,2.86,3.90,35.4,48.4,9.3,14.2,0,1.00,""
17000046,hull_dreadnought,rail,turret_missile,true,475728,172.7,4228,76,25,48.4,4295.9,84.63,549,11.79,4.02,52.5,49.0,9.7,15.5,0,1.00,""
17000047,hull_dreadnought,rail,turret_missile,true,81779,104.9,1251,29,23,13.5,1169.1,20.99,333,1.10,2.87,55.0,20.7,5.4,5.3,0,1.00,""
17000048,hull_dreadnought,rail,turret_beam,true,741425,166.8,4897,181,56,45.3,12092.4,291.07,840,8.07,4.08,121.7,56.6,8.7,16.2,0,1.00,""
17000049,hull_dreadnought,rail,turret_missile,true,91501,104.8,2436,63,27,9.3,452.7,1.55,315,8.22,2.59,45.8,18.8,4.8,3.6,0,1.00,""
17000050,hull_dreadnought,rail,turret_missile,true,73430,108.4,956,96,59,6.5,4131.4,82.83,662,0.70,2.58,37.4,10.1,3.7,3.5,0,1.00,""
17000051,hull_dreadnought,rail,turret_missile,true,138927,125.2,2240,81,73,8.6,6461.9,162.57,1025,2.64,2.71,72.0,18.2,3.6,4.3,0,1.00,""
17000052,hull_dreadnought,rail,turret_gun,true,220076,212.7,2249,140,61,16.4,142.4,0.19,16,0.96,2.94,40.2,23.1,5.9,5.8,0,1.00,""
17000053,hull_dreadnought,rail,turret_missile,true,107685,213.0,1179,90,38,8.7,2479.3,56.55,909,2.61,2.78,20.8,24.2,6.1,4.7,0,1.00,""
17000054,hull_dreadnought,rail,turret_beam,true,549886,216.4,4670,194,59,31.7,46.0,0.16,0,2.73,3.59,46.2,43.6,7.6,11.0,0,1.00,""
17000055,hull_dreadnought,rail,turret_beam,true,261291,122.7,5014,125,56,19.7,2073.8,138.54,93,1.20,2.94,100.1,24.4,6.0,5.7,0,1.00,""
17000056,hull_dreadnought,rail,turret_missile,true,169887,124.3,2120,36,13,43.2,3255.4,55.09,429,1.44,3.88,226.7,51.0,9.1,14.0,0,0.25,""
17000057,hull_dreadnought,rail,turret_gun,true,637553,250.0,8292,213,67,29.0,837.9,12.58,318,3.35,3.00,53.6,46.7,8.1,6.2,0,1.00,""
17000058,hull_dreadnought,rail,turret_missile,true,215587,103.9,3949,148,72,14.5,3542.2,51.47,483,6.15,2.95,118.2,20.0,5.6,5.8,0,1.00,""
17000059,hull_dreadnought,rail,turret_beam,true,348679,211.3,3525,138,46,26.2,5589.9,116.38,609,1.95,3.24,51.9,38.5,7.2,8.0,0,1.00,""
17000060,hull_dreadnought,rail,turret_gun,true,374209,250.0,8540,82,68,17.6,404.6,0.73,30,1.36,2.91,44.8,34.6,5.9,5.5,0,1.00,""
17000061,hull_dreadnought,rail,turret_gun,true,385777,226.3,7054,71,20,41.3,763.1,1.14,36,1.11,3.73,50.8,52.0,8.6,12.4,0,1.00,""
17000062,hull_dreadnought,rail,turret_beam,true,171723,136.4,4082,43,16,17.6,6705.0,159.77,547,2.72,3.02,43.9,32.8,6.3,6.3,0,1.00,""
17000063,hull_dreadnought,rail,turret_gun,true,405591,211.4,3489,186,69,25.4,3627.3,78.21,485,7.83,3.20,61.5,29.9,7.0,7.7,0,1.00,""
17000064,hull_dreadnought,rail,turret_gun,true,725584,195.8,6327,172,59,36.1,3139.3,313.08,1631,6.61,3.20,104.9,45.2,8.5,7.7,0,1.00,""
17000065,hull_dreadnought,rail,turret_gun,true,53332,98.9,1083,92,37,5.9,100.4,0.02,4,0.36,2.63,33.2,14.6,3.1,3.8,0,1.00,""
17000066,hull_dreadnought,rail,turret_missile,true,281345,160.8,3401,36,15,53.4,8370.6,158.57,660,2.46,4.40,79.7,59.8,9.5,20.1,0,0.70,""
17000067,hull_dreadnought,rail,turret_missile,true,205136,142.1,2622,35,70,16.3,1462.7,312.57,233,5.30,2.92,66.3,20.0,4.1,5.6,0,1.00,""
17000068,hull_dreadnought,rail,turret_gun,true,64055,219.9,1316,88,30,9.1,50.4,0.01,1,0.30,2.70,12.1,15.9,6.3,4.2,0,1.00,""
17000069,hull_dreadnought,rail,turret_beam,true,129846,181.2,2009,40,40,14.5,3079.9,148.92,584,0.70,2.81,36.7,17.8,5.5,4.9,0,1.00,""
17000070,hull_dreadnought,rail,turret_missile,true,395614,166.3,6572,179,65,21.1,8296.2,164.88,521,1.53,3.12,85.9,34.8,6.5,7.1,0,1.00,""
17000071,hull_dreadnought,rail,turret_missile,true,628238,110.6,7158,210,66,31.7,7762.0,145.39,581,5.08,3.45,182.1,40.8,7.7,9.8,0,1.00,""
17000072,hull_dreadnought,rail,turret_gun,true,268226,167.4,3112,24,21,47.6,3217.1,55.09,461,2.23,3.86,124.3,50.5,9.4,13.8,0,0.50,""
17000073,hull_dreadnought,rail,turret_gun,true,428883,130.3,6996,98,32,40.5,545.0,4.27,281,4.45,3.74,89.5,48.3,9.0,12.6,0,1.00,""
17000074,hull_dreadnought,rail,turret_beam,true,135230,215.9,2436,29,19,17.6,962.7,324.43,82,0.87,2.97,28.8,22.8,4.1,6.0,0,1.00,""
17000075,hull_dreadnought,rail,turret_missile,true,143450,137.5,1269,27,10,24.5,948.9,14.44,301,1.63,3.23,37.0,35.9,7.3,7.9,0,1.00,""
17000076,hull_dreadnought,rail,turret_missile,true,625651,183.3,5602,131,55,32.1,851.3,13.10,377,6.19,3.13,86.7,49.6,8.0,7.1,0,1.00,""
17000077,hull_dreadnought,rail,turret_beam,true,233288,121.8,5387,92,26,28.2,22880.8,700.60,972,2.31,3.43,179.1,42.8,7.4,9.6,0,1.00,""
17000078,hull_dreadnought,rail,turret_gun,true,175831,101.5,3054,14,13,24.0,873.5,16.08,329,4.31,3.31,53.1,37.0,6.7,8.6,0,1.00,""
17000079,hull_dreadnought,rail,turret_gun,true,68313,151.1,453,87,31,9.0,340.9,0.13,14,0.62,2.61,22.0,16.2,4.0,3.7,0,1.00,""
17000080,hull_dreadnought,rail,turret_gun,true,479671,243.5,11751,88,32,58.0,2701.0,43.97,779,5.40,4.21,87.3,51.1,10.3,17.7,0,0.70,""
17000081,hull_dreadnought,rail,turret_gun,true,73201,193.8,1264,77,39,8.8,127.5,0.19,17,0.80,2.67,24.2,14.9,4.6,4.0,0,1.00,""
17000082,hull_dreadnought,rail,turret_gun,true,632482,200.4,4662,93,73,34.0,6966.8,543.13,1659,5.58,3.39,100.8,41.8,7.1,9.2,0,1.00,""
17000083,hull_dreadnought,rail,turret_beam,true,158888,250.0,4369,174,59,10.2,1744.2,43.63,10,0.68,2.76,23.4,21.9,6.3,4.6,0,1.00,""
17000084,hull_dreadnought,rail,turret_missile,true,234359,246.0,5373,32,27,26.7,23637.5,673.65,844,2.91,3.23,79.3,40.6,7.5,7.9,0,0.50,""
17000085,hull_dreadnought,rail,turret_gun,true,452520,227.3,7419,45,31,46.1,3411.2,36.28,534,0.70,3.27,69.4,52.7,9.4,8.3,0,1.00,""
17000086,hull_dreadnought,rail,turret_missile,true,161196,250.0,3209,132,43,12.9,6468.9,163.14,968,3.64,2.94,27.8,25.7,6.1,5.7,0,1.00,""
17000087,hull_dreadnought,rail,turret_missile,true,455587,245.9,11584,201,73,23.2,2091.6,35.52,513,5.61,3.20,66.2,33.4,6.7,7.7,0,1.00,""
17000088,hull_dreadnought,rail,turret_missile,true,82390,92.0,1753,39,17,12.9,1631.2,32.10,366,2.75,2.95,53.6,20.9,4.9,5.8,0,1.00,""
17000089,hull_dreadnought,rail,turret_missile,true,232686,250.0,3732,141,49,16.4,3541.4,60.26,480,5.91,2.99,36.1,30.9,6.4,6.1,0,1.00,""
17000090,hull_dreadnought,rail,turret_beam,true,129946,244.3,3497,25,14,17.9,5276.5,119.35,613,7.72,3.09,19.4,37.1,6.1,6.8,0,1.00,""
17000091,hull_dreadnought,rail,turret_missile,true,543707,92.1,4898,90,32,46.4,15269.1,465.91,812,7.14,3.32,162.5,50.3,9.6,8.7,0,1.00,""
17000092,hull_dreadnought,rail,turret_gun,true,161470,232.6,2019,156,68,11.4,85.6,0.07,7,0.77,2.74,38.2,19.6,4.8,4.4,0,1.00,""
17000093,hull_dreadnought,rail,turret_gun,true,297546,137.3,2446,121,42,24.7,838.2,12.51,260,4.28,3.34,123.7,39.0,7.1,8.8,0,1.00,""
17000094,hull_dreadnought,rail,turret_missile,true,643281,198.9,4083,58,58,34.6,7323.9,159.06,851,9.63,3.72,53.5,46.9,8.2,12.3,0,1.00,""
17000095,hull_dreadnought,rail,turret_beam,true,894402,250.0,23001,63,63,47.5,4356.4,57.78,461,9.92,4.16,83.2,52.6,9.3,17.1,0,1.00,""
17000096,hull_dreadnought,rail,turret_gun,true,394995,116.4,3242,33,33,34.1,621.9,0.90,38,1.15,3.72,123.0,42.1,8.8,12.3,0,1.00,""
17000097,hull_dreadnought,rail,turret_missile,true,30585,126.8,316,33,11,8.5,10869.1,292.09,690,1.18,2.71,27.1,17.3,3.7,4.2,0,1.00,""
17000098,hull_dreadnought,rail,turret_gun,true,374721,210.7,5916,72,24,42.5,1152.1,2.26,30,9.06,4.01,48.3,46.4,8.6,15.4,0,1.00,""
17000099,hull_dreadnought,rail,turret_missile,true,80763,193.7,753,133,75,7.2,10096.1,265.64,662,1.16,2.59,22.8,11.5,6.1,3.6,0,1.00,""
17000100,hull_dreadnought,rail,turret_gun,true,59417,200.9,922,88,62,5.4,69.2,0.02,4,0.38,2.62,16.1,10.2,6.4,3.7,0,1.00,""
17000101,hull_dreadnought,rail,turret_gun,true,322040,244.7,5989,104,34,29.8,2416.0,7.09,33,6.62,3.11,79.4,42.5,7.8,7.0,0,0.70,""
17000102,hull_dreadnought,rail,turret_gun,true,152795,111.6,2177,54,22,18.8,1678.9,28.64,352,2.01,2.91,85.4,30.1,6.1,5.6,0,1.00,""
17000103,hull_dreadnought,rail,turret_missile,true,137295,179.3,3458,37,15,18.1,922.6,11.81,676,4.80,2.91,35.2,28.0,5.8,5.5,0,1.00,""
17000104,hull_dreadnought,rail,turret_missile,true,317227,250.0,7947,78,26,25.8,14352.8,329.14,844,7.19,3.55,27.9,44.2,7.7,10.7,0,1.00,""
17000105,hull_dreadnought,rail,turret_gun,true,68119,109.0,1759,61,14,11.0,332.6,0.49,31,1.01,2.85,27.6,24.6,4.4,5.1,0,1.00,""
17000106,hull_dreadnought,rail,turret_gun,true,511598,147.4,7325,147,51,31.8,3523.7,66.61,566,5.38,3.76,134.5,43.3,8.5,12.7,0,0.70,""
18000007,hull_dreadnought,hover,turret_beam,true,59532,61.4,2107,30,13,17.6,486.3,0.83,25,1.28,2.80,7.2,20.0,5.7,5.0,1598,0.25,""
18000008,hull_dreadnought,hover,turret_missile,true,39824,99.0,2434,30,17,10.7,1680.1,30.75,534,1.89,2.64,6.8,16.3,4.7,4.0,1117,0.35,""
18000009,hull_dreadnought,hover,turret_gun,true,114246,64.8,4529,38,14,24.6,285.8,0.38,23,1.04,2.83,7.5,33.7,6.5,5.2,3531,0.50,""
18000010,hull_dreadnought,hover,turret_gun,true,52385,88.0,2240,31,11,14.3,460.2,0.76,37,1.11,2.70,6.5,24.9,4.6,4.3,1473,0.50,""
18000011,hull_dreadnought,hover,turret_missile,true,59544,94.0,3125,24,10,18.3,6417.7,133.78,623,0.91,2.79,6.5,21.5,5.9,4.9,1597,0.70,""
18000012,hull_dreadnought,hover,turret_missile,true,125719,98.9,5058,39,14,30.3,1979.1,38.31,485,6.12,3.22,7.0,33.6,7.3,7.9,3106,0.35,""
18000013,hull_dreadnought,hover,turret_missile,true,168065,67.1,6331,14,13,34.9,3504.0,54.92,469,7.46,3.02,7.9,37.0,7.3,6.4,4827,0.25,""
18000014,hull_dreadnought,hover,turret_missile,true,79649,77.0,3294,63,19,11.9,1588.6,26.31,349,1.36,2.64,7.7,27.1,5.1,4.0,2120,0.25,""
18000015,hull_dreadnought,hover,turret_gun,true,25637,109.5,1442,23,18,7.4,7.3,0.00,0,0.30,2.41,6.3,12.3,4.4,2.8,730,0.70,""
18000016,hull_dreadnought,hover,turret_gun,true,90878,99.0,4398,27,9,21.3,453.6,0.28,13,0.82,2.98,6.5,30.7,6.0,6.2,2541,0.17,""
18000017,hull_dreadnought,hover,turret_gun,true,153812,83.0,6074,33,11,40.4,3648.9,72.29,661,8.10,3.11,6.6,40.4,7.6,7.1,4181,0.17,""
18000018,hull_dreadnought,hover,turret_gun,true,30797,99.0,1826,46,18,7.1,27845.2,859.40,1007,1.30,2.48,6.7,17.4,3.8,3.1,943,0.25,""
18000019,hull_dreadnought,hover,turret_beam,true,52651,136.9,2993,37,17,11.1,528.4,4.92,1,0.50,2.67,7.5,19.6,4.6,4.2,1662,1.00,""
18000020,hull_dreadnought,hover,turret_gun,true,130258,68.2,4900,26,13,29.9,2577.6,34.38,601,9.91,2.91,6.8,34.6,7.2,5.7,3699,1.00,""
18000021,hull_dreadnought,hover,turret_missile,true,39232,143.0,2665,40,17,11.4,15916.6,436.21,834,5.48,2.68,6.9,17.8,4.5,4.2,1195,0.25,""
18000022,hull_dreadnought,hover,turret_missile,true,104494,143.0,6704,48,16,21.7,1701.1,19.67,370,1.56,2.95,7.5,29.2,6.5,5.9,3078,0.35,""
18000023,hull_dreadnought,hover,turret_beam,true,113318,99.0,5818,43,14,20.8,4343.2,72.28,538,3.69,3.02,7.3,32.0,6.3,6.4,2790,0.50,""
18000024,hull_dreadnought,hover,turret_missile,true,48524,66.2,1913,21,18,10.4,1843.8,31.08,456,0.96,2.63,7.3,20.0,4.2,4.0,1483,1.00,""
18000025,hull_dreadnought,hover,turret_beam,true,165133,121.0,9241,14,5,43.0,9296.6,654.56,1962,4.90,3.38,7.7,40.8,7.3,9.3,5360,0.08,""
18000026,hull_dreadnought,hover,turret_beam,true,67663,88.5,3079,38,13,17.2,1149.7,19.69,324,1.61,2.86,6.7,27.5,5.3,5.3,2172,0.35,""
18000027,hull_dreadnought,hover,turret_gun,true,35058,99.0,1799,53,17,8.2,92.9,0.06,8,0.46,2.45,7.2,17.9,3.8,3.0,1187,0.25,""
18000028,hull_dreadnought,hover,turret_missile,true,144430,74.8,5359,30,11,35.2,23489.6,578.89,896,4.25,3.24,7.5,35.7,7.6,8.1,3825,0.17,""
18000029,hull_dreadnought,hover,turret_beam,true,139211,89.9,5323,46,14,28.1,911.4,2.41,12,2.15,2.93,7.3,36.3,7.1,5.8,3515,0.50,""
18000030,hull_dreadnought,hover,turret_gun,true,102926,99.0,5172,25,9,23.1,307.8,0.39,23,0.99,3.05,7.7,30.9,6.2,6.7,2939,0.50,""
18000031,hull_dreadnought,hover,turret_missile,true,19052,98.3,1153,25,11,8.0,1837.2,35.52,431,4.30,2.61,6.9,12.1,3.2,3.8,794,1.00,""
18000032,hull_dreadnought,hover,turret_beam,true,91964,95.6,3783,17,15,22.3,4736.1,111.36,617,5.20,2.81,7.0,26.5,6.5,5.0,2413,0.25,""
18000033,hull_dreadnought,hover,turret_beam,true,70437,99.0,3943,17,13,17.4,959.9,9.78,24,1.86,2.89,6.5,28.1,5.1,5.5,2181,0.17,""
18000034,hull_dreadnought,hover,turret_missile,true,60561,62.1,2345,14,14,13.6,27179.9,731.37,1043,1.54,2.70,7.7,21.6,4.7,4.4,1837,0.70,""
18000035,hull_dreadnought,hover,turret_gun,true,111966,135.7,6346,36,12,25.3,5094.0,100.74,494,5.54,3.16,7.1,35.8,6.3,7.5,3431,0.50,""
18000036,hull_dreadnought,hover,turret_gun,true,136019,99.0,6608,22,7,32.3,3456.7,92.24,534,9.49,3.44,6.9,40.3,7.1,9.8,3520,0.17,""
18000037,hull_dreadnought,hover,turret_gun,true,116976,121.0,7615,19,15,23.1,277.5,0.08,9,0.50,3.01,7.7,31.7,6.2,6.3,3170,0.35,""
18000038,hull_dreadnought,hover,turret_beam,true,130728,71.6,4924,18,6,30.5,512.4,223.70,1095,4.32,3.23,7.4,37.8,6.6,8.0,3587,0.17,""
18000039,hull_dreadnought,hover,turret_gun,true,146202,59.1,4929,32,13,36.3,1766.6,0.42,20,0.97,3.36,7.3,37.1,7.8,9.1,3766,0.35,""
18000040,hull_dreadnought,hover,turret_beam,true,51341,96.0,2228,32,12,13.8,1055.6,52.88,372,6.40,2.74,6.6,23.3,4.7,4.6,1436,0.17,""
18000041,hull_dreadnought,hover,turret_beam,true,37119,66.9,1597,28,12,10.0,136.2,0.90,0,0.73,2.63,7.3,18.2,4.1,3.9,1226,1.00,""
18000042,hull_dreadnought,hover,turret_gun,true,200019,77.3,7990,40,16,41.4,4495.8,74.02,573,7.38,3.48,7.7,41.2,8.1,10.2,5831,0.25,""
18000043,hull_dreadnought,hover,turret_gun,true,53722,69.3,1921,27,13,17.5,348.0,0.78,37,1.28,2.68,6.5,20.2,5.9,4.2,1379,0.25,""
18000044,hull_dreadnought,hover,turret_gun,true,25882,105.3,1912,40,17,7.9,7.4,0.00,0,0.30,2.47,6.9,14.2,3.9,3.1,910,0.25,""
18000045,hull_dreadnought,hover,turret_missile,true,88611,77.0,5219,48,17,18.6,7795.1,195.14,742,3.40,2.94,7.9,29.1,5.5,5.9,2922,0.35,""
18000046,hull_dreadnought,hover,turret_gun,true,149909,77.0,7791,46,15,31.3,3083.3,0.14,15,0.66,3.30,7.4,37.1,7.4,8.6,3887,0.70,""
18000047,hull_dreadnought,hover,turret_missile,true,169851,72.9,6647,22,16,38.6,14837.2,322.55,1032,5.88,3.44,7.5,37.7,7.8,9.8,4908,0.35,""
18000048,hull_dreadnought,hover,turret_missile,true,45184,98.3,2138,38,13,9.7,1446.4,26.33,335,3.53,2.62,7.5,20.3,4.1,3.9,1451,0.70,""
18000049,hull_dreadnought,hover,turret_gun,true,129216,77.6,4793,38,14,30.1,11437.8,268.80,767,3.25,2.98,7.1,35.0,7.3,6.1,3366,0.25,""
18000050,hull_dreadnought,hover,turret_gun,true,198646,107.7,8235,21,9,46.9,2230.3,35.83,450,2.00,3.53,6.7,45.0,8.8,10.6,4708,0.12,""
18000051,hull_dreadnought,hover,turret_missile,true,232704,85.3,9110,15,9,54.4,5080.9,324.21,1024,6.69,4.08,7.0,47.0,9.1,16.3,6079,0.50,""
18000052,hull_dreadnought,hover,turret_gun,true,89011,76.8,3159,16,12,23.8,1722.6,1.04,46,1.24,2.95,6.6,27.8,6.5,6.0,2163,0.35,""
18000053,hull_dreadnought,hover,turret_beam,true,163651,76.3,6138,19,15,30.5,1139.1,111.65,110,1.51,3.22,7.8,37.9,7.2,7.9,4412,0.25,""
18000054,hull_dreadnought,hover,turret_missile,true,134261,121.0,7212,33,12,34.0,756.0,5.21,256,3.08,3.44,6.8,37.0,7.5,9.8,3349,0.25,""
18000055,hull_dreadnought,hover,turret_beam,true,42243,99.0,2508,68,22,7.3,131.8,0.25,3,0.41,2.41,7.8,18.6,4.0,2.8,1325,0.35,""
18000056,hull_dreadnought,hover,turret_gun,true,259071,77.0,12522,13,11,46.5,833.2,0.84,29,1.19,3.36,7.7,49.7,8.6,9.1,7343,0.25,""
18000057,hull_dreadnought,hover,turret_gun,true,192803,77.0,11347,46,15,36.5,10003.4,244.49,702,7.03,3.29,7.3,47.2,8.0,8.5,4992,0.25,""
18000058,hull_dreadnought,hover,turret_missile,true,16903,110.2,1887,31,17,6.0,1852.6,40.46,478,5.51,2.41,6.7,10.3,3.5,2.8,627,0.25,""
18000059,hull_dreadnought,hover,turret_gun,true,62578,99.0,4007,49,18,10.9,773.7,0.26,17,0.66,2.62,7.7,24.1,4.9,3.9,1687,0.35,""
18000060,hull_dreadnought,hover,turret_gun,true,214462,98.0,8333,37,10,44.3,4486.5,104.58,481,1.85,3.42,7.0,47.7,8.6,9.7,5152,0.17,""
18000061,hull_dreadnought,hover,turret_missile,true,51753,99.0,3056,56,19,10.2,8408.0,247.26,715,5.68,2.53,7.2,20.3,4.8,3.4,1388,0.50,""
18000062,hull_dreadnought,hover,turret_gun,true,180941,101.2,7897,32,12,36.0,7435.9,189.44,656,7.49,3.26,7.8,41.4,8.0,8.3,5094,0.35,""
18000063,hull_dreadnought,hover,turret_missile,true,155522,94.1,7232,41,11,33.6,1401.3,30.04,356,7.62,3.36,7.5,39.5,7.0,9.1,5026,0.17,""
18000064,hull_dreadnought,hover,turret_beam,false,93298,99.0,5377,5,5,23.6,7289.2,582.66,592,1.67,2.94,9.9,25.5,5.0,5.9,2978,0.08,"overloaded: 93298 kg on running gear rated 75529 kg"
18000065,hull_dreadnought,hover,turret_missile,true,37959,121.0,2509,23,11,9.1,11983.9,327.18,884,0.94,2.54,7.2,18.3,3.7,3.5,1274,1.00,""
18000066,hull_dreadnought,hover,turret_gun,true,112779,99.0,5621,26,11,32.4,1076.6,12.58,295,1.28,3.23,6.6,31.9,7.6,8.1,2585,0.17,""
18000067,hull_dreadnought,hover,turret_missile,true,67981,77.0,2382,26,12,19.5,16207.3,471.21,814,1.95,2.87,6.6,24.1,6.2,5.4,1559,0.35,""
18000068,hull_dreadnought,hover,turret_missile,true,200196,60.8,6814,16,13,35.4,22191.7,675.12,877,8.44,3.38,7.8,42.0,7.9,9.3,5232,0.50,""
18000069,hull_dreadnought,hover,turret_gun,true,61041,99.0,2647,26,12,15.7,409.2,63.81,21,0.81,2.67,7.8,20.1,5.5,4.2,1657,0.17,""
18000070,hull_dreadnought,hover,turret_missile,true,29125,121.0,1877,35,14,9.4,1457.8,25.88,449,4.56,2.63,6.8,15.6,3.9,3.9,1068,0.70,""
18000071,hull_dreadnought,hover,turret_gun,true,154557,70.3,5596,30,11,35.7,7536.9,199.21,632,9.43,3.36,6.8,38.6,8.2,9.1,4076,0.35,""
18000072,hull_dreadnought,hover,turret_beam,true,121749,118.4,5905,45,14,26.6,833.4,2.07,5,1.09,3.28,7.4,35.1,6.5,8.4,3468,0.25,""
18000073,hull_dreadnought,hover,turret_gun,true,190560,99.0,11862,30,10,43.9,1941.8,1.06,36,1.07,3.10,6.6,48.0,8.6,7.0,4816,1.00,""
18000074,hull_dreadnought,hover,turret_missile,true,109732,109.0,5094,26,10,25.4,4191.5,78.42,404,6.98,3.22,6.5,33.2,6.4,8.0,3108,0.70,""
18000075,hull_dreadnought,hover,turret_missile,true,114467,65.9,4244,32,12,28.1,1122.1,9.95,304,1.18,3.12,7.2,32.9,6.8,7.2,3195,0.35,""
18000076,hull_dreadnought,hover,turret_gun,true,124343,99.0,7325,31,11,31.2,14458.7,440.41,969,4.16,2.99,7.4,34.7,6.9,6.3,3853,0.25,""
18000077,hull_dreadnought,hover,turret_beam,true,174865,77.0,6208,31,10,36.7,11521.6,274.15,900,2.68,3.35,6.7,44.5,8.1,9.1,4252,0.17,""
18000078,hull_dreadnought,hover,turret_beam,true,20411,81.0,1110,38,21,6.4,22.4,0.04,0,0.48,2.44,7.8,10.3,3.6,2.9,809,0.70,""
18000079,hull_dreadnought,hover,turret_beam,true,134849,84.2,5077,10,6,33.2,688.5,314.64,1873,5.00,3.10,7.4,34.9,6.9,7.0,3379,0.25,""
18000080,hull_dreadnought,hover,turret_beam,false,241913,77.0,15305,16,5,44.9,9039.9,541.29,2189,7.39,3.30,8.6,48.6,7.8,8.6,7558,0.08,"overloaded: 241913 kg on running gear rated 224890 kg"
18000081,hull_dreadnought,hover,turret_gun,true,121093,66.7,4136,40,16,28.0,657.7,1.12,47,1.33,3.00,7.6,30.0,7.3,6.3,3035,0.35,""
18000082,hull_dreadnought,hover,turret_missile,true,20223,106.4,1245,25,13,8.1,6078.0,132.46,798,4.90,2.56,6.4,12.2,3.8,3.6,705,0.70,""
18000083,hull_dreadnought,hover,turret_gun,true,220906,72.1,8007,18,13,52.0,714.8,0.68,37,1.09,3.17,7.1,43.5,9.1,7.6,5805,0.50,""
18000084,hull_dreadnought,hover,turret_gun,true,54450,117.2,2882,20,17,15.8,215.1,0.00,1,0.30,2.88,7.5,18.5,5.2,5.4,1690,0.50,""
18000085,hull_dreadnought,hover,turret_gun,true,172772,84.5,6965,39,12,34.0,5998.5,130.79,609,2.91,3.27,7.9,39.8,7.6,8.3,4899,0.25,""
18000086,hull_dreadnought,hover,turret_beam,true,61858,98.2,2950,28,9,17.0,3964.2,212.36,460,1.65,2.87,7.7,24.2,4.6,5.4,1945,0.17,""
18000087,hull_dreadnought,hover,turret_gun,true,75861,82.7,3038,43,14,20.6,756.3,9.56,264,3.73,2.94,7.3,22.4,6.1,5.9,2092,0.70,""
18000088,hull_dreadnought,hover,turret_gun,true,104012,77.0,5410,24,9,25.5,1040.6,155.13,36,0.66,3.02,7.5,30.6,6.4,6.4,2869,0.25,""
18000089,hull_dreadnought,hover,turret_gun,true,69890,99.0,3371,34,14,20.1,401.7,0.49,8,1.59,2.97,7.1,25.1,5.6,6.1,2211,0.35,""
18000090,hull_dreadnought,hover,turret_beam,true,52867,77.0,2214,29,12,16.3,2136.6,40.43,509,5.49,2.78,6.5,22.6,5.3,4.8,1395,0.25,""
18000091,hull_dreadnought,hover,turret_beam,true,100836,60.3,3437,32,12,19.9,12948.0,352.54,1019,1.68,2.86,7.1,29.4,6.7,5.4,2641,0.50,""
18000092,hull_dreadnought,hover,turret_gun,true,90098,77.0,4074,42,14,18.2,337.4,0.41,26,0.94,2.89,7.7,27.6,5.8,5.5,2663,1.00,""
18000093,hull_dreadnought,hover,turret_gun,true,186530,121.0,10393,24,8,36.7,7553.2,159.59,632,3.04,3.33,7.0,45.4,8.4,8.9,4317,0.12,""
18000094,hull_dreadnought,hover,turret_gun,true,48874,121.0,2917,40,17,12.4,112.1,0.14,3,0.76,2.56,7.3,20.6,4.7,3.6,1434,0.35,""
18000095,hull_dreadnought,hover,turret_gun,true,121684,99.0,6113,53,13,23.5,1187.5,12.18,288,1.38,3.03,7.6,34.1,6.2,6.5,3814,0.70,""
18000096,hull_dreadnought,hover,turret_gun,true,164214,70.1,6362,16,14,32.9,4300.2,83.29,557,4.51,3.17,7.8,35.7,7.6,7.6,4819,0.25,""
18000097,hull_dreadnought,hover,turret_gun,true,22996,99.0,1271,30,13,9.1,134.6,0.13,12,0.85,2.64,6.3,14.5,3.6,4.0,808,0.35,""
18000098,hull_dreadnought,hover,turret_beam,true,30198,57.7,1197,32,17,9.5,59.1,0.14,0,0.46,2.54,6.9,14.2,4.2,3.4,962,0.50,""
18000099,hull_dreadnought,hover,turret_missile,true,72845,121.0,3716,53,17,12.5,742.2,3.61,381,1.40,2.70,7.5,27.0,5.0,4.3,1960,0.35,""
18000100,hull_dreadnought,hover,turret_beam,true,149826,84.4,6116,16,6,43.1,4999.6,398.02,1239,5.18,3.37,7.3,36.2,8.0,9.2,4093,0.50,""
18000101,hull_dreadnought,hover,turret_gun,true,120258,99.0,6432,49,15,21.2,787.3,1.41,42,1.22,2.70,7.5,31.8,6.5,4.4,2939,0.35,""
18000102,hull_dreadnought,hover,turret_beam,true,73693,99.0,3792,29,12,19.1,810.6,55.30,36,1.18,2.76,7.1,26.2,5.7,4.7,2138,0.25,""
18000103,hull_dreadnought,hover,turret_gun,true,98782,64.9,4146,33,13,23.9,3400.9,66.64,432,2.18,3.15,8.0,29.4,6.1,7.4,3265,0.17,""
18000104,hull_dreadnought,hover,turret_gun,true,34065,116.2,1559,51,10,8.6,148.2,0.26,18,1.18,2.47,6.0,17.2,4.6,3.1,861,1.00,""
18000105,hull_dreadnought,hover,turret_missile,true,133352,77.0,4915,34,12,25.7,22205.4,690.81,926,7.13,3.04,7.6,35.4,7.0,6.6,3290,0.17,""
18000106,hull_dreadnought,hover,turret_beam,true,38009,73.1,2372,18,18,11.3,14827.0,428.37,783,1.88,2.70,7.5,16.8,4.1,4.4,1324,0.25,""
19000007,hull_dreadnought,antigrav,turret_missile,true,284399,182.3,48046,52,16,47.7,16829.8,402.99,989,6.89,5.31,0.0,55.7,9.3,16.3,43148,0.70,""
19000008,hull_dreadnought,antigrav,turret_missile,true,137609,240.0,8708,212,66,10.6,3169.5,80.46,524,7.09,3.07,0.0,18.6,7.8,3.5,4109,1.00,""
19000009,hull_dreadnought,antigrav,turret_missile,true,330539,240.0,24544,125,42,31.6,5490.3,92.71,462,4.80,3.44,0.0,37.2,7.7,6.0,12647,1.00,""
19000010,hull_dreadnought,antigrav,turret_beam,true,242753,240.0,16763,119,41,22.6,18024.2,486.33,784,4.38,4.00,0.0,36.2,6.8,7.0,7940,1.00,""
19000011,hull_dreadnought,antigrav,turret_gun,true,203247,148.7,5309,39,13,41.0,1622.3,93.10,710,6.15,4.29,0.0,48.6,9.1,13.2,2977,1.00,""
19000012,hull_dreadnought,antigrav,turret_gun,true,426620,198.1,21856,101,32,49.4,4398.0,91.33,547,1.53,4.62,0.0,55.4,9.4,14.0,15302,1.00,""
19000013,hull_dreadnought,antigrav,turret_missile,true,788352,240.0,31895,190,58,49.3,1170.6,18.13,322,1.60,4.86,0.0,56.1,14.6,14.4,16748,1.00,""
19000014,hull_dreadnought,antigrav,turret_gun,true,287205,233.4,10619,72,41,23.2,4578.0,206.06,400,1.50,4.00,0.0,31.8,9.7,6.6,5610,1.00,""
19000015,hull_dreadnought,antigrav,turret_gun,true,578298,183.1,48085,126,49,50.7,610.5,5.53,521,2.50,5.15,0.0,48.1,9.5,12.8,42637,0.70,""
19000016,hull_dreadnought,antigrav,turret_missile,true,243231,193.4,10985,42,13,41.6,13741.1,383.55,813,4.42,5.24,0.0,51.7,12.1,11.2,5819,1.00,""
19000017,hull_dreadnought,antigrav,turret_gun,true,29109,171.0,2060,29,10,8.5,100.1,0.03,4,0.36,3.61,0.0,20.7,6.6,3.7,1342,1.00,""
19000018,hull_dreadnought,antigrav,turret_missile,true,185625,240.0,13048,212,75,12.9,790.7,12.13,332,0.57,3.20,0.0,24.9,4.5,5.2,9265,1.00,""
19000019,hull_dreadnought,antigrav,turret_missile,true,317918,239.9,19993,138,65,19.5,19669.6,448.86,910,2.04,4.00,0.0,31.2,9.8,6.0,15438,1.00,""
19000020,hull_dreadnought,antigrav,turret_gun,true,448758,198.0,9631,197,60,25.7,2648.6,33.12,372,6.45,4.00,0.0,39.5,11.4,7.3,6246,1.00,""
19000021,hull_dreadnought,antigrav,turret_missile,true,262264,172.3,10546,34,10,55.5,13312.5,378.99,795,9.56,5.44,0.0,57.4,13.0,16.4,5513,1.00,""
19000022,hull_dreadnought,antigrav,turret_gun,true,396074,213.3,23171,171,58,28.9,2385.3,0.87,38,1.14,4.00,0.0,40.1,7.2,6.5,18408,1.00,""
19000023,hull_dreadnought,antigrav,turret_gun,true,210625,143.6,31832,43,16,43.4,369.6,0.53,27,0.87,5.37,0.0,46.4,12.2,12.9,29588,1.00,""
19000024,hull_dreadnought,antigrav,turret_gun,true,153568,240.0,7747,198,51,11.3,38.1,0.01,3,0.43,3.82,0.0,21.5,8.0,4.3,4125,1.00,""
19000025,hull_dreadnought,antigrav,turret_gun,true,44940,158.5,1871,24,13,9.1,61.0,0.03,5,0.55,3.33,0.0,13.7,6.4,3.9,1256,1.00,""
19000026,hull_dreadnought,antigrav,turret_missile,true,132684,189.4,5657,176,48,10.4,381.0,6.21,445,4.31,3.43,0.0,24.7,7.6,3.9,4460,1.00,""
19000027,hull_dreadnought,antigrav,turret_missile,true,413142,240.0,19971,139,63,29.2,5988.6,108.50,579,2.49,3.61,0.0,37.5,7.4,9.0,10911,1.00,""
19000028,hull_dreadnought,antigrav,turret_gun,true,182357,211.6,23897,91,30,18.5,3556.8,95.57,495,7.94,4.00,0.0,37.3,9.7,5.8,20929,1.00,""
19000029,hull_dreadnought,antigrav,turret_missile,true,73692,240.0,9791,109,37,9.0,89.1,1.23,214,6.93,3.56,0.0,21.9,4.1,3.7,7287,1.00,""
19000030,hull_dreadnought,antigrav,turret_gun,true,263181,213.1,8983,149,71,16.4,120.5,0.06,8,0.50,4.00,0.0,29.4,5.7,5.1,6076,1.00,""
19000031,hull_dreadnought,antigrav,turret_beam,true,173810,240.0,7105,152,57,13.3,1949.1,4.45,3,0.56,3.52,0.0,19.6,8.3,3.6,3924,1.00,""
19000032,hull_dreadnought,antigrav,turret_missile,true,61088,158.9,4348,67,30,9.1,4836.5,89.99,605,1.48,2.90,0.0,15.8,7.1,3.1,3719,1.00,""
19000033,hull_dreadnought,antigrav,turret_gun,true,659267,223.8,18484,172,62,40.9,11286.7,270.04,769,1.01,4.18,0.0,45.2,12.9,11.3,10695,1.00,""
19000034,hull_dreadnought,antigrav,turret_gun,true,828337,211.1,29005,258,69,51.4,2068.4,26.99,378,2.69,4.64,0.0,51.5,13.6,18.3,20788,1.00,""
19000035,hull_dreadnought,antigrav,turret_beam,true,439373,170.2,14122,141,51,41.0,8719.2,141.99,751,4.13,4.00,0.0,45.6,8.4,8.7,10591,0.70,""
19000036,hull_dreadnought,antigrav,turret_missile,true,481826,181.3,19832,136,45,45.1,43067.5,1249.69,1123,7.05,4.99,0.0,52.1,8.6,12.8,15226,1.00,""
19000037,hull_dreadnought,antigrav,turret_gun,true,99033,137.7,4700,45,17,21.2,10267.8,251.42,754,8.65,3.39,0.0,35.5,6.9,4.5,3753,1.00,""
19000038,hull_dreadnought,antigrav,turret_beam,true,180557,233.0,10415,61,24,27.8,4019.7,54.05,460,2.81,4.00,0.0,36.3,7.6,8.4,4471,1.00,""
19000039,hull_dreadnought,antigrav,turret_beam,true,91993,211.0,3562,57,25,13.9,9609.2,225.53,865,2.20,3.28,0.0,18.4,7.9,4.2,1349,1.00,""
19000040,hull_dreadnought,antigrav,turret_gun,true,467177,181.2,42892,48,35,47.6,2868.0,56.31,441,5.22,4.74,0.0,45.4,13.7,12.8,37976,0.70,""
19000041,hull_dreadnought,antigrav,turret_gun,true,547204,218.0,21215,133,51,40.8,279.4,0.35,26,0.86,4.14,0.0,44.9,13.5,11.4,13218,1.00,""
19000042,hull_dreadnought,antigrav,turret_beam,true,218249,240.0,8182,124,46,16.4,51.4,0.12,0,1.22,3.05,0.0,28.3,9.3,3.9,2473,1.00,""
19000043,hull_dreadnought,antigrav,turret_gun,true,62782,155.1,2306,81,41,8.9,406.0,0.66,32,1.19,3.32,0.0,13.8,4.0,3.5,1719,1.00,""
19000044,hull_dreadnought,antigrav,turret_gun,true,143283,174.5,4162,95,40,14.1,407.3,0.68,36,1.14,3.90,0.0,22.7,8.5,4.7,2887,1.00,""
19000045,hull_dreadnought,antigrav,turret_gun,true,118237,133.2,12871,29,11,26.0,595.7,325.57,303,1.56,3.22,0.0,28.2,6.1,6.1,10871,1.00,""
19000046,hull_dreadnought,antigrav,turret_gun,true,323267,219.2,18750,106,36,30.6,3624.5,80.59,812,5.37,4.00,0.0,37.5,11.3,7.6,12973,1.00,""
19000047,hull_dreadnought,antigrav,turret_missile,true,267532,240.0,16648,124,44,22.1,938.6,18.05,344,6.81,4.00,0.0,33.3,10.6,4.6,8451,1.00,""
19000048,hull_dreadnought,antigrav,turret_gun,true,110107,164.1,9576,128,32,12.5,561.3,0.55,26,1.01,3.22,0.0,26.9,8.6,4.4,8629,1.00,""
19000049,hull_dreadnought,antigrav,turret_beam,true,96292,240.0,3037,107,54,7.4,1556.4,26.61,701,6.28,3.23,0.0,11.7,6.1,3.6,1059,1.00,""
19000050,hull_dreadnought,antigrav,turret_gun,true,486524,240.0,22677,209,64,26.4,230.7,0.13,10,0.89,3.56,0.0,42.4,11.9,7.2,5889,1.00,""
19000051,hull_dreadnought,antigrav,turret_gun,true,345687,190.2,16176,117,32,34.6,341.6,0.32,15,0.88,4.00,0.0,41.9,12.2,10.2,12124,1.00,""
19000052,hull_dreadnought,antigrav,turret_missile,true,502666,240.0,28091,39,32,43.9,13969.1,315.23,753,10.29,4.00,0.0,58.3,14.4,10.8,11225,1.00,""
19000053,hull_dreadnought,antigrav,turret_missile,true,286989,185.5,14807,197,68,21.1,967.6,14.00,291,3.57,3.97,0.0,29.6,10.8,4.6,12528,1.00,""
19000054,hull_dreadnought,antigrav,turret_gun,true,139107,181.8,2728,154,57,11.0,175.4,0.17,15,0.74,3.44,0.0,22.1,5.2,3.9,1591,1.00,""
19000055,hull_dreadnought,antigrav,turret_beam,true,321712,172.0,38062,128,43,30.6,1228.2,4.44,19,2.63,4.00,0.0,38.2,12.0,5.2,35419,0.70,""
19000056,hull_dreadnought,antigrav,turret_gun,true,587681,213.3,34421,170,47,43.9,19413.8,456.45,893,5.79,4.00,0.0,56.6,9.2,12.7,27087,0.70,""
19000057,hull_dreadnought,antigrav,turret_gun,true,163497,166.1,8596,47,15,32.3,284.4,0.13,10,0.99,3.85,0.0,40.5,10.9,9.5,6062,1.00,""
19000058,hull_dreadnought,antigrav,turret_gun,true,235447,179.7,13896,93,24,32.4,2561.3,25.03,441,0.60,3.87,0.0,49.1,7.6,9.0,10657,1.00,""
19000059,hull_dreadnought,antigrav,turret_gun,true,101120,214.5,8478,59,29,14.5,572.7,0.03,3,0.36,2.79,0.0,18.5,8.2,3.7,6058,1.00,""
19000060,hull_dreadnought,antigrav,turret_beam,true,49881,209.3,3502,89,55,6.3,3262.0,87.15,456,5.28,3.00,0.0,10.0,3.7,2.9,1804,1.00,""
19000061,hull_dreadnought,antigrav,turret_beam,true,422481,187.2,17240,95,34,35.9,996.0,1.92,50,5.92,4.00,0.0,46.1,12.6,10.2,13228,1.00,""
19000062,hull_dreadnought,antigrav,turret_gun,true,692502,240.0,44293,96,58,48.0,37985.0,1138.28,1014,6.81,5.26,0.0,50.8,14.4,15.5,30128,1.00,""
19000063,hull_dreadnought,antigrav,turret_gun,true,370269,221.7,18649,119,52,30.2,310.2,0.42,23,1.34,4.00,0.0,34.4,11.8,7.8,13057,1.00,""
19000064,hull_dreadnought,antigrav,turret_gun,true,55225,176.1,1221,72,58,7.3,825.8,1.26,53,1.28,2.65,0.0,13.2,3.9,2.9,535,1.00,""
19000065,hull_dreadnought,antigrav,turret_gun,true,508420,240.0,37065,65,56,38.4,992.8,0.23,15,0.68,4.39,0.0,47.5,8.3,12.0,25265,1.00,""
19000066,hull_dreadnought,antigrav,turret_gun,true,331565,207.8,8900,63,61,19.1,14.4,0.00,1,0.31,4.00,0.0,33.6,9.4,6.0,5999,1.00,""
19000067,hull_dreadnought,antigrav,turret_gun,true,58286,198.9,5058,99,33,7.8,368.2,0.67,36,1.14,3.09,0.0,18.5,3.3,3.7,3802,1.00,""
19000068,hull_dreadnought,antigrav,turret_gun,true,287094,240.0,19502,156,57,23.5,937.9,1.20,21,1.71,3.79,0.0,32.5,6.6,6.0,10063,1.00,""
19000069,hull_dreadnought,antigrav,turret_gun,true,733792,219.5,29928,188,73,41.8,1432.7,2.44,51,1.33,4.07,0.0,43.6,13.4,13.4,22050,1.00,""
19000070,hull_dreadnought,antigrav,turret_missile,true,237748,227.4,15552,60,17,33.6,16333.2,428.93,764,5.87,4.50,0.0,49.1,10.6,9.9,8805,1.00,""
19000071,hull_dreadnought,antigrav,turret_beam,true,340005,153.4,49000,48,39,29.7,6050.9,89.54,634,6.08,4.00,0.0,46.1,13.0,7.4,47177,0.70,""
19000072,hull_dreadnought,antigrav,turret_missile,true,26867,130.3,818,44,23,5.9,1350.1,26.20,321,0.74,2.53,0.0,11.8,4.1,2.2,591,1.00,""
19000073,hull_dreadnought,antigrav,turret_gun,true,372997,185.2,29515,82,25,50.2,2782.0,131.23,1143,6.92,5.00,0.0,59.8,9.2,16.1,23979,1.00,""
19000074,hull_dreadnought,antigrav,turret_beam,true,282566,214.8,8539,147,57,23.1,110.5,0.05,2,3.09,3.89,0.0,33.2,6.7,5.0,4669,1.00,""
19000075,hull_dreadnought,antigrav,turret_missile,true,39335,221.2,3616,26,13,7.3,8485.1,235.58,705,4.44,2.72,0.0,13.8,6.4,3.1,2278,1.00,""
19000076,hull_dreadnought,antigrav,turret_gun,true,451752,240.0,24259,112,52,38.8,5701.9,30.96,128,4.03,4.00,0.0,42.0,8.7,12.0,10330,0.70,""
19000077,hull_dreadnought,antigrav,turret_beam,true,78922,240.0,5061,51,37,11.4,1163.3,62.92,31,1.00,2.73,0.0,10.1,7.2,3.8,2142,1.00,""
19000078,hull_dreadnought,antigrav,turret_gun,true,155968,193.4,3411,151,58,10.2,291.4,0.47,29,1.07,3.66,0.0,20.2,7.4,3.9,2163,1.00,""
19000079,hull_dreadnought,antigrav,turret_missile,true,192255,157.0,29899,67,18,34.1,6703.6,113.72,701,9.87,4.33,0.0,45.2,7.7,11.1,27666,1.00,""
19000080,hull_dreadnought,antigrav,turret_beam,true,946089,212.3,30416,224,62,55.0,2120.4,11.08,366,6.97,4.00,0.0,57.7,16.3,8.1,21521,1.00,""
19000081,hull_dreadnought,antigrav,turret_beam,true,164508,207.4,10517,12,32,17.6,1059.7,389.45,64,0.63,3.94,0.0,22.7,8.0,5.2,7826,1.00,""
19000082,hull_dreadnought,antigrav,turret_beam,true,431986,240.0,29811,168,51,27.0,21498.1,524.56,940,4.98,4.00,0.0,43.2,11.0,7.6,18982,1.00,""
19000083,hull_dreadnought,antigrav,turret_gun,true,696039,240.0,25770,148,47,53.2,643.6,0.74,5,4.90,5.19,0.0,56.4,14.9,17.2,11708,1.00,""
19000084,hull_dreadnought,antigrav,turret_beam,true,361014,233.8,19506,40,35,33.1,3793.8,22.14,133,5.02,4.08,0.0,39.6,12.6,10.9,12358,1.00,""
19000085,hull_dreadnought,antigrav,turret_gun,true,33135,195.4,2214,55,26,5.5,7.4,0.00,0,0.30,2.85,0.0,10.6,6.0,2.6,1518,1.00,""
19000086,hull_dreadnought,antigrav,turret_gun,true,226860,240.0,11068,182,65,17.3,729.9,0.02,3,0.33,3.51,0.0,27.3,5.2,5.7,3315,1.00,""
19000087,hull_dreadnought,antigrav,turret_gun,true,580220,240.0,46787,159,48,42.7,559.1,0.90,35,1.35,4.24,0.0,54.1,14.8,14.0,29217,1.00,""
19000088,hull_dreadnought,antigrav,turret_gun,true,143606,150.6,6014,52,37,19.5,118.4,0.14,13,0.78,3.55,0.0,24.0,10.7,5.4,4774,1.00,""
19000089,hull_dreadnought,antigrav,turret_gun,true,36093,225.2,3510,77,29,5.1,617.9,0.02,2,0.30,3.51,0.0,17.0,3.3,2.8,2527,0.70,""
19000090,hull_dreadnought,antigrav,turret_gun,true,503163,240.0,30687,159,54,41.0,45705.0,1397.13,990,3.41,4.00,0.0,44.2,8.5,9.0,17719,0.70,""
19000091,hull_dreadnought,antigrav,turret_gun,true,190578,198.2,18913,40,11,48.1,3027.0,28.27,170,5.12,5.25,0.0,48.0,9.6,14.5,12434,1.00,""
19000092,hull_dreadnought,antigrav,turret_gun,true,126898,204.3,11212,122,37,12.2,428.3,1.26,4,1.46,3.52,0.0,26.2,8.3,3.4,9438,1.00,""
19000093,hull_dreadnought,antigrav,turret_missile,true,195258,211.9,21584,49,17,38.3,17812.7,488.66,942,2.42,4.58,0.0,44.8,12.8,12.8,15396,1.00,""
19000094,hull_dreadnought,antigrav,turret_gun,true,168825,232.7,6410,73,21,20.9,429.9,0.11,9,0.70,3.30,0.0,38.8,9.7,5.3,1576,1.00,""
19000095,hull_dreadnought,antigrav,turret_gun,true,52153,208.9,5214,84,38,6.8,97.0,0.02,3,0.32,3.25,0.0,14.5,7.2,2.8,4171,0.50,""
19000096,hull_dreadnought,antigrav,turret_missile,true,425851,240.0,40465,248,67,26.2,1503.6,26.90,408,1.80,4.00,0.0,37.6,11.3,7.5,29760,1.00,""
19000097,hull_dreadnought,antigrav,turret_missile,true,108749,173.4,11230,125,38,12.3,366.3,5.65,236,6.28,3.31,0.0,25.4,4.6,4.6,10132,1.00,""
19000098,hull_dreadnought,antigrav,turret_beam,true,252437,240.0,30352,125,55,20.7,560.5,0.14,1,1.55,3.59,0.0,27.6,9.9,6.1,25102,1.00,""
19000099,hull_dreadnought,antigrav,turret_gun,true,114535,181.9,8375,125,53,11.0,20.3,0.01,1,0.32,2.91,0.0,19.9,4.8,3.8,7016,1.00,""
19000100,hull_dreadnought,antigrav,turret_gun,true,324058,240.0,46061,99,37,34.3,3559.9,6.74,230,9.90,4.00,0.0,42.4,8.4,6.1,36804,1.00,""
19000101,hull_dreadnought,antigrav,turret_missile,true,388559,240.0,38634,91,75,26.2,12743.9,309.33,698,4.80,3.39,0.0,32.3,7.1,6.4,27850,1.00,""
19000102,hull_dreadnought,antigrav,turret_gun,true,315086,240.0,19957,100,46,25.9,156.2,0.05,4,0.44,3.98,0.0,35.9,10.9,8.0,11986,1.00,""
19000103,hull_dreadnought,antigrav,turret_missile,true,554738,240.0,32650,245,75,29.3,16254.9,479.62,870,3.84,4.00,0.0,39.1,12.1,5.5,25600,1.00,""
19000104,hull_dreadnought,antigrav,turret_beam,true,114669,190.8,4584,18,65,10.7,500.5,121.58,8,0.35,2.88,0.0,14.1,6.3,4.0,3319,1.00,""
19000105,hull_dreadnought,antigrav,turret_beam,true,256174,240.0,10151,204,73,14.2,234.6,0.46,3,1.48,3.32,0.0,25.5,9.3,5.2,6327,1.00,""
19000106,hull_dreadnought,antigrav,turret_gun,true,154275,178.2,14863,59,18,22.5,660.8,0.95,36,1.04,4.00,0.0,32.6,9.7,7.7,12691,1.00,""
20000007,hull_dreadnought,rotor,turret_beam,true,61509,167.7,21567,7,7,19.0,3290.6,91.62,422,1.02,4.00,0.0,29.7,24.8,5.7,19438,0.12,""
20000008,hull_dreadnought,rotor,turret_missile,false,78295,141.3,26377,4,4,21.4,7772.6,404.14,660,3.43,4.00,0.0,24.7,27.8,5.6,24921,0.08,"engine 2.5 x 1.8 x 1.9 m does not fit the 2.4 x 1.3 x 2.8 m bay"
20000009,hull_dreadnought,rotor,turret_gun,true,50919,100.5,17217,18,5,19.3,77.5,0.03,3,0.45,4.00,0.0,36.7,20.1,6.1,16733,0.12,""
20000010,hull_dreadnought,rotor,turret_gun,true,84098,117.8,28518,17,5,24.0,684.2,0.99,41,1.21,4.00,0.0,41.2,28.0,7.5,27561,0.08,""
20000011,hull_dreadnought,rotor,turret_gun,false,69609,0.0,49000,3,5,15.6,158.9,322.78,233,1.25,4.00,0.0,22.3,8.6,4.3,64925,0.08,"overloaded: 69609 kg on running gear rated 9738 kg"
20000012,hull_dreadnought,rotor,turret_gun,false,9104,110.8,3513,17,5,5.6,500.8,0.99,47,1.19,4.00,0.0,11.9,9.7,2.4,3322,0.08,"overloaded: 9104 kg on running gear rated 8320 kg"
20000013,hull_dreadnought,rotor,turret_missile,false,18767,97.4,7311,6,5,9.9,1854.1,36.77,720,4.39,4.00,0.0,22.3,11.1,2.8,7091,0.08,"overloaded: 18767 kg on running gear rated 15998 kg"
20000014,hull_dreadnought,rotor,turret_gun,true,31108,109.7,10381,18,5,15.0,139.5,0.23,17,1.12,4.00,0.0,24.8,19.1,3.3,9907,0.12,""
20000015,hull_dreadnought,rotor,turret_gun,false,12225,106.7,5925,9,5,8.9,112.0,0.05,7,0.47,4.00,0.0,14.7,8.9,3.4,5659,0.08,"overloaded: 12225 kg on running gear rated 6943 kg"
20000016,hull_dreadnought,rotor,turret_beam,false,48248,102.4,18464,6,5,20.4,26787.3,715.26,867,3.08,4.00,0.0,39.3,15.5,6.3,17922,0.08,"overloaded: 48248 kg on running gear rated 42558 kg"
20000017,hull_dreadnought,rotor,turret_beam,false,16795,104.4,6839,12,5,11.5,177.8,1.28,4,0.54,4.00,0.0,20.3,10.8,3.8,6528,0.08,"overloaded: 16795 kg on running gear rated 13529 kg"
20000018,hull_dreadnought,rotor,turret_beam,false,13930,104.8,6665,11,5,7.8,85.3,0.32,0,0.96,4.00,0.0,17.4,9.0,3.3,6156,0.08,"overloaded: 13930 kg on running gear rated 8680 kg"
20000019,hull_dreadnought,rotor,turret_gun,false,32660,129.2,15771,15,5,17.5,3156.1,67.54,821,4.67,4.00,0.0,28.9,12.0,5.3,14869,0.08,"overloaded: 32660 kg on running gear rated 19180 kg"
20000020,hull_dreadnought,rotor,turret_gun,false,14502,133.4,6630,8,5,8.0,623.7,1.11,49,1.27,3.87,0.0,15.7,9.8,2.7,6168,0.08,"overloaded: 14502 kg on running gear rated 9758 kg"
20000021,hull_dreadnought,rotor,turret_missile,true,86872,111.8,30103,17,8,24.5,26502.3,723.65,941,4.68,4.00,0.0,37.2,28.0,6.2,28936,0.17,""
20000022,hull_dreadnought,rotor,turret_gun,false,35008,82.6,14655,14,5,18.4,1034.8,0.04,5,0.39,4.00,0.0,33.4,13.2,5.5,14398,0.08,"overloaded: 35008 kg on running gear rated 25191 kg"
20000023,hull_dreadnought,rotor,turret_gun,false,10592,82.5,5648,10,5,6.2,770.0,1.28,37,1.35,3.73,0.0,12.5,7.5,2.4,5548,0.08,"overloaded: 10592 kg on running gear rated 4700 kg"
20000024,hull_dreadnought,rotor,turret_gun,true,79683,116.1,26406,17,6,26.4,404.5,0.63,35,1.10,4.00,0.0,38.3,28.0,6.3,25419,0.17,""
20000025,hull_dreadnought,rotor,turret_missile,true,49033,126.2,17477,8,8,16.5,12070.3,271.75,803,7.13,4.00,0.0,27.6,20.9,5.3,16685,0.12,""
20000026,hull_dreadnought,rotor,turret_missile,true,84348,120.3,28820,14,5,27.3,1614.5,31.38,344,3.81,4.00,0.0,38.8,28.0,6.3,27684,0.50,""
20000027,hull_dreadnought,rotor,turret_gun,false,106360,152.1,41564,15,5,27.9,4662.9,359.05,518,5.18,4.00,0.0,36.3,28.0,6.1,39200,0.08,"overloaded: 106360 kg on running gear rated 95300 kg"
20000028,hull_dreadnought,rotor,turret_beam,false,23989,142.1,11436,8,6,9.3,251.0,5.80,5,1.53,4.00,0.0,27.0,8.7,4.0,10804,0.08,"overloaded: 23989 kg on running gear rated 14393 kg"
20000029,hull_dreadnought,rotor,turret_gun,true,94695,116.2,34092,21,6,30.5,5437.0,162.61,590,7.87,4.00,0.0,41.3,28.0,6.7,32931,0.35,""
20000030,hull_dreadnought,rotor,turret_gun,false,29672,0.0,5640,9,5,13.0,11.1,0.00,1,0.30,3.58,0.0,24.9,24.9,5.1,6483,0.08,"cannot hover: rotors need 6483.4 kW, 5631.9 kW available"
20000031,hull_dreadnought,rotor,turret_gun,false,14268,127.3,8208,15,5,8.2,52.2,0.06,8,0.78,4.00,0.0,17.9,6.7,3.7,7795,0.08,"overloaded: 14268 kg on running gear rated 5818 kg"
20000032,hull_dreadnought,rotor,turret_missile,true,85369,105.7,28869,12,10,23.9,7132.8,139.97,550,3.18,4.00,0.0,35.4,28.0,6.4,28189,0.25,""
20000033,hull_dreadnought,rotor,turret_gun,false,122690,78.4,49000,5,5,34.4,666.1,329.48,1224,3.51,4.00,0.0,37.1,28.0,6.5,48566,0.08,"overloaded: 122690 kg on running gear rated 95300 kg"
20000034,hull_dreadnought,rotor,turret_gun,false,20895,89.6,9128,16,5,9.9,2277.3,49.39,630,8.43,4.00,0.0,25.9,9.2,4.1,8951,0.08,"overloaded: 20895 kg on running gear rated 13860 kg"
20000035,hull_dreadnought,rotor,turret_missile,true,93868,126.4,34110,18,8,33.3,3858.1,78.34,481,0.94,4.00,0.0,34.7,28.0,6.9,32501,0.50,""
20000036,hull_dreadnought,rotor,turret_gun,true,62361,116.3,20661,24,8,19.8,572.3,8.38,394,6.21,4.00,0.0,32.0,24.9,5.7,19761,0.35,""
20000037,hull_dreadnought,rotor,turret_gun,true,88400,141.9,31790,26,9,30.6,11754.0,185.69,648,1.36,4.00,0.0,33.8,28.0,6.6,29703,0.12,""
20000038,hull_dreadnought,rotor,turret_beam,true,60411,112.1,19876,19,6,22.1,294.0,4.18,6,1.84,4.00,0.0,33.6,24.6,5.7,19135,0.12,""
20000039,hull_dreadnought,rotor,turret_beam,false,49107,151.0,22721,6,5,15.0,1413.4,187.65,303,3.69,4.00,0.0,22.7,17.0,4.2,21468,0.08,"overloaded: 49107 kg on running gear rated 31274 kg"
20000040,hull_dreadnought,rotor,turret_gun,false,23097,215.0,8425,8,5,10.6,367.0,0.16,16,0.70,4.00,0.0,20.3,18.7,4.3,5941,0.08,"engine 1.7 x 1.2 x 1.3 m does not fit the 3.1 x 1.1 x 3.9 m bay"
20000041,hull_dreadnought,rotor,turret_gun,true,70627,148.8,24157,27,9,21.5,657.4,1.33,52,1.31,4.00,0.0,29.1,26.5,5.9,22423,0.12,""
20000042,hull_dreadnought,rotor,turret_missile,false,20450,241.5,8395,5,5,10.0,1043.1,18.41,339,1.78,4.00,0.0,16.7,18.4,4.1,5031,0.08,"engine 1.7 x 1.2 x 1.3 m does not fit the 3.4 x 1.0 x 2.8 m bay"
20000043,hull_dreadnought,rotor,turret_gun,false,35457,108.8,15670,13,5,20.8,302.5,1.37,3,1.93,4.00,0.0,28.0,14.3,5.6,15027,0.08,"overloaded: 35457 kg on running gear rated 24028 kg"
20000044,hull_dreadnought,rotor,turret_gun,true,32149,134.6,11426,18,6,11.9,507.8,0.55,29,0.96,4.00,0.0,24.3,18.1,4.0,10717,0.17,""
20000045,hull_dreadnought,rotor,turret_gun,true,30255,190.0,10932,19,7,12.4,1340.8,15.62,316,2.65,4.00,0.0,24.8,18.7,4.5,8909,0.17,""
20000046,hull_dreadnought,rotor,turret_beam,true,87025,145.0,31132,24,6,28.8,1932.5,4.06,9,2.08,4.00,0.0,40.8,28.0,6.3,29013,0.17,""
20000047,hull_dreadnought,rotor,turret_gun,true,39360,148.3,13436,26,12,13.6,1090.9,1.93,52,1.28,3.98,0.0,19.3,20.0,4.8,12372,0.25,""
20000048,hull_dreadnought,rotor,turret_gun,false,61264,99.0,22307,16,5,24.6,295.8,0.25,18,0.75,4.00,0.0,41.8,19.8,7.8,21715,0.08,"overloaded: 61264 kg on running gear rated 59350 kg"
20000049,hull_dreadnought,rotor,turret_missile,false,27158,0.0,5513,10,5,12.0,1385.0,31.28,534,7.97,4.00,0.0,24.1,24.1,4.9,5884,0.08,"cannot hover: rotors need 5883.5 kW, 5510.7 kW available"
20000050,hull_dreadnought,rotor,turret_missile,false,24017,241.3,9179,13,5,9.4,2033.5,37.54,459,1.43,4.00,0.0,22.6,19.4,4.2,6063,0.08,"engine 1.8 x 1.2 x 1.4 m does not fit the 2.9 x 0.9 x 4.6 m bay"
20000051,hull_dreadnought,rotor,turret_beam,true,90036,139.2,32387,20,6,28.7,5503.4,103.39,668,2.20,4.00,0.0,41.4,28.0,6.4,30531,0.17,""
20000052,hull_dreadnought,rotor,turret_gun,false,40461,116.9,18911,15,5,22.2,2134.9,8.95,250,6.30,4.00,0.0,33.4,13.1,5.9,18062,0.08,"overloaded: 40461 kg on running gear rated 24712 kg"
20000053,hull_dreadnought,rotor,turret_beam,false,25328,78.1,5706,8,5,12.2,55.0,4.44,1,0.51,4.00,0.0,22.9,22.9,4.7,5566,0.08,"overloaded: 25328 kg on running gear rated 25182 kg"
20000054,hull_dreadnought,rotor,turret_missile,false,30008,80.3,16553,11,5,19.9,24984.7,752.87,970,1.34,4.00,0.0,24.6,10.8,5.5,16265,0.08,"overloaded: 30008 kg on running gear rated 12432 kg"
20000055,hull_dreadnought,rotor,turret_missile,true,37420,115.0,12349,27,14,14.1,994.4,20.28,291,1.76,4.00,0.0,18.2,19.4,4.7,11832,0.50,""
20000056,hull_dreadnought,rotor,turret_beam,false,29618,0.0,6455,8,5,15.3,0.0,0.08,0,0.61,3.88,0.0,24.6,24.6,5.3,6565,0.08,"overloaded: 29618 kg on running gear rated 28940 kg"
20000057,hull_dreadnought,rotor,turret_missile,false,31438,91.8,12090,15,5,15.9,3757.3,80.60,407,7.06,4.00,0.0,30.1,13.8,3.6,11783,0.08,"overloaded: 31438 kg on running gear rated 27237 kg"
20000058,hull_dreadnought,rotor,turret_missile,true,24679,113.7,8653,14,5,15.5,3255.2,71.80,533,6.06,4.00,0.0,21.7,16.1,4.8,8095,0.12,""
20000059,hull_dreadnought,rotor,turret_missile,false,22054,240.0,8849,13,5,9.4,4079.7,95.38,1026,4.30,4.00,0.0,20.3,18.3,4.1,5659,0.08,"engine 1.7 x 1.2 x 1.3 m does not fit the 2.9 x 1.0 x 4.0 m bay"
20000060,hull_dreadnought,rotor,turret_gun,false,10344,88.6,5262,9,5,6.1,667.9,1.19,51,1.29,3.23,0.0,11.9,8.7,2.5,4873,0.08,"overloaded: 10344 kg on running gear rated 5674 kg"
20000061,hull_dreadnought,rotor,turret_gun,true,31843,161.8,11110,40,21,9.8,224.2,0.08,10,0.54,4.00,0.0,16.0,17.8,4.4,10129,0.70,""
20000062,hull_dreadnought,rotor,turret_gun,false,95549,111.8,34579,14,5,35.9,2768.4,118.05,393,3.25,4.00,0.0,37.6,28.0,6.9,33378,0.08,"overloaded: 95549 kg on running gear rated 95300 kg"
20000063,hull_dreadnought,rotor,turret_gun,true,70117,130.9,25842,16,6,26.5,301.6,0.09,10,0.57,4.00,0.0,40.8,23.0,6.6,24360,0.25,""
20000064,hull_dreadnought,rotor,turret_missile,true,34369,109.5,12340,10,5,14.1,5860.6,111.11,571,1.33,4.00,0.0,30.0,15.4,4.5,11881,0.12,""
20000065,hull_dreadnought,rotor,turret_missile,true,58045,158.1,19910,38,12,16.3,1978.2,41.72,430,4.28,4.00,0.0,26.7,24.1,5.5,18372,0.50,""
20000066,hull_dreadnought,rotor,turret_missile,true,56998,160.4,19815,25,12,18.2,2284.6,57.20,431,6.52,4.00,0.0,25.2,23.9,5.4,18035,0.17,""
20000067,hull_dreadnought,rotor,turret_missile,false,13098,80.7,7748,10,5,9.4,16076.7,391.18,899,2.04,4.00,0.0,14.7,7.7,3.2,7624,0.08,"overloaded: 13098 kg on running gear rated 4705 kg"
20000068,hull_dreadnought,rotor,turret_gun,false,40640,120.6,16329,12,5,24.5,2119.5,38.54,407,4.25,4.00,0.0,28.5,17.9,5.6,15237,0.08,"overloaded: 40640 kg on running gear rated 35187 kg"
20000069,hull_dreadnought,rotor,turret_missile,false,31323,0.0,6946,15,5,12.7,699.5,13.27,688,1.63,4.00,0.0,25.8,24.8,5.1,7066,0.08,"overloaded: 31323 kg on running gear rated 29556 kg"
20000070,hull_dreadnought,rotor,turret_gun,true,42912,108.9,14117,19,6,17.6,558.2,0.86,29,0.99,4.00,0.0,27.5,20.7,5.0,13567,0.25,""
20000071,hull_dreadnought,rotor,turret_beam,true,22810,217.0,8229,13,5,9.8,924.5,2.93,0,0.40,4.00,0.0,19.8,18.6,4.4,5860,0.50,""
20000072,hull_dreadnought,rotor,turret_beam,true,54265,167.5,19181,12,11,18.1,182.8,0.26,19,0.92,4.00,0.0,23.8,23.3,5.5,17159,1.00,""
20000073,hull_dreadnought,rotor,turret_gun,true,13433,98.6,4404,19,5,5.5,38.6,0.01,1,0.30,4.00,0.0,20.1,11.2,2.8,4278,0.08,""
20000074,hull_dreadnought,rotor,turret_missile,true,91432,141.3,33190,20,7,28.9,4249.2,91.64,516,6.75,4.00,0.0,41.6,28.0,6.5,31244,0.17,""
20000075,hull_dreadnought,rotor,turret_missile,false,102763,141.2,39084,6,6,27.5,9323.0,453.92,894,3.08,4.00,0.0,35.0,28.0,6.2,37228,0.08,"overloaded: 102763 kg on running gear rated 95300 kg"
20000076,hull_dreadnought,rotor,turret_beam,false,46558,153.3,45037,5,5,16.0,546.9,148.99,132,1.40,4.00,0.0,16.8,8.8,4.3,43653,0.08,"overloaded: 46558 kg on running gear rated 6446 kg"
20000077,hull_dreadnought,rotor,turret_gun,false,29125,114.5,12493,17,5,11.6,158.3,0.04,4,0.34,4.00,0.0,30.1,10.6,4.3,12072,0.08,"overloaded: 29125 kg on running gear rated 20633 kg"
20000078,hull_dreadnought,rotor,turret_missile,true,80494,110.9,26425,42,17,18.8,4766.8,117.80,536,6.87,4.00,0.0,26.5,28.0,6.1,25808,0.25,""
20000079,hull_dreadnought,rotor,turret_beam,false,28322,132.5,13507,17,5,15.9,86.1,0.08,2,1.47,4.00,0.0,26.8,10.9,5.4,12618,0.08,"overloaded: 28322 kg on running gear rated 17366 kg"
20000080,hull_dreadnought,rotor,turret_gun,true,87448,148.3,31074,15,5,23.4,128.6,0.08,10,0.58,4.00,0.0,42.2,28.0,7.8,29225,0.12,""
20000081,hull_dreadnought,rotor,turret_missile,false,21263,92.6,9823,11,5,10.5,2371.6,47.21,420,3.73,3.96,0.0,23.3,10.0,3.9,9610,0.08,"overloaded: 21263 kg on running gear rated 12668 kg"
20000082,hull_dreadnought,rotor,turret_beam,false,89187,109.6,30860,5,5,23.7,294.6,260.31,54,0.63,4.00,0.0,26.7,28.0,5.8,30100,0.08,"engine 2.7 x 1.9 x 2.0 m does not fit the 3.2 x 1.5 x 4.7 m bay"
20000083,hull_dreadnought,rotor,turret_beam,false,108984,138.0,42512,5,5,29.4,730.1,309.16,180,1.11,4.00,0.0,32.9,28.0,6.2,40660,0.08,"overloaded: 108984 kg on running gear rated 95300 kg"
20000084,hull_dreadnought,rotor,turret_missile,true,10572,121.5,3951,7,6,6.3,4696.4,98.21,614,1.10,4.00,0.0,12.5,11.3,2.5,3680,0.08,""
20000085,hull_dreadnought,rotor,turret_missile,false,30679,190.5,10313,9,5,11.9,607.1,9.26,319,7.95,4.00,0.0,25.2,20.3,4.5,8356,0.08,"engine 1.8 x 1.3 x 1.4 m does not fit the 3.5 x 1.1 x 5.3 m bay"
20000086,hull_dreadnought,rotor,turret_missile,false,11590,122.5,5408,17,5,5.3,1571.6,31.19,440,6.16,4.00,0.0,17.4,7.6,2.8,4870,0.08,"overloaded: 11590 kg on running gear rated 7991 kg"
20000087,hull_dreadnought,rotor,turret_missile,true,18973,144.3,6811,19,6,7.6,1129.0,19.41,378,2.11,4.00,0.0,20.8,13.9,3.2,6043,0.17,""
20000088,hull_dreadnought,rotor,turret_missile,false,28170,133.2,13399,12,5,14.3,16214.4,383.78,740,2.07,4.00,0.0,26.9,11.7,4.2,12582,0.08,"overloaded: 28170 kg on running gear rated 17185 kg"
20000089,hull_dreadnought,rotor,turret_gun,false,39359,153.4,12561,6,5,13.6,732.4,66.61,29,0.96,4.00,0.0,21.3,21.7,4.8,11379,0.08,"engine 2.0 x 1.4 x 1.5 m does not fit the 2.9 x 1.2 x 3.8 m bay"
20000090,hull_dreadnought,rotor,turret_beam,false,32880,100.2,12310,13,5,19.1,181.4,20.15,6,0.76,4.00,0.0,26.2,16.5,4.7,11847,0.08,"overloaded: 32880 kg on running gear rated 30827 kg"
20000091,hull_dreadnought,rotor,turret_gun,false,46654,121.7,20787,15,5,23.2,588.5,0.86,37,2.90,4.00,0.0,36.5,14.3,4.8,19784,0.08,"overloaded: 46654 kg on running gear rated 31576 kg"
20000092,hull_dreadnought,rotor,turret_gun,true,92985,146.1,34236,20,7,29.5,287.6,0.38,21,1.37,4.00,0.0,39.0,28.0,6.6,32043,0.12,""
20000093,hull_dreadnought,rotor,turret_gun,true,23301,132.8,8185,13,5,9.8,815.1,0.28,20,0.75,4.00,0.0,22.7,15.7,3.4,7548,0.12,""
20000094,hull_dreadnought,rotor,turret_gun,false,12648,118.1,6133,17,5,6.4,630.9,0.04,6,0.68,4.00,0.0,18.4,7.4,2.3,5880,0.08,"overloaded: 12648 kg on running gear rated 7123 kg"
20000095,hull_dreadnought,rotor,turret_beam,true,43104,101.9,14078,22,7,14.0,763.4,11.09,360,1.91,4.00,0.0,30.3,20.7,4.9,13725,0.17,""
20000096,hull_dreadnought,rotor,turret_missile,true,82266,102.1,27655,19,6,26.9,6038.5,136.26,503,2.43,4.00,0.0,38.7,28.0,6.4,26666,0.35,""
20000097,hull_dreadnought,rotor,turret_gun,true,80903,149.3,28311,15,5,29.0,2968.1,38.17,344,2.96,4.00,0.0,39.6,28.0,6.5,26006,0.08,""
20000098,hull_dreadnought,rotor,turret_missile,true,88925,137.7,31662,25,8,27.0,2627.1,52.58,665,6.86,4.00,0.0,36.1,28.0,6.5,29968,0.12,""
20000099,hull_dreadnought,rotor,turret_missile,true,94544,131.4,34507,20,5,30.4,1783.7,74.75,292,2.08,4.00,0.0,42.5,28.0,6.7,32852,0.25,""
20000100,hull_dreadnought,rotor,turret_gun,true,34743,106.0,11411,22,8,14.4,288.9,0.34,25,0.86,4.00,0.0,21.4,18.6,4.7,10988,0.17,""
20000101,hull_dreadnought,rotor,turret_gun,true,56470,148.9,19987,20,9,19.3,127.9,0.07,9,0.71,4.00,0.0,26.7,23.8,5.5,17816,0.17,""
20000102,hull_dreadnought,rotor,turret_missile,true,40274,104.3,13197,11,6,16.6,6761.7,135.76,605,2.67,4.00,0.0,29.9,20.1,5.0,12734,0.12,""
20000103,hull_dreadnought,rotor,turret_gun,false,45286,160.8,31138,13,5,14.3,570.5,141.76,26,1.23,4.00,0.0,25.3,9.0,4.1,29708,0.08,"overloaded: 45286 kg on running gear rated 12809 kg"
20000104,hull_dreadnought,rotor,turret_gun,false,24892,189.9,8557,14,5,11.0,241.7,0.34,24,0.96,4.00,0.0,23.4,18.3,4.3,6774,0.08,"engine 1.7 x 1.2 x 1.3 m does not fit the 3.3 x 1.1 x 5.0 m bay"
20000105,hull_dreadnought,rotor,turret_gun,true,36067,124.8,12089,20,7,14.6,3235.9,57.25,450,1.04,4.00,0.0,26.0,19.0,4.6,11403,0.17,""
20000106,hull_dreadnought,rotor,turret_gun,false,32085,0.0,6341,6,5,13.1,270.7,0.15,15,0.64,4.00,0.0,25.8,25.8,4.9,7044,0.08,"overloaded: 32085 kg on running gear rated 31964 kg"
21000007,hull_strider,none,turret_missile,false,16871,0.0,512,41,36,8.9,3852.4,99.10,497,4.60,2.74,0.0,5.5,4.8,4.1,0,1.00,"no locomotion"
21000008,hull_strider,none,turret_missile,false,389995,0.0,11390,32,25,116.0,3167.3,68.45,452,1.06,3.42,0.0,23.1,20.5,8.2,0,1.00,"no locomotion"
21000009,hull_strider,none,turret_missile,false,5723,0.0,122,48,48,2.9,2064.0,46.52,697,6.41,2.38,0.0,3.3,2.8,2.3,0,1.00,"no locomotion"
21000010,hull_strider,none,turret_missile,false,1875,0.0,40,32,30,1.5,822.5,13.86,324,2.10,2.25,0.0,2.0,1.8,1.8,0,1.00,"no locomotion"
21000011,hull_strider,none,turret_gun,false,9373,0.0,221,79,61,4.0,80.5,0.02,3,0.40,2.53,0.0,3.2,2.9,3.0,0,1.00,"no locomotion"
21000012,hull_strider,none,turret_gun,false,23192,0.0,416,114,66,7.4,55.1,0.01,2,0.30,2.75,0.0,5.7,5.0,4.2,0,1.00,"no locomotion"
21000013,hull_strider,none,turret_beam,false,32312,0.0,706,90,90,8.0,280.3,2.89,6,2.48,2.69,0.0,5.6,5.3,3.8,0,1.00,"no locomotion"
21000014,hull_strider,none,turret_gun,false,186822,0.0,2004,74,74,49.7,41.1,0.02,3,0.42,4.01,0.0,12.4,11.3,14.5,0,1.00,"no locomotion"
21000015,hull_strider,none,turret_missile,false,1935,0.0,32,71,65,0.9,716.9,11.62,291,0.77,2.14,0.0,1.4,1.2,1.4,0,1.00,"no locomotion"
21000016,hull_strider,none,none,false,961,0.0,35,152,119,0.3,0.0,0.00,0,0.00,1.96,0.0,1.1,1.0,0.8,0,1.00,"no locomotion"
21000017,hull_strider,none,turret_gun,false,78127,0.0,1889,95,95,15.7,313.1,0.56,34,1.02,2.83,0.0,9.6,8.5,4.6,0,1.00,"no locomotion"
21000018,hull_strider,none,turret_missile,false,9198,0.0,84,77,77,2.9,194.9,3.30,367,7.32,2.33,0.0,3.8,3.5,2.1,0,1.00,"no locomotion"
21000019,hull_strider,none,turret_missile,false,11338,0.0,457,13,13,9.6,7085.6,207.89,747,7.75,2.84,0.0,5.5,5.1,4.7,0,1.00,"no locomotion"
21000020,hull_strider,none,turret_missile,false,232727,0.0,6304,27,24,80.8,784.4,15.63,300,4.61,4.21,0.0,17.9,16.6,16.8,0,1.00,"no locomotion"
21000021,hull_strider,none,turret_missile,false,8859,0.0,169,74,74,3.4,420.1,6.52,381,2.87,2.54,0.0,3.1,2.9,3.0,0,1.00,"no locomotion"
21000022,hull_strider,none,turret_beam,false,14915,0.0,216,73,34,3.6,83.6,29.93,3,0.46,2.34,0.0,2.9,2.7,2.2,0,1.00,"no locomotion"
21000023,hull_strider,none,turret_gun,false,274684,0.0,2247,48,42,63.1,38.4,0.01,2,0.30,3.79,0.0,21.0,19.9,12.3,0,1.00,"no locomotion"
21000024,hull_strider,none,turret_gun,false,11675,0.0,166,147,143,2.3,310.9,0.00,1,0.30,2.28,0.0,3.4,3.2,1.9,0,1.00,"no locomotion"
21000025,hull_strider,none,turret_beam,false,196813,0.0,5634,32,28,71.1,2198.4,16.45,162,7.73,3.83,0.0,15.4,14.5,12.5,0,1.00,"no locomotion"
21000026,hull_strider,none,turret_beam,false,365781,0.0,13208,71,65,99.7,31.2,0.05,1,10.32,4.59,0.0,16.2,14.8,21.2,0,1.00,"no locomotion"
21000027,hull_strider,none,turret_beam,false,39418,0.0,1213,35,32,15.8,467.6,67.92,356,4.52,2.97,0.0,6.7,6.2,5.5,0,1.00,"no locomotion"
21000028,hull_strider,none,turret_beam,false,7865,0.0,319,58,48,3.1,49.2,14.11,1,0.40,2.41,0.0,2.6,2.4,2.5,0,1.00,"no locomotion"
21000029,hull_strider,none,turret_missile,false,4041,0.0,88,18,16,3.8,1191.5,23.93,333,2.87,2.66,0.0,4.1,3.0,3.7,0,1.00,"no locomotion"
21000030,hull_strider,none,none,false,1128,0.0,22,71,50,0.6,0.0,0.00,0,0.00,1.98,0.0,1.7,1.5,0.9,0,1.00,"no locomotion"
21000031,hull_strider,none,turret_gun,false,1442,0.0,38,97,76,0.5,15.8,0.00,1,0.30,2.04,0.0,1.3,1.1,1.1,0,1.00,"no locomotion"
21000032,hull_strider,none,none,false,658,0.0,6,32,22,0.5,0.0,0.00,0,0.00,1.93,0.0,1.9,1.7,0.4,0,1.00,"no locomotion"
21000033,hull_strider,none,turret_missile,false,6628,0.0,233,61,79,2.3,2290.3,57.56,445,7.00,2.41,0.0,2.9,2.1,2.5,0,1.00,"no locomotion"
21000034,hull_strider,none,turret_gun,false,99021,0.0,2813,70,45,34.7,174.0,0.30,20,1.19,3.43,0.0,9.9,8.5,8.8,0,1.00,"no locomotion"
21000035,hull_strider,none,none,false,498,0.0,19,43,39,0.4,0.0,0.00,0,0.00,1.96,0.0,1.1,1.0,0.8,0,1.00,"no locomotion"
21000036,hull_strider,none,turret_missile,false,22478,0.0,619,75,73,6.5,7528.8,170.99,738,1.05,2.75,0.0,5.5,4.9,4.2,0,1.00,"no locomotion"
21000037,hull_strider,none,turret_missile,false,6142,0.0,183,24,14,2.6,2935.8,80.23,470,7.02,2.33,0.0,2.6,2.3,2.1,0,1.00,"no locomotion"
21000038,hull_strider,none,turret_gun,false,138900,0.0,3523,143,93,30.1,2735.6,0.17,17,0.73,3.35,0.0,10.9,10.0,8.2,0,1.00,"no locomotion"
21000039,hull_strider,none,turret_beam,false,56274,0.0,738,35,30,24.9,285.2,30.13,159,4.54,3.37,0.0,9.3,8.0,8.4,0,1.00,"no locomotion"
21000040,hull_strider,none,turret_beam,false,7504,0.0,104,20,20,4.6,24.3,7.04,8,1.58,2.72,0.0,4.6,3.5,4.1,0,1.00,"no locomotion"
21000041,hull_strider,none,turret_gun,false,37936,0.0,509,71,44,14.3,28.4,0.01,1,0.30,3.16,0.0,7.1,5.7,6.9,0,1.00,"no locomotion"
21000042,hull_strider,none,none,false,1094,0.0,43,15,15,1.1,0.0,0.00,0,0.00,2.20,0.0,2.3,2.1,1.6,0,1.00,"no locomotion"
21000043,hull_strider,none,turret_gun,false,230687,0.0,4399,108,86,41.9,929.1,0.03,4,0.37,2.80,0.0,15.0,14.0,4.1,0,1.00,"no locomotion"
21000044,hull_strider,none,turret_missile,false,4067,0.0,111,95,30,1.5,2701.4,62.21,473,4.54,2.23,0.0,1.8,1.6,1.7,0,1.00,"no locomotion"
21000045,hull_strider,none,turret_beam,false,607139,0.0,16991,75,65,107.5,20.4,0.04,0,7.24,4.57,0.0,23.0,20.3,21.2,0,1.00,"no locomotion"
21000046,hull_strider,none,turret_beam,false,14908,0.0,460,25,25,7.1,176.1,12.84,48,3.51,2.66,0.0,6.0,5.7,3.7,0,1.00,"no locomotion"
21000047,hull_strider,none,turret_missile,false,6965,0.0,154,38,26,4.7,1185.9,22.35,317,0.79,2.44,0.0,4.1,3.5,2.5,0,1.00,"no locomotion"
21000048,hull_strider,none,turret_gun,false,22956,0.0,373,97,54,7.9,135.7,0.16,16,0.75,2.51,0.0,5.8,5.0,2.8,0,1.00,"no locomotion"
21000049,hull_strider,none,turret_missile,false,92079,0.0,1797,22,18,41.9,17174.8,500.12,971,2.72,3.28,0.0,14.6,13.0,7.7,0,1.00,"no locomotion"
21000050,hull_strider,none,turret_missile,false,110454,0.0,4013,28,24,46.8,2010.3,43.83,412,3.82,2.99,0.0,13.9,12.9,5.3,0,1.00,"no locomotion"
21000051,hull_strider,none,turret_missile,false,205643,0.0,3769,92,92,38.2,9713.3,288.67,730,5.26,3.18,0.0,14.7,13.9,6.9,0,1.00,"no locomotion"
21000052,hull_strider,none,turret_missile,false,175011,0.0,2480,145,101,32.6,787.9,17.42,275,4.24,3.18,0.0,13.4,11.8,6.9,0,1.00,"no locomotion"
21000053,hull_strider,none,turret_gun,false,972103,0.0,8305,81,81,147.8,269.4,0.37,27,0.86,3.40,0.0,27.8,25.2,8.0,0,1.00,"no locomotion"
21000054,hull_strider,none,none,false,665,0.0,13,62,48,0.4,0.0,0.00,0,0.00,1.93,0.0,1.2,1.1,0.4,0,1.00,"no locomotion"
21000055,hull_strider,none,turret_missile,false,3915,0.0,81,15,14,3.8,232.0,3.37,352,2.89,2.49,0.0,3.9,3.6,2.8,0,1.00,"no locomotion"
21000056,hull_strider,none,turret_missile,false,7260,0.0,140,89,89,2.5,2132.6,50.36,459,6.70,2.39,0.0,2.4,2.2,2.4,0,1.00,"no locomotion"
21000057,hull_strider,none,turret_missile,false,78013,0.0,1331,51,51,25.0,1549.6,31.04,397,3.47,3.25,0.0,11.4,10.3,7.5,0,1.00,"no locomotion"
21000058,hull_strider,none,turret_gun,false,102065,0.0,1114,78,67,24.0,186.5,0.13,14,0.63,3.21,0.0,11.7,10.8,7.3,0,1.00,"no locomotion"
21000059,hull_strider,none,none,false,1148,0.0,28,71,56,0.6,0.0,0.00,0,0.00,2.10,0.0,1.3,1.2,1.2,0,1.00,"no locomotion"
21000060,hull_strider,none,turret_gun,false,230353,0.0,2886,98,97,39.4,589.7,0.01,2,0.30,3.24,0.0,15.6,14.6,7.4,0,1.00,"no locomotion"
21000061,hull_strider,none,turret_beam,false,9762,0.0,142,65,52,4.4,55.9,0.37,1,1.99,2.64,0.0,3.5,3.2,3.5,0,1.00,"no locomotion"
21000062,hull_strider,none,none,false,1469,0.0,25,82,72,0.6,0.0,0.00,0,0.00,1.93,0.0,1.5,1.4,0.5,0,1.00,"no locomotion"
21000063,hull_strider,none,turret_missile,false,61995,0.0,676,155,138,10.5,21358.4,622.04,899,0.72,2.81,0.0,8.0,7.0,4.6,0,1.00,"no locomotion"
21000064,hull_strider,none,none,false,944,0.0,8,159,117,0.3,0.0,0.00,0,0.00,1.93,0.0,1.2,1.1,0.8,0,1.00,"no locomotion"
21000065,hull_strider,none,turret_beam,false,9239,0.0,211,28,28,5.2,55.6,3.08,2,1.28,2.76,0.0,5.1,4.0,4.3,0,1.00,"no locomotion"
21000066,hull_strider,none,turret_gun,false,393841,0.0,8587,43,37,86.7,152.5,0.05,8,0.52,3.86,0.0,27.2,24.7,13.0,0,1.00,"no locomotion"
21000067,hull_strider,none,turret_gun,false,261785,0.0,5260,67,67,55.0,171.6,0.08,10,0.56,3.03,0.0,17.3,15.2,5.6,0,1.00,"no locomotion"
21000068,hull_strider,none,turret_missile,false,269662,0.0,8423,67,67,70.9,6620.1,196.00,721,8.28,3.36,0.0,14.2,13.3,7.8,0,1.00,"no locomotion"
21000069,hull_strider,none,turret_missile,false,171237,0.0,2692,22,22,58.7,22234.0,670.24,876,0.70,3.50,0.0,20.3,18.6,9.6,0,1.00,"no locomotion"
21000070,hull_strider,none,none,false,1484,0.0,15,184,138,0.3,0.0,0.00,0,0.00,1.93,0.0,1.4,1.3,0.3,0,1.00,"no locomotion"
21000071,hull_strider,none,turret_gun,false,30477,0.0,1053,66,66,9.0,153.8,0.24,19,0.94,2.77,0.0,6.0,5.2,4.3,0,1.00,"no locomotion"
21000072,hull_strider,none,turret_gun,false,2148,0.0,39,35,22,1.5,134.8,0.07,9,0.57,2.18,0.0,2.3,2.0,1.5,0,1.00,"no locomotion"
21000073,hull_strider,none,none,false,1888,0.0,44,69,53,1.1,0.0,0.00,0,0.00,2.23,0.0,1.6,1.4,1.7,0,1.00,"no locomotion"
21000074,hull_strider,none,turret_missile,false,5428,0.0,133,56,38,2.7,13305.8,345.40,833,1.23,2.42,0.0,2.0,1.8,2.5,0,1.00,"no locomotion"
21000075,hull_strider,none,none,false,9347,0.0,183,105,77,2.8,0.0,0.00,0,0.00,2.08,0.0,3.7,3.2,1.1,0,1.00,"no locomotion"
21000076,hull_strider,none,turret_missile,false,68641,0.0,912,64,64,17.5,4166.7,88.67,543,1.18,2.88,0.0,11.5,10.3,4.9,0,1.00,"no locomotion"
21000077,hull_strider,none,turret_missile,false,35945,0.0,646,120,90,7.8,508.9,9.70,305,8.18,2.40,0.0,6.5,5.9,2.3,0,1.00,"no locomotion"
21000078,hull_strider,none,turret_gun,false,1483,0.0,29,94,85,0.6,381.0,0.01,1,0.30,2.07,0.0,1.2,1.1,1.1,0,1.00,"no locomotion"
21000079,hull_strider,none,turret_missile,false,34087,0.0,279,101,101,7.1,641.0,9.45,322,0.68,2.31,0.0,6.4,5.9,1.9,0,1.00,"no locomotion"
21000080,hull_strider,none,none,false,4112,0.0,53,136,111,1.2,0.0,0.00,0,0.00,2.27,0.0,2.0,1.8,1.8,0,1.00,"no locomotion"
21000081,hull_strider,none,turret_missile,false,541,0.0,17,20,19,0.6,568.4,9.68,267,2.19,2.07,0.0,1.0,0.9,1.2,0,1.00,"no locomotion"
21000082,hull_strider,none,turret_missile,false,37204,0.0,624,26,22,18.8,2416.1,53.28,524,6.15,2.76,0.0,9.2,7.9,4.1,0,1.00,"no locomotion"
21000083,hull_strider,none,turret_beam,false,10668,0.0,139,113,31,2.6,53.6,15.39,1,0.35,2.24,0.0,3.0,2.7,1.8,0,1.00,"no locomotion"
21000084,hull_strider,none,none,false,4025,0.0,34,74,55,1.7,0.0,0.00,0,0.00,2.01,0.0,2.8,2.5,0.9,0,1.00,"no locomotion"
21000085,hull_strider,none,turret_gun,false,21202,0.0,696,90,86,6.3,382.2,0.62,36,1.03,2.70,0.0,5.3,3.9,3.9,0,1.00,"no locomotion"
21000086,hull_strider,none,turret_gun,false,1041,0.0,18,21,12,1.1,1507.3,0.08,10,0.55,2.19,0.0,2.1,1.8,1.6,0,1.00,"no locomotion"
21000087,hull_strider,none,turret_missile,false,3991,0.0,149,68,65,1.8,454.0,6.62,395,2.00,2.37,0.0,2.1,2.0,2.3,0,1.00,"no locomotion"
21000088,hull_strider,none,turret_missile,false,12453,0.0,354,104,97,3.6,6767.8,159.12,955,1.70,2.64,0.0,4.4,3.4,3.7,0,1.00,"no locomotion"
21000089,hull_strider,none,turret_missile,false,3037,0.0,111,23,13,2.2,8986.0,242.92,666,2.54,2.33,0.0,1.8,1.6,2.1,0,1.00,"no locomotion"
21000090,hull_strider,none,turret_gun,false,1848,0.0,28,45,31,1.2,35.6,0.01,1,0.30,2.30,0.0,2.3,1.9,2.0,0,1.00,"no locomotion"
21000091,hull_strider,none,turret_missile,false,24606,0.0,690,52,52,7.6,1550.0,28.86,360,0.63,2.74,0.0,7.4,6.6,4.2,0,1.00,"no locomotion"
21000092,hull_strider,none,turret_missile,false,10892,0.0,158,24,22,7.6,3628.9,85.69,669,5.59,2.68,0.0,5.6,4.9,3.8,0,1.00,"no locomotion"
21000093,hull_strider,none,turret_missile,false,72278,0.0,615,41,41,28.7,3710.7,75.91,730,1.25,3.45,0.0,10.4,9.2,9.1,0,1.00,"no locomotion"
21000094,hull_strider,none,turret_missile,false,3101,0.0,124,49,48,1.6,541.5,8.20,316,2.10,2.18,0.0,2.2,2.0,1.5,0,1.00,"no locomotion"
21000095,hull_strider,none,turret_gun,false,383105,0.0,8289,34,29,108.5,132.7,0.21,17,0.98,4.04,0.0,24.7,21.5,14.7,0,1.00,"no locomotion"
21000096,hull_strider,none,turret_gun,false,473114,0.0,15518,24,24,130.2,539.0,0.92,45,1.16,4.21,0.0,30.2,26.8,16.7,0,1.00,"no locomotion"
21000097,hull_strider,none,turret_beam,false,1585,0.0,30,83,64,0.6,11.3,0.44,0,0.86,2.04,0.0,1.4,1.2,1.0,0,1.00,"no locomotion"
21000098,hull_strider,none,turret_beam,false,341912,0.0,5565,57,61,68.1,1619.5,7.41,116,12.85,3.87,0.0,19.4,18.5,13.0,0,1.00,"no locomotion"
21000099,hull_strider,none,turret_gun,false,493705,0.0,8726,115,115,72.5,842.6,0.02,3,0.36,4.28,0.0,18.7,17.3,17.7,0,1.00,"no locomotion"
21000100,hull_strider,none,turret_beam,false,1558,0.0,15,42,42,1.0,5.7,0.09,0,0.66,2.15,0.0,1.6,1.5,1.4,0,1.00,"no locomotion"
21000101,hull_strider,none,turret_missile,false,8549,0.0,228,64,51,3.3,4233.1,112.94,622,6.91,2.48,0.0,3.3,3.0,2.8,0,1.00,"no locomotion"
21000102,hull_strider,none,turret_missile,false,20208,0.0,779,93,98,6.2,20764.6,687.41,918,4.32,2.54,0.0,4.2,3.8,3.0,0,1.00,"no locomotion"
21000103,hull_strider,none,turret_gun,false,5827,0.0,169,39,10,2.4,460.8,0.74,40,1.09,2.23,0.0,4.6,2.4,1.7,0,1.00,"no locomotion"
21000104,hull_strider,none,turret_missile,false,6539,0.0,216,24,21,4.8,1851.2,43.95,756,7.32,2.50,0.0,4.7,4.1,2.9,0,1.00,"no locomotion"
21000105,hull_strider,none,turret_missile,false,164127,0.0,1580,93,76,31.5,16744.1,479.66,822,1.21,2.84,0.0,14.9,13.0,4.5,0,1.00,"no locomotion"
21000106,hull_strider,none,turret_gun,false,198547,0.0,4812,69,69,49.0,21.9,0.00,1,0.30,3.45,0.0,14.3,12.8,8.9,0,1.00,"no locomotion"
22000007,hull_strider,none,turret_missile,false,86737,0.0,1736,95,68,21.5,2615.7,48.49,573,1.24,3.17,0.0,10.1,8.9,6.9,0,1.00,"no locomotion"
22000008,hull_strider,none,turret_beam,false,3985,0.0,97,109,87,1.1,38.0,3.23,0,0.35,2.13,0.0,1.6,1.4,1.3,0,1.00,"no locomotion"
22000009,hull_strider,none,turret_beam,false,392264,0.0,8671,29,29,107.6,12.6,0.02,0,7.77,3.90,0.0,27.2,24.5,13.2,0,1.00,"no locomotion"
22000010,hull_strider,none,turret_beam,false,572802,0.0,15379,43,42,124.4,6119.5,63.17,723,9.01,3.84,0.0,30.0,26.3,12.6,0,1.00,"no locomotion"
22000011,hull_strider,none,turret_gun,false,8359,0.0,123,35,22,6.1,24.7,0.01,1,0.30,2.45,0.0,4.1,3.9,2.5,0,1.00,"no locomotion"
22000012,hull_strider,none,turret_beam,false,2260,0.0,39,24,21,1.8,15.1,1.37,1,1.59,2.16,0.0,2.5,2.3,1.4,0,1.00,"no locomotion"
22000013,hull_strider,none,turret_beam,false,1932,0.0,46,25,24,1.7,15.7,0.61,0,0.74,2.44,0.0,2.4,2.2,2.6,0,1.00,"no locomotion"
22000014,hull_strider,none,turret_gun,false,30510,0.0,945,83,48,10.0,67.6,0.03,4,0.35,2.61,0.0,7.7,6.7,3.4,0,1.00,"no locomotion"
22000015,hull_strider,none,turret_missile,false,580832,0.0,16383,83,83,118.9,377.6,5.00,321,0.60,4.37,0.0,20.5,19.2,18.4,0,1.00,"no locomotion"
22000016,hull_strider,none,turret_missile,false,3414,0.0,45,24,18,3.4,301.9,3.90,319,0.48,2.55,0.0,3.0,2.7,3.1,0,1.00,"no locomotion"
22000017,hull_strider,none,turret_missile,false,131089,0.0,4905,25,25,43.1,3602.3,82.09,817,3.18,2.76,0.0,18.2,16.6,4.0,0,1.00,"no locomotion"
22000018,hull_strider,none,turret_gun,false,6559,0.0,59,77,68,2.1,1054.7,0.05,7,0.53,2.21,0.0,2.9,2.8,1.6,0,1.00,"no locomotion"
22000019,hull_strider,none,none,false,1440,0.0,18,92,71,0.6,0.0,0.00,0,0.00,1.99,0.0,1.6,1.5,0.9,0,1.00,"no locomotion"
22000020,hull_strider,none,turret_gun,false,60097,0.0,1798,29,21,28.9,28.2,0.01,1,0.30,3.24,0.0,11.3,10.0,7.4,0,1.00,"no locomotion"
22000021,hull_strider,none,none,false,803,0.0,10,115,93,0.4,0.0,0.00,0,0.00,2.02,0.0,0.9,0.9,1.0,0,1.00,"no locomotion"
22000022,hull_strider,none,turret_missile,false,72108,0.0,1165,66,66,20.6,700.7,16.53,281,7.84,3.28,0.0,9.7,8.5,7.8,0,1.00,"no locomotion"
22000023,hull_strider,none,turret_beam,false,19384,0.0,284,29,29,4.7,110.1,46.99,35,1.26,2.39,0.0,3.5,3.2,2.4,0,1.00,"no locomotion"
22000024,hull_strider,none,turret_gun,false,17065,0.0,316,132,109,4.0,1264.2,0.05,7,0.54,2.56,0.0,4.2,3.6,3.2,0,1.00,"no locomotion"
22000025,hull_strider,none,turret_beam,false,211982,0.0,3015,93,92,36.7,506.1,1.69,18,8.41,3.27,0.0,15.3,13.3,7.6,0,1.00,"no locomotion"
22000026,hull_strider,none,turret_missile,false,7283,0.0,73,105,97,2.7,4840.5,101.78,596,0.89,2.42,0.0,2.6,2.4,2.5,0,1.00,"no locomotion"
22000027,hull_strider,none,turret_gun,false,37079,0.0,418,27,23,16.1,224.5,0.36,25,1.03,2.92,0.0,9.4,8.5,5.3,0,1.00,"no locomotion"
22000028,hull_strider,none,turret_gun,false,30274,0.0,525,58,37,12.6,412.8,0.70,37,1.14,2.90,0.0,6.4,6.0,5.0,0,1.00,"no locomotion"
22000029,hull_strider,none,turret_gun,false,21071,0.0,202,127,73,5.8,3171.0,0.13,14,0.62,2.42,0.0,4.6,4.4,2.5,0,1.00,"no locomotion"
22000030,hull_strider,none,turret_gun,false,19166,0.0,255,46,35,9.6,758.3,0.02,3,0.33,3.01,0.0,6.4,5.3,5.8,0,1.00,"no locomotion"
22000031,hull_strider,none,turret_beam,false,15898,0.0,366,124,110,3.5,145.2,7.79,3,0.84,2.30,0.0,3.5,3.3,2.0,0,1.00,"no locomotion"
22000032,hull_strider,none,turret_gun,false,198291,0.0,1873,23,23,72.3,202.0,0.06,8,0.51,3.97,0.0,20.1,18.6,14.1,0,1.00,"no locomotion"
22000033,hull_strider,none,none,false,312,0.0,10,25,18,0.4,0.0,0.00,0,0.00,2.06,0.0,1.0,0.9,1.1,0,1.00,"no locomotion"
22000034,hull_strider,none,turret_gun,false,24378,0.0,440,128,94,6.1,146.0,0.06,8,0.50,2.59,0.0,5.2,4.6,3.3,0,1.00,"no locomotion"
22000035,hull_strider,none,turret_missile,false,914,0.0,37,74,57,0.5,157.2,1.97,257,1.74,2.05,0.0,1.0,0.9,1.1,0,1.00,"no locomotion"
22000036,hull_strider,none,turret_gun,false,10398,0.0,591,76,76,3.4,191.4,0.08,10,0.53,2.60,0.0,3.8,3.0,3.4,0,1.00,"no locomotion"
22000037,hull_strider,none,none,false,288,0.0,5,33,23,0.3,0.0,0.00,0,0.00,1.93,0.0,1.3,1.1,0.3,0,1.00,"no locomotion"
22000038,hull_strider,none,turret_gun,false,26539,0.0,744,132,90,7.1,1001.6,0.03,4,0.36,3.02,0.0,4.9,4.5,6.0,0,1.00,"no locomotion"
22000039,hull_strider,none,turret_missile,false,102289,0.0,2441,54,54,34.2,3174.8,75.91,587,6.83,3.43,0.0,9.8,9.0,8.8,0,1.00,"no locomotion"
22000040,hull_strider,none,none,false,2858,0.0,55,86,61,1.2,0.0,0.00,0,0.00,1.95,0.0,2.4,2.1,0.7,0,1.00,"no locomotion"
22000041,hull_strider,none,turret_missile,false,2169,0.0,33,26,25,1.8,2664.8,54.34,488,2.27,2.36,0.0,2.5,2.1,2.3,0,1.00,"no locomotion"
22000042,hull_strider,none,turret_gun,false,154765,0.0,4977,82,63,45.8,19.4,0.00,1,0.30,3.66,0.0,12.0,11.0,10.9,0,1.00,"no locomotion"
22000043,hull_strider,none,turret_missile,false,2697,0.0,80,81,79,1.2,863.0,16.00,330,4.35,2.19,0.0,1.5,1.4,1.5,0,1.00,"no locomotion"
22000044,hull_strider,none,turret_gun,false,3959,0.0,36,122,112,1.0,473.0,0.01,2,0.32,2.03,0.0,2.5,2.3,1.0,0,1.00,"no locomotion"
22000045,hull_strider,none,turret_beam,false,6899,0.0,60,38,33,3.2,22.7,12.62,19,1.93,2.34,0.0,2.9,2.6,2.1,0,1.00,"no locomotion"
22000046,hull_strider,none,turret_beam,false,151297,0.0,4256,28,23,39.3,1409.0,382.81,3299,6.84,3.18,0.0,12.7,11.6,7.0,0,1.00,"no locomotion"
22000047,hull_strider,none,turret_beam,false,878,0.0,8,30,28,0.6,2.9,1.14,0,0.35,2.01,0.0,1.3,1.0,1.0,0,1.00,"no locomotion"
22000048,hull_strider,none,turret_missile,false,9261,0.0,307,43,43,4.5,5037.3,131.78,540,3.65,2.56,0.0,3.5,3.2,3.2,0,1.00,"no locomotion"
22000049,hull_strider,none,turret_gun,false,567665,0.0,16369,69,63,113.6,71.5,0.11,11,0.82,4.13,0.0,20.5,19.1,15.5,0,1.00,"no locomotion"
22000050,hull_strider,none,turret_beam,false,402,0.0,16,36,36,0.3,5.8,0.07,0,0.52,1.93,0.0,1.1,0.9,0.7,0,1.00,"no locomotion"
22000051,hull_strider,none,turret_gun,false,183891,0.0,1994,53,52,58.4,291.4,0.53,30,1.17,3.87,0.0,13.7,12.8,12.9,0,1.00,"no locomotion"
22000052,hull_strider,none,turret_beam,false,3443,0.0,57,39,31,2.4,22.0,0.18,0,0.60,2.41,0.0,2.9,2.6,2.4,0,1.00,"no locomotion"
22000053,hull_strider,none,turret_missile,false,21439,0.0,384,117,105,5.1,5123.5,128.87,851,5.47,2.53,0.0,4.4,4.2,3.0,0,1.00,"no locomotion"
22000054,hull_strider,none,turret_beam,false,17476,0.0,1307,33,33,6.0,127.1,34.18,4,0.44,2.67,0.0,4.2,3.6,3.8,0,1.00,"no locomotion"
22000055,hull_strider,none,turret_gun,false,272804,0.0,3144,112,85,56.6,23.6,0.01,1,0.30,3.60,0.0,16.3,14.4,10.3,0,1.00,"no locomotion"
22000056,hull_strider,none,turret_beam,false,53648,0.0,878,73,50,12.7,345.0,144.17,263,2.18,2.77,0.0,5.0,4.6,4.3,0,1.00,"no locomotion"
22000057,hull_strider,none,turret_missile,false,7778,0.0,155,110,102,2.6,1770.3,33.76,578,3.61,2.46,0.0,2.8,2.3,2.7,0,1.00,"no locomotion"
22000058,hull_strider,none,turret_missile,false,2326,0.0,21,104,21,0.8,1845.5,37.40,679,2.53,2.08,0.0,1.7,1.5,1.2,0,1.00,"no locomotion"
22000059,hull_strider,none,turret_gun,false,102891,0.0,850,96,96,22.1,53.2,0.02,3,0.32,3.22,0.0,10.1,9.3,7.3,0,1.00,"no locomotion"
22000060,hull_strider,none,turret_gun,false,2607,0.0,37,60,49,1.5,178.1,0.07,9,0.58,2.33,0.0,2.0,1.6,2.1,0,1.00,"no locomotion"
22000061,hull_strider,none,turret_beam,false,27701,0.0,239,107,81,7.9,95.2,1.82,2,1.80,2.50,0.0,5.2,4.6,2.7,0,1.00,"no locomotion"
22000062,hull_strider,none,turret_missile,false,456,0.0,7,16,14,0.6,661.4,11.36,531,2.69,2.14,0.0,1.1,1.0,1.4,0,1.00,"no locomotion"
22000063,hull_strider,none,turret_missile,false,9939,0.0,164,45,43,5.5,7082.9,174.17,778,3.43,2.57,0.0,4.1,3.6,3.2,0,1.00,"no locomotion"
22000064,hull_strider,none,turret_beam,false,121404,0.0,1418,135,86,29.3,78.8,0.24,2,6.55,3.54,0.0,10.6,9.2,9.9,0,1.00,"no locomotion"
22000065,hull_strider,none,turret_gun,false,65772,0.0,1591,152,103,12.2,33.5,0.01,3,0.34,2.66,0.0,8.4,7.4,3.6,0,1.00,"no locomotion"
22000066,hull_strider,none,turret_beam,false,1171,0.0,33,102,93,0.4,13.0,0.18,0,0.58,1.98,0.0,1.2,1.0,0.9,0,1.00,"no locomotion"
22000067,hull_strider,none,turret_missile,false,7121,0.0,345,88,95,2.5,7543.2,188.78,595,0.69,2.35,0.0,2.2,2.0,2.2,0,1.00,"no locomotion"
22000068,hull_strider,none,none,false,1612,0.0,46,80,76,0.6,0.0,0.00,0,0.00,2.08,0.0,1.4,1.3,1.2,0,1.00,"no locomotion"
22000069,hull_strider,none,none,false,547,0.0,16,32,27,0.5,0.0,0.00,0,0.00,1.93,0.0,1.2,1.2,0.5,0,1.00,"no locomotion"
22000070,hull_strider,none,turret_missile,false,1416,0.0,28,45,38,0.8,581.2,10.16,267,2.46,2.06,0.0,1.4,1.3,1.1,0,1.00,"no locomotion"
22000071,hull_strider,none,turret_beam,false,146114,0.0,2207,93,86,31.2,874.1,87.10,635,5.90,3.47,0.0,10.9,10.4,9.4,0,1.00,"no locomotion"
22000072,hull_strider,none,turret_gun,false,14879,0.0,341,85,79,4.8,100.2,0.04,6,0.72,2.46,0.0,4.0,3.7,2.6,0,1.00,"no locomotion"
22000073,hull_strider,none,turret_missile,false,7015,0.0,499,46,44,3.3,3306.9,80.83,468,3.69,2.53,0.0,3.7,3.1,3.1,0,1.00,"no locomotion"
22000074,hull_strider,none,turret_gun,false,33551,0.0,449,141,89,7.7,38.2,0.02,3,0.39,2.85,0.0,5.9,5.1,4.9,0,1.00,"no locomotion"
22000075,hull_strider,none,none,false,7255,0.0,200,147,121,2.0,0.0,0.00,0,0.00,2.44,0.0,2.9,2.4,2.6,0,1.00,"no locomotion"
22000076,hull_strider,none,turret_gun,false,78851,0.0,2619,107,86,16.1,28.9,0.01,2,0.41,3.19,0.0,10.4,9.0,7.2,0,1.00,"no locomotion"
22000077,hull_strider,none,turret_gun,false,65608,0.0,1809,59,55,17.5,137.5,0.20,17,0.89,2.98,0.0,10.4,9.7,5.6,0,1.00,"no locomotion"
22000078,hull_strider,none,none,false,1964,0.0,19,62,48,1.1,0.0,0.00,0,0.00,2.28,0.0,2.1,1.9,1.9,0,1.00,"no locomotion"
22000079,hull_strider,none,turret_gun,false,99310,0.0,2960,67,54,34.9,143.0,0.21,18,0.87,3.44,0.0,10.3,9.2,8.9,0,1.00,"no locomotion"
22000080,hull_strider,none,turret_gun,false,2547,0.0,27,94,86,0.9,152.7,0.08,10,0.56,2.15,0.0,2.1,1.4,1.4,0,1.00,"no locomotion"
22000081,hull_strider,none,turret_gun,false,259018,0.0,9866,93,69,59.5,577.0,1.18,49,1.33,4.05,0.0,13.5,11.6,14.8,0,1.00,"no locomotion"
22000082,hull_strider,none,turret_missile,false,12063,0.0,423,80,74,4.0,1328.4,27.17,335,2.21,2.56,0.0,3.7,3.3,3.2,0,1.00,"no locomotion"
22000083,hull_strider,none,turret_beam,false,3350,0.0,41,52,49,1.7,15.8,3.00,1,0.80,2.18,0.0,2.3,2.1,1.5,0,1.00,"no locomotion"
22000084,hull_strider,none,turret_gun,false,28373,0.0,817,39,35,10.5,84.4,0.09,11,0.75,2.49,0.0,7.7,7.1,2.8,0,1.00,"no locomotion"
22000085,hull_strider,none,turret_missile,false,517942,0.0,4374,107,90,99.7,1263.8,27.31,335,3.88,4.17,0.0,20.6,18.3,16.0,0,1.00,"no locomotion"
22000086,hull_strider,none,turret_missile,false,302373,0.0,4347,48,42,82.0,3727.4,86.06,546,4.26,3.21,0.0,21.0,18.2,6.8,0,1.00,"no locomotion"
22000087,hull_strider,none,none,false,8676,0.0,105,102,69,3.2,0.0,0.00,0,0.00,2.48,0.0,3.2,3.0,2.8,0,1.00,"no locomotion"
22000088,hull_strider,none,turret_gun,false,4022,0.0,74,89,55,1.7,850.5,0.03,5,0.51,2.37,0.0,2.6,2.3,2.3,0,1.00,"no locomotion"
22000089,hull_strider,none,turret_missile,false,5182,0.0,178,112,97,1.3,481.8,7.48,399,2.51,2.18,0.0,2.7,2.4,1.5,0,1.00,"no locomotion"
22000090,hull_strider,none,none,false,235,0.0,5,26,21,0.3,0.0,0.00,0,0.00,1.93,0.0,1.0,0.9,0.4,0,1.00,"no locomotion"
22000091,hull_strider,none,turret_missile,false,11284,0.0,100,70,70,4.7,2024.9,45.32,388,2.86,2.61,0.0,3.3,2.8,3.4,0,1.00,"no locomotion"
22000092,hull_strider,none,turret_gun,false,1281,0.0,15,65,38,0.8,83.1,0.05,7,0.60,2.11,0.0,1.7,1.5,1.3,0,1.00,"no locomotion"
22000093,hull_strider,none,turret_gun,false,4397,0.0,159,100,92,1.5,8.1,0.00,0,0.30,2.37,0.0,2.5,2.0,2.3,0,1.00,"no locomotion"
22000094,hull_strider,none,turret_beam,false,1373,0.0,36,108,12,0.5,14.0,0.61,0,0.35,1.94,0.0,1.4,1.2,0.8,0,1.00,"no locomotion"
22000095,hull_strider,none,turret_gun,false,2733,0.0,66,15,13,2.9,1910.1,0.09,11,0.59,2.55,0.0,2.9,2.7,3.1,0,1.00,"no locomotion"
22000096,hull_strider,none,turret_gun,false,104443,0.0,2318,69,59,27.2,30.5,0.00,1,0.30,3.14,0.0,12.7,11.0,6.6,0,1.00,"no locomotion"
22000097,hull_strider,none,turret_missile,false,4471,0.0,43,104,91,1.5,1477.2,27.16,701,0.71,2.22,0.0,2.3,2.1,1.7,0,1.00,"no locomotion"
22000098,hull_strider,none,turret_missile,false,4415,0.0,154,18,10,2.5,6533.6,174.98,713,6.33,2.31,0.0,2.4,2.2,2.1,0,1.00,"no locomotion"
22000099,hull_strider,none,none,false,589,0.0,8,75,65,0.3,0.0,0.00,0,0.00,2.03,0.0,0.9,0.8,1.0,0,1.00,"no locomotion"
22000100,hull_strider,none,turret_gun,false,22902,0.0,450,61,57,7.0,29.4,0.01,1,0.30,2.31,0.0,6.1,5.7,1.9,0,1.00,"no locomotion"
22000101,hull_strider,none,turret_gun,false,9837,0.0,184,22,19,7.6,336.4,0.13,14,0.69,2.67,0.0,5.6,5.2,3.7,0,1.00,"no locomotion"
22000102,hull_strider,none,turret_gun,false,5627,0.0,164,118,86,1.9,257.6,0.09,11,0.54,2.45,0.0,2.9,2.2,2.7,0,1.00,"no locomotion"
22000103,hull_strider,none,turret_gun,false,227355,0.0,3005,61,53,50.6,23.8,0.00,1,0.36,3.52,0.0,16.8,14.8,9.7,0,1.00,"no locomotion"
22000104,hull_strider,none,turret_missile,false,3111,0.0,47,28,24,2.0,5474.6,124.93,628,2.36,2.23,0.0,2.6,2.5,1.7,0,1.00,"no locomotion"
22000105,hull_strider,none,turret_missile,false,1200,0.0,16,89,68,0.5,298.9,4.08,382,1.24,2.05,0.0,1.1,0.9,1.1,0,1.00,"no locomotion"
22000106,hull_strider,none,turret_gun,false,61825,0.0,2114,14,13,34.7,21.2,0.00,1,0.30,2.91,0.0,12.3,11.1,4.9,0,1.00,"no locomotion"
23000007,hull_strider,legs,turret_missile,true,911,8.0,79,23,16,1.2,2665.7,60.87,394,0.70,2.17,82.6,1.8,2.0,1.8,0,0.50,""
23000008,hull_strider,legs,turret_gun,true,13809,9.5,367,61,37,7.4,155.8,0.24,19,0.90,2.72,99.6,6.6,7.2,4.5,0,1.00,""
23000009,hull_strider,legs,turret_gun,true,128191,10.2,3609,96,72,34.1,131.3,0.10,12,0.72,3.18,89.3,15.7,17.2,7.7,0,1.00,""
23000010,hull_strider,legs,turret_gun,true,181207,17.5,13835,110,75,36.5,253.2,0.34,26,0.84,2.89,47.4,16.6,17.1,5.5,0,1.00,""
23000011,hull_strider,legs,turret_beam,true,5853,12.7,657,43,41,3.2,68.0,0.20,0,0.83,2.60,76.8,4.2,4.4,3.8,0,1.00,""
23000012,hull_strider,legs,turret_gun,true,30311,14.8,1398,80,43,11.4,27.3,0.01,1,0.30,2.67,86.1,9.0,9.8,4.2,0,1.00,""
23000013,hull_strider,legs,turret_gun,true,11451,12.2,385,112,84,4.4,77.4,0.03,5,0.48,2.64,60.7,4.4,4.8,4.0,0,1.00,""
23000014,hull_strider,legs,turret_beam,true,3941,13.0,148,67,59,2.3,58.3,2.66,0,0.35,2.41,88.1,2.9,3.1,2.8,0,1.00,""
23000015,hull_strider,legs,turret_beam,true,1624,7.4,34,72,60,1.0,13.1,0.18,0,0.65,2.21,51.0,2.4,2.5,1.9,0,1.00,""
23000016,hull_strider,legs,turret_missile,true,1757,7.1,37,37,36,1.1,1305.7,22.69,422,2.11,2.11,54.3,2.1,1.4,1.5,0,1.00,""
23000017,hull_strider,legs,turret_gun,true,26313,14.6,2209,91,75,8.5,77.6,0.12,11,1.02,2.69,42.8,6.9,7.1,4.3,0,1.00,""
23000018,hull_strider,legs,none,true,7820,18.0,488,48,35,5.4,0.0,0.00,0,0.00,2.81,51.6,7.1,7.8,5.0,0,1.00,""
23000019,hull_strider,legs,turret_gun,true,105761,8.2,2400,116,101,28.1,208.6,0.30,23,0.92,3.47,73.7,11.9,12.3,10.1,0,1.00,""
23000020,hull_strider,legs,turret_beam,true,32888,14.0,1257,148,116,8.7,10.2,0.01,0,2.67,2.89,96.7,9.0,9.9,5.6,0,1.00,""
23000021,hull_strider,legs,turret_missile,true,1354,8.0,50,24,21,1.4,680.0,13.33,277,4.04,2.18,50.4,2.7,2.9,1.8,0,1.00,""
23000022,hull_strider,legs,turret_missile,true,184631,24.8,12542,70,56,60.9,11080.9,299.78,684,0.89,3.55,73.7,16.7,17.2,10.8,0,1.00,""
23000023,hull_strider,legs,turret_gun,true,2347,8.2,152,34,24,2.3,124.8,0.07,9,0.54,2.42,48.0,3.0,3.3,2.6,0,1.00,""
23000024,hull_strider,legs,turret_missile,true,6096,11.5,928,53,38,3.6,1280.7,24.17,451,4.05,2.46,78.5,3.4,3.5,3.0,0,1.00,""
23000025,hull_strider,legs,turret_beam,true,1455,8.0,46,69,12,0.9,17.8,1.54,0,0.35,2.06,61.1,2.0,2.2,1.4,0,1.00,""
23000026,hull_strider,legs,turret_gun,true,17055,10.5,506,83,55,7.0,200.1,0.14,15,0.64,2.93,51.4,6.6,3.7,5.8,0,0.70,""
23000027,hull_strider,legs,turret_gun,true,832,8.0,21,33,26,0.7,172.5,0.07,9,0.53,2.03,65.1,2.2,1.4,1.3,0,1.00,""
23000028,hull_strider,legs,turret_beam,true,2571,8.7,212,21,19,1.9,83.7,4.54,0,0.35,2.15,68.0,3.5,3.9,1.7,0,0.35,""
23000029,hull_strider,legs,turret_missile,true,394011,18.3,19669,71,71,77.0,4454.8,122.67,699,9.37,3.48,42.3,21.4,23.1,10.2,0,1.00,""
23000030,hull_strider,legs,turret_missile,true,2630,8.0,193,96,94,1.2,1125.6,18.73,444,2.21,2.16,82.7,2.9,1.6,1.7,0,1.00,""
23000031,hull_strider,legs,none,true,1976,8.0,77,64,56,1.0,0.0,0.00,0,0.00,1.93,73.7,2.1,2.2,0.8,0,1.00,""
23000032,hull_strider,legs,turret_gun,true,1250930,14.0,49000,168,97,177.7,152.6,0.22,18,0.99,4.33,81.4,36.1,39.3,19.3,0,1.00,""
23000033,hull_strider,legs,turret_beam,true,3983,10.7,130,93,35,1.9,48.5,3.88,0,0.35,2.22,45.1,3.4,3.7,2.0,0,1.00,""
23000034,hull_strider,legs,turret_missile,true,8363,10.3,244,47,47,5.4,3630.7,103.64,544,8.58,2.78,76.7,6.1,6.3,4.9,0,1.00,""
23000035,hull_strider,legs,turret_beam,true,6368,10.3,187,11,11,3.2,71.4,19.06,1,0.35,2.48,81.8,3.6,3.8,3.1,0,1.00,""
23000036,hull_strider,legs,none,true,2817,8.4,149,114,101,1.3,0.0,0.00,0,0.00,2.25,78.4,2.7,3.0,2.0,0,1.00,""
23000037,hull_strider,legs,turret_gun,true,12287,7.2,247,92,92,4.3,61.0,0.02,3,0.45,2.75,59.2,5.3,5.2,4.6,0,1.00,""
23000038,hull_strider,legs,turret_gun,true,335429,8.0,7544,49,42,98.0,67.6,0.03,4,0.38,4.22,92.2,22.5,24.7,17.9,0,1.00,""
23000039,hull_strider,legs,turret_gun,true,132049,15.1,5534,20,17,51.9,15.5,0.00,1,0.31,3.97,97.7,21.9,13.8,15.1,0,1.00,""
23000040,hull_strider,legs,turret_gun,true,34573,10.0,961,118,109,9.4,173.1,0.12,13,0.64,2.55,67.7,9.0,9.3,3.5,0,1.00,""
23000041,hull_strider,legs,turret_missile,true,3269,12.0,209,77,67,2.3,1123.0,19.10,347,0.82,2.30,63.9,4.2,4.6,2.3,0,1.00,""
23000042,hull_strider,legs,turret_gun,true,98846,14.2,3828,153,90,20.5,150.5,0.04,6,0.47,2.97,98.7,10.7,11.6,6.1,0,1.00,""
23000043,hull_strider,legs,none,true,707,8.0,20,113,101,0.4,0.0,0.00,0,0.00,2.01,55.2,2.0,2.0,1.2,0,1.00,""
23000044,hull_strider,legs,turret_gun,true,68097,7.4,1424,49,40,28.6,337.2,0.56,35,0.98,3.44,81.9,16.8,17.4,9.8,0,1.00,""
23000045,hull_strider,legs,turret_gun,true,42647,13.5,1839,170,103,11.2,405.3,0.72,38,1.17,2.67,74.0,8.1,8.8,4.1,0,1.00,""
23000046,hull_strider,legs,turret_gun,true,4394,7.0,85,106,83,1.8,24.9,0.01,2,0.36,2.14,68.2,3.9,4.0,1.7,0,1.00,""
23000047,hull_strider,legs,turret_gun,true,1419,8.0,34,90,69,0.7,501.5,0.01,2,0.30,1.97,66.9,1.8,1.9,1.1,0,1.00,""
23000048,hull_strider,legs,turret_beam,true,166746,22.2,12678,77,61,49.8,783.0,1.66,13,6.30,3.18,89.4,18.7,20.6,7.6,0,1.00,""
23000049,hull_strider,legs,turret_beam,true,3178,12.1,109,25,28,2.3,43.0,3.29,3,1.47,2.31,61.0,3.3,3.4,2.4,0,1.00,""
23000050,hull_strider,legs,turret_missile,true,595576,26.8,43942,58,58,142.1,12370.8,343.96,743,1.85,4.61,62.7,28.7,31.3,22.9,0,1.00,""
23000051,hull_strider,legs,turret_missile,true,426297,15.7,18664,110,79,70.6,5774.9,148.53,588,3.81,4.00,46.3,21.5,14.4,16.3,0,1.00,""
23000052,hull_strider,legs,turret_gun,true,1021096,8.5,24003,118,94,128.6,123.2,0.04,6,0.42,4.00,49.8,30.0,30.9,15.5,0,1.00,""
23000053,hull_strider,legs,turret_gun,true,41609,20.3,2490,120,90,12.6,94.2,0.02,3,0.36,3.25,57.2,10.8,6.3,8.2,0,1.00,""
23000054,hull_strider,legs,turret_gun,true,15332,17.0,1106,83,57,6.9,37.4,0.01,1,0.30,3.00,89.1,5.1,5.2,6.3,0,1.00,""
23000055,hull_strider,legs,turret_gun,true,1941819,8.9,49000,39,33,231.8,263.3,0.18,17,0.72,4.69,126.3,44.9,49.1,24.1,0,1.00,""
23000056,hull_strider,legs,turret_missile,true,7437,11.8,364,74,68,3.6,6598.5,158.82,713,3.21,2.39,51.7,4.6,5.0,2.7,0,1.00,""
23000057,hull_strider,legs,turret_missile,true,19970,9.7,537,102,92,7.8,2983.1,62.38,453,0.97,2.67,62.8,7.8,8.5,4.2,0,1.00,""
23000058,hull_strider,legs,turret_missile,true,614941,15.3,25923,101,83,103.0,3348.9,74.09,476,1.83,4.40,49.0,27.4,28.3,20.2,0,1.00,""
23000059,hull_strider,legs,turret_missile,true,1660,8.0,43,48,33,1.0,1371.2,26.89,359,2.55,2.12,97.9,2.0,2.2,1.6,0,1.00,""
23000060,hull_strider,legs,turret_gun,true,1785,8.1,42,63,44,1.2,23.0,0.00,1,0.30,2.13,42.9,2.1,2.3,1.7,0,1.00,""
23000061,hull_strider,legs,none,true,1270,9.2,45,36,32,1.0,0.0,0.00,0,0.00,2.20,67.8,2.5,2.6,1.9,0,1.00,""
23000062,hull_strider,legs,turret_missile,true,1742,10.5,169,34,19,2.2,646.5,13.67,253,3.40,2.37,98.8,3.9,4.3,2.6,0,0.35,""
23000063,hull_strider,legs,turret_gun,true,27152,6.7,1303,32,32,15.6,19.2,0.01,2,0.42,3.25,56.1,7.9,8.2,8.2,0,1.00,""
23000064,hull_strider,legs,turret_beam,true,240699,8.5,5729,144,111,42.9,978.3,2.76,21,6.18,3.65,45.8,19.2,20.9,11.8,0,1.00,""
23000065,hull_strider,legs,turret_gun,true,2563144,6.6,49000,170,129,221.8,350.1,0.01,1,0.30,4.80,100.0,43.8,47.8,25.6,0,1.00,""
23000066,hull_strider,legs,turret_gun,true,583959,12.4,19943,94,69,106.0,84.6,0.13,12,0.98,4.35,97.7,29.1,17.4,19.5,0,1.00,""
23000067,hull_strider,legs,turret_beam,true,818813,8.1,18236,132,102,126.4,522.3,1.33,14,8.49,4.34,84.9,26.6,27.5,19.4,0,1.00,""
23000068,hull_strider,legs,turret_missile,true,1267600,13.9,49000,136,120,184.3,630.5,10.91,373,5.17,4.29,85.3,45.7,50.1,18.8,0,1.00,""
23000069,hull_strider,legs,turret_missile,true,4598,8.8,293,55,53,2.1,111.6,1.56,284,5.36,2.28,41.2,3.7,2.2,2.1,0,1.00,""
23000070,hull_strider,legs,turret_gun,true,2067546,8.4,49000,61,83,275.4,222.9,0.11,12,0.71,4.56,80.7,53.0,58.0,22.2,0,1.00,""
23000071,hull_strider,legs,none,true,1871,7.5,38,126,80,1.1,0.0,0.00,0,0.00,2.26,74.8,2.1,2.3,2.1,0,1.00,""
23000072,hull_strider,legs,turret_beam,true,274161,15.5,11946,63,52,67.3,2856.3,14.81,179,9.55,3.82,44.8,18.1,19.6,13.5,0,1.00,""
23000073,hull_strider,legs,turret_missile,true,245333,7.5,5168,158,99,35.1,4655.5,123.46,622,7.25,3.55,44.3,20.5,13.0,10.8,0,1.00,""
23000074,hull_strider,legs,turret_missile,true,1712,8.0,59,48,47,1.2,876.9,18.40,276,2.11,2.18,86.8,2.3,2.6,1.8,0,1.00,""
23000075,hull_strider,legs,turret_gun,true,4248316,3.8,49000,139,92,312.7,154.0,0.06,9,0.51,4.94,207.3,60.7,62.8,27.6,0,1.00,""
23000076,hull_strider,legs,turret_beam,true,12208,13.5,492,89,75,4.4,195.6,3.25,6,2.27,2.61,48.5,4.7,5.1,3.8,0,1.00,""
23000077,hull_strider,legs,turret_missile,true,709518,25.1,49000,103,79,112.4,3279.7,64.56,696,1.10,4.64,98.7,28.0,17.6,23.3,0,1.00,""
23000078,hull_strider,legs,turret_beam,true,1700,8.7,124,75,56,0.8,49.1,1.10,0,0.42,2.07,85.2,2.2,2.2,1.4,0,1.00,""
23000079,hull_strider,legs,none,true,1911,8.0,74,101,89,0.8,0.0,0.00,0,0.00,2.06,74.8,2.1,2.1,1.4,0,1.00,""
23000080,hull_strider,legs,turret_missile,true,30951,18.8,2344,131,106,11.7,6496.5,159.84,1104,0.79,3.03,82.0,8.6,8.9,6.5,0,1.00,""
23000081,hull_strider,legs,turret_missile,true,31923,11.5,1020,24,22,19.2,1127.9,22.28,412,5.69,3.20,56.8,12.3,13.5,7.8,0,1.00,""
23000082,hull_strider,legs,turret_gun,true,4211,11.6,230,97,76,2.4,243.1,0.08,10,0.55,2.27,62.3,4.1,4.2,2.2,0,1.00,""
23000083,hull_strider,legs,turret_missile,true,2861,13.5,128,32,26,3.0,3119.4,62.22,619,2.05,2.58,51.9,5.3,5.9,3.7,0,1.00,""
23000084,hull_strider,legs,turret_missile,true,453826,22.4,27940,73,73,75.3,3799.9,80.78,502,0.87,4.00,98.5,36.6,20.6,18.0,0,1.00,""
23000085,hull_strider,legs,turret_beam,true,124745,9.9,3458,61,56,38.7,1346.7,102.68,1016,7.78,3.52,41.9,16.8,18.4,10.5,0,1.00,""
23000086,hull_strider,legs,turret_gun,true,1172947,9.9,32647,178,126,133.6,26.4,0.01,1,0.30,4.22,76.3,39.4,43.0,17.9,0,1.00,""
23000087,hull_strider,legs,turret_beam,true,128029,7.3,2581,142,98,22.8,121.0,0.37,3,6.32,3.15,41.1,15.4,9.8,7.4,0,1.00,""
23000088,hull_strider,legs,turret_beam,true,1115801,14.1,43615,41,35,135.9,589.2,1.83,27,12.10,4.41,108.9,44.1,25.6,20.3,0,1.00,""
23000089,hull_strider,legs,none,true,21575,11.3,668,118,73,12.7,0.0,0.00,0,0.00,2.90,88.8,8.2,9.0,5.6,0,1.00,""
23000090,hull_strider,legs,turret_gun,true,8890,14.8,722,135,103,4.3,30.1,0.00,1,0.30,2.51,73.5,7.0,7.7,3.3,0,1.00,""
23000091,hull_strider,legs,turret_missile,true,11811,10.8,351,54,35,5.9,1248.3,23.88,412,4.10,2.51,45.7,6.2,4.2,3.3,0,1.00,""
23000092,hull_strider,legs,turret_gun,true,4145770,3.9,49000,72,62,282.7,152.4,0.05,7,0.45,4.89,202.3,52.0,53.7,26.8,0,1.00,""
23000093,hull_strider,legs,turret_gun,true,285407,8.3,6615,23,23,98.2,72.2,0.03,5,0.64,4.34,73.0,26.4,28.9,19.4,0,1.00,""
23000094,hull_strider,legs,turret_gun,true,353824,9.8,9574,38,33,76.9,77.7,0.09,11,0.80,3.16,43.8,24.3,26.5,7.5,0,1.00,""
23000095,hull_strider,legs,turret_gun,true,32426,19.9,2371,33,33,14.7,662.4,0.01,2,0.30,2.71,80.0,11.7,12.1,4.4,0,1.00,""
23000096,hull_strider,legs,turret_gun,true,27528,15.1,1474,46,26,15.8,218.8,0.35,25,0.94,3.07,47.3,9.6,10.6,6.8,0,1.00,""
23000097,hull_strider,legs,none,true,2530,8.0,128,97,77,1.2,0.0,0.00,0,0.00,1.97,52.3,2.1,2.2,1.0,0,1.00,""
23000098,hull_strider,legs,turret_gun,true,393162,26.4,28651,46,40,88.1,35.1,0.01,1,0.30,4.37,66.7,34.9,38.3,19.8,0,1.00,""
23000099,hull_strider,legs,turret_gun,true,89559,13.9,3400,124,84,26.9,166.5,0.16,16,0.73,3.28,56.4,9.4,10.2,8.3,0,1.00,""
23000100,hull_strider,legs,turret_gun,true,456599,6.9,8973,43,43,109.3,105.1,0.15,15,0.87,4.02,77.7,31.9,34.9,15.8,0,1.00,""
23000101,hull_strider,legs,turret_gun,true,2700,8.0,159,144,89,1.1,1717.0,0.09,11,0.58,2.07,59.4,2.8,2.9,1.4,0,1.00,""
23000102,hull_strider,legs,turret_gun,true,12495,10.8,672,93,70,4.1,198.0,0.08,10,0.57,2.60,79.6,5.7,3.3,3.8,0,1.00,""
23000103,hull_strider,legs,turret_gun,true,11729,10.8,958,89,64,5.1,319.2,0.17,17,0.71,2.40,45.3,4.8,5.3,2.8,0,1.00,""
23000104,hull_strider,legs,turret_missile,true,42226,6.5,770,57,49,19.1,8247.3,207.23,665,1.70,3.23,98.0,7.2,7.9,7.6,0,0.70,""
23000105,hull_strider,legs,turret_gun,true,35292,15.7,2057,109,63,11.8,90.5,0.03,4,0.37,2.97,43.1,7.8,8.1,6.1,0,1.00,""
23000106,hull_strider,legs,turret_gun,true,14340,17.4,831,33,23,9.6,712.5,0.01,2,0.30,2.92,45.6,9.1,9.4,5.7,0,1.00,""
24000007,hull_strider,none,turret_missile,false,3653,0.0,37,34,31,2.4,6823.0,167.33,953,2.16,2.33,0.0,2.7,2.5,2.2,0,1.00,"no locomotion"
24000008,hull_strider,none,turret_gun,false,63582,0.0,1790,69,63,17.5,171.2,0.35,21,1.30,3.13,0.0,8.4,8.0,6.7,0,1.00,"no locomotion"
24000009,hull_strider,none,turret_gun,false,13555,0.0,383,117,91,3.6,67.9,0.02,4,0.39,2.33,0.0,4.1,3.7,2.1,0,1.00,"no locomotion"
24000010,hull_strider,none,turret_gun,false,148665,0.0,2933,100,80,35.1,931.0,0.03,5,0.45,2.87,0.0,11.2,10.5,4.6,0,1.00,"no locomotion"
24000011,hull_strider,none,turret_gun,false,42167,0.0,349,61,46,17.5,155.3,0.00,0,0.30,3.17,0.0,7.5,6.6,6.8,0,1.00,"no locomotion"
24000012,hull_strider,none,turret_gun,false,71061,0.0,1814,83,77,18.2,75.0,0.10,11,0.85,3.10,0.0,9.3,8.1,6.4,0,1.00,"no locomotion"
24000013,hull_strider,none,turret_beam,false,1759,0.0,30,22,19,0.9,11.4,3.56,0,0.35,2.07,0.0,1.6,1.3,1.1,0,1.00,"no locomotion"
24000014,hull_strider,none,turret_beam,false,17220,0.0,340,74,71,5.3,126.6,14.98,7,1.01,2.59,0.0,4.0,3.7,3.3,0,1.00,"no locomotion"
24000015,hull_strider,none,turret_gun,false,8436,0.0,148,91,71,2.7,126.2,0.00,0,0.30,2.50,0.0,4.1,3.7,2.9,0,1.00,"no locomotion"
24000016,hull_strider,none,turret_missile,false,1352,0.0,44,25,18,0.9,546.0,11.18,252,4.65,2.12,0.0,1.6,1.5,1.4,0,0.70,"no locomotion"
24000017,hull_strider,none,turret_gun,false,43661,0.0,273,36,34,19.5,84.5,0.02,3,0.33,3.18,0.0,8.9,8.0,7.0,0,1.00,"no locomotion"
24000018,hull_strider,none,turret_gun,false,126307,0.0,2822,86,85,32.8,203.2,0.42,24,1.24,3.00,0.0,9.7,8.9,5.4,0,1.00,"no locomotion"
24000019,hull_strider,none,turret_beam,false,24398,0.0,601,67,58,7.4,49.3,0.09,0,2.94,2.92,0.0,6.6,5.3,5.4,0,1.00,"no locomotion"
24000020,hull_strider,none,turret_gun,false,11335,0.0,174,98,67,4.5,13.6,0.00,1,0.30,2.66,0.0,3.8,3.5,3.7,0,1.00,"no locomotion"
24000021,hull_strider,none,turret_missile,false,11055,0.0,74,110,89,2.8,187.6,2.96,227,7.01,2.37,0.0,4.2,3.6,2.3,0,1.00,"no locomotion"
24000022,hull_strider,none,turret_missile,false,334176,0.0,3341,151,115,54.5,1474.4,28.69,381,2.86,3.60,0.0,16.3,14.5,10.4,0,1.00,"no locomotion"
24000023,hull_strider,none,turret_gun,false,24414,0.0,556,119,109,5.9,282.0,0.20,19,0.72,2.55,0.0,4.5,3.9,3.1,0,1.00,"no locomotion"
24000024,hull_strider,none,turret_beam,false,190315,0.0,1348,42,36,66.5,30.6,0.05,0,6.00,3.82,0.0,15.7,13.5,12.4,0,1.00,"no locomotion"
24000025,hull_strider,none,none,false,5592,0.0,46,152,115,1.4,0.0,0.00,0,0.00,2.22,0.0,2.6,2.3,1.7,0,1.00,"no locomotion"
24000026,hull_strider,none,turret_gun,false,45089,0.0,338,29,25,21.2,173.5,0.25,21,0.75,3.01,0.0,10.2,8.9,5.7,0,1.00,"no locomotion"
24000027,hull_strider,none,turret_gun,false,345242,0.0,4042,71,71,78.5,69.7,0.03,5,0.39,3.84,0.0,17.5,16.4,12.6,0,1.00,"no locomotion"
24000028,hull_strider,none,turret_missile,false,5434,0.0,46,16,15,6.0,2901.0,71.09,439,3.68,2.72,0.0,4.0,3.7,4.0,0,1.00,"no locomotion"
24000029,hull_strider,none,turret_missile,false,5032,0.0,66,60,56,2.4,7783.4,179.67,734,0.94,2.34,0.0,2.5,2.2,2.1,0,1.00,"no locomotion"
24000030,hull_strider,none,turret_missile,false,638991,0.0,9848,137,119,81.4,196.9,2.58,326,1.70,2.98,0.0,24.6,22.1,5.3,0,1.00,"no locomotion"
24000031,hull_strider,none,turret_gun,false,700796,0.0,6856,124,124,83.2,44.2,0.01,1,0.30,3.62,0.0,24.2,23.1,10.6,0,1.00,"no locomotion"
24000032,hull_strider,none,turret_beam,false,96154,0.0,1113,107,78,23.1,33.1,0.08,0,3.92,3.17,0.0,10.4,9.3,6.9,0,1.00,"no locomotion"
24000033,hull_strider,none,turret_gun,false,15576,0.0,384,111,108,4.3,33.7,0.01,2,0.30,2.52,0.0,3.8,3.3,3.0,0,1.00,"no locomotion"
24000034,hull_strider,none,turret_beam,false,4145,0.0,291,60,53,1.6,23.3,2.52,0,0.59,2.21,0.0,2.5,2.2,1.7,0,0.70,"no locomotion"
24000035,hull_strider,none,turret_beam,false,221932,0.0,2988,31,31,64.4,1174.7,739.09,1758,2.58,3.55,0.0,14.8,12.9,9.9,0,1.00,"no locomotion"
24000036,hull_strider,none,turret_missile,false,11359,0.0,286,20,19,8.5,796.4,14.71,397,6.35,2.78,0.0,6.1,5.3,4.3,0,1.00,"no locomotion"
24000037,hull_strider,none,turret_gun,false,176096,0.0,2353,37,32,63.3,28.8,0.01,3,0.48,3.19,0.0,16.2,14.2,6.7,0,1.00,"no locomotion"
24000038,hull_strider,none,turret_beam,false,29437,0.0,320,101,71,8.9,126.0,9.14,11,1.67,2.90,0.0,5.8,5.0,5.1,0,1.00,"no locomotion"
24000039,hull_strider,none,turret_missile,false,13591,0.0,129,75,69,4.9,10854.0,316.13,691,2.77,2.57,0.0,4.6,4.3,3.3,0,1.00,"no locomotion"
24000040,hull_strider,none,turret_beam,false,185440,0.0,1342,42,39,41.0,497.6,242.97,2762,8.94,3.23,0.0,15.1,13.3,7.3,0,1.00,"no locomotion"
24000041,hull_strider,none,turret_missile,false,4516,0.0,79,11,11,2.0,16342.8,471.54,808,1.35,2.23,0.0,2.0,1.9,1.7,0,1.00,"no locomotion"
24000042,hull_strider,none,turret_missile,false,14900,0.0,279,106,94,4.2,3239.5,74.87,438,1.14,2.65,0.0,4.4,3.5,3.7,0,1.00,"no locomotion"
24000043,hull_strider,none,turret_missile,false,446295,0.0,11603,74,64,80.4,482.0,8.71,254,3.91,3.00,0.0,24.3,21.8,5.4,0,1.00,"no locomotion"
24000044,hull_strider,none,turret_gun,false,38669,0.0,291,14,12,29.3,323.0,0.14,15,0.65,3.00,0.0,9.5,8.4,5.4,0,1.00,"no locomotion"
24000045,hull_strider,none,turret_missile,false,755210,0.0,23049,53,46,161.1,1210.5,21.38,479,2.58,4.60,0.0,24.8,23.6,21.3,0,1.00,"no locomotion"
24000046,hull_strider,none,none,false,1243,0.0,35,104,86,0.4,0.0,0.00,0,0.00,2.05,0.0,1.4,1.3,1.1,0,1.00,"no locomotion"
24000047,hull_strider,none,turret_beam,false,400450,0.0,6353,24,24,131.1,31.9,0.08,1,13.80,3.54,0.0,23.9,21.6,9.3,0,1.00,"no locomotion"
24000048,hull_strider,none,turret_beam,false,21150,0.0,393,39,37,5.7,153.5,57.20,35,1.14,2.44,0.0,4.1,3.7,2.6,0,1.00,"no locomotion"
24000049,hull_strider,none,none,false,4764,0.0,60,58,42,2.6,0.0,0.00,0,0.00,2.47,0.0,3.0,2.7,2.7,0,1.00,"no locomotion"
24000050,hull_strider,none,turret_beam,false,42302,0.0,448,72,71,11.4,176.7,33.07,42,1.74,2.61,0.0,6.6,6.3,3.3,0,1.00,"no locomotion"
24000051,hull_strider,none,none,false,6900,0.0,263,113,103,2.1,0.0,0.00,0,0.00,2.37,0.0,2.5,2.4,2.3,0,1.00,"no locomotion"
24000052,hull_strider,none,turret_gun,false,214916,0.0,2372,123,88,47.8,305.0,0.43,30,0.89,3.71,0.0,13.6,12.6,11.4,0,1.00,"no locomotion"
24000053,hull_strider,none,turret_gun,false,6861,0.0,67,73,67,2.8,1116.1,0.04,6,0.55,2.54,0.0,3.1,2.4,3.1,0,1.00,"no locomotion"
24000054,hull_strider,none,turret_beam,false,186939,0.0,1661,114,114,31.9,656.5,31.21,81,2.75,3.45,0.0,12.1,11.2,9.1,0,1.00,"no locomotion"
24000055,hull_strider,none,turret_gun,false,3424,0.0,70,121,114,1.0,88.6,0.02,4,0.35,2.15,0.0,2.1,1.8,1.4,0,1.00,"no locomotion"
24000056,hull_strider,none,turret_gun,false,2930,0.0,42,22,17,2.3,1512.4,0.09,10,0.61,2.53,0.0,3.4,2.4,3.1,0,1.00,"no locomotion"
24000057,hull_strider,none,turret_beam,false,42405,0.0,808,156,104,8.5,140.9,0.27,0,1.73,2.75,0.0,6.4,5.8,4.2,0,1.00,"no locomotion"
24000058,hull_strider,none,turret_missile,false,58801,0.0,563,63,62,16.0,5859.1,130.43,740,1.45,3.10,0.0,9.5,8.7,6.5,0,1.00,"no locomotion"
24000059,hull_strider,none,none,false,3598,0.0,133,120,98,1.2,0.0,0.00,0,0.00,2.24,0.0,2.1,1.9,1.8,0,1.00,"no locomotion"
24000060,hull_strider,none,turret_missile,false,224138,0.0,5584,64,64,55.0,19250.7,591.54,904,3.02,3.64,0.0,16.7,14.6,10.7,0,1.00,"no locomotion"
24000061,hull_strider,none,turret_beam,false,75542,0.0,769,100,81,17.9,224.2,18.98,149,6.28,3.02,0.0,8.3,7.8,5.9,0,1.00,"no locomotion"
24000062,hull_strider,none,turret_gun,false,66941,0.0,445,62,52,20.5,72.3,0.02,4,0.46,3.36,0.0,10.8,9.5,8.5,0,1.00,"no locomotion"
24000063,hull_strider,none,turret_gun,false,9669,0.0,163,40,26,4.4,534.0,1.01,45,1.28,2.71,0.0,5.4,3.7,4.1,0,1.00,"no locomotion"
24000064,hull_strider,none,turret_gun,false,2025,0.0,25,48,28,1.4,66.2,0.03,5,0.52,2.23,0.0,2.5,2.2,1.7,0,1.00,"no locomotion"
24000065,hull_strider,none,turret_gun,false,7727,0.0,63,169,99,1.9,231.6,0.08,10,0.51,2.30,0.0,3.1,2.4,2.0,0,1.00,"no locomotion"
24000066,hull_strider,none,turret_gun,false,4155,0.0,47,70,41,2.0,1316.3,0.05,8,0.57,2.43,0.0,2.6,2.1,2.6,0,1.00,"no locomotion"
24000067,hull_strider,none,turret_missile,false,51818,0.0,755,107,85,13.5,697.4,12.53,293,3.26,3.27,0.0,7.3,6.6,7.8,0,1.00,"no locomotion"
24000068,hull_strider,none,turret_gun,false,3565,0.0,74,109,95,1.0,139.5,0.08,10,0.58,2.09,0.0,2.2,1.7,1.2,0,1.00,"no locomotion"
24000069,hull_strider,none,turret_gun,false,5317,0.0,57,163,84,1.3,1941.1,0.10,11,0.54,2.21,0.0,3.2,1.7,1.6,0,1.00,"no locomotion"
24000070,hull_strider,none,turret_beam,false,997207,0.0,7657,122,122,112.9,3026.4,35.21,584,13.89,4.40,0.0,30.4,27.2,19.2,0,1.00,"no locomotion"
24000071,hull_strider,none,turret_gun,false,90536,0.0,2351,110,102,16.9,32.0,0.01,1,0.30,2.97,0.0,9.3,8.9,5.6,0,1.00,"no locomotion"
24000072,hull_strider,none,turret_missile,false,40034,0.0,285,85,85,10.3,2479.3,54.59,422,2.33,2.90,0.0,6.9,6.0,5.1,0,1.00,"no locomotion"
24000073,hull_strider,none,turret_missile,false,4672,0.0,52,32,22,3.7,321.7,4.91,265,3.54,2.55,0.0,3.3,2.9,3.1,0,1.00,"no locomotion"
24000074,hull_strider,none,turret_beam,false,1640,0.0,16,38,33,1.0,6.0,1.87,0,0.45,2.11,0.0,1.5,1.3,1.3,0,1.00,"no locomotion"
24000075,hull_strider,none,turret_beam,false,26042,0.0,600,33,33,13.3,37.9,0.06,0,3.23,3.25,0.0,8.4,5.9,7.6,0,1.00,"no locomotion"
24000076,hull_strider,none,turret_gun,false,1400,0.0,21,88,74,0.6,51.8,0.01,2,0.30,2.05,0.0,1.5,1.3,1.1,0,1.00,"no locomotion"
24000077,hull_strider,none,turret_gun,false,279289,0.0,7258,120,85,58.4,255.5,0.34,26,0.89,3.89,0.0,15.2,13.2,13.3,0,1.00,"no locomotion"
24000078,hull_strider,none,turret_gun,false,38188,0.0,250,103,71,11.8,176.2,0.28,20,1.05,2.93,0.0,6.2,5.6,5.3,0,1.00,"no locomotion"
24000079,hull_strider,none,turret_beam,false,787770,0.0,10795,133,133,93.8,142.2,0.49,5,8.13,3.96,0.0,25.3,23.2,13.9,0,1.00,"no locomotion"
24000080,hull_strider,none,turret_gun,false,37326,0.0,800,157,117,8.0,567.4,0.01,2,0.30,2.81,0.0,5.8,5.1,4.6,0,1.00,"no locomotion"
24000081,hull_strider,none,turret_gun,false,15583,0.0,115,96,95,5.1,638.4,1.13,49,1.26,2.56,0.0,5.3,3.0,3.1,0,1.00,"no locomotion"
24000082,hull_strider,none,turret_beam,false,683497,0.0,15450,95,95,117.7,149.5,0.47,3,5.44,4.15,0.0,22.4,19.6,15.7,0,1.00,"no locomotion"
24000083,hull_strider,none,turret_missile,false,44570,0.0,733,78,67,13.5,1117.5,22.37,302,1.23,3.08,0.0,7.3,6.7,6.3,0,1.00,"no locomotion"
24000084,hull_strider,none,turret_gun,false,13165,0.0,706,58,45,5.0,333.0,0.63,32,1.28,2.63,0.0,4.7,4.2,3.6,0,1.00,"no locomotion"
24000085,hull_strider,none,turret_gun,false,50050,0.0,1027,55,54,18.9,408.6,0.68,37,1.15,2.83,0.0,7.7,7.0,4.5,0,1.00,"no locomotion"
24000086,hull_strider,none,turret_beam,false,6618,0.0,64,87,20,2.4,23.2,10.85,2,0.57,2.30,0.0,2.1,1.8,2.0,0,1.00,"no locomotion"
24000087,hull_strider,none,turret_missile,false,976,0.0,14,30,30,0.6,886.2,17.02,285,0.98,2.02,0.0,1.0,0.8,1.0,0,1.00,"no locomotion"
24000088,hull_strider,none,turret_gun,false,70343,0.0,2082,122,75,18.3,167.4,0.24,20,0.84,2.81,0.0,7.9,6.8,4.3,0,1.00,"no locomotion"
24000089,hull_strider,none,turret_gun,false,350198,0.0,8846,91,91,60.9,292.1,0.01,2,0.31,2.97,0.0,18.4,16.1,5.1,0,1.00,"no locomotion"
24000090,hull_strider,none,turret_gun,false,12532,0.0,300,69,40,5.4,516.7,0.90,43,1.22,2.58,0.0,5.0,3.5,3.2,0,1.00,"no locomotion"
24000091,hull_strider,none,turret_gun,false,118039,0.0,749,123,123,18.9,14.8,0.00,1,0.30,2.87,0.0,11.0,10.3,4.9,0,1.00,"no locomotion"
24000092,hull_strider,none,turret_gun,false,12988,0.0,164,89,81,3.7,90.9,0.04,6,0.60,2.20,0.0,4.0,3.8,1.5,0,1.00,"no locomotion"
24000093,hull_strider,none,none,false,1054,0.0,17,54,53,0.6,0.0,0.00,0,0.00,2.15,0.0,1.4,1.3,1.4,0,1.00,"no locomotion"
24000094,hull_strider,none,turret_gun,false,8639,0.0,120,45,29,4.1,13.7,0.00,0,0.30,2.36,0.0,4.1,3.5,2.2,0,1.00,"no locomotion"
24000095,hull_strider,none,turret_gun,false,431305,0.0,5027,31,31,106.9,875.9,0.02,3,0.32,3.92,0.0,29.9,27.2,13.6,0,1.00,"no locomotion"
24000096,hull_strider,none,turret_beam,false,4086,0.0,59,62,59,1.6,23.0,1.66,1,1.11,2.21,0.0,2.7,2.5,1.6,0,1.00,"no locomotion"
24000097,hull_strider,none,none,false,152,0.0,5,19,13,0.3,0.0,0.00,0,0.00,1.99,0.0,0.9,0.8,0.9,0,1.00,"no locomotion"
24000098,hull_strider,none,turret_gun,false,14877,0.0,173,121,72,4.0,204.6,0.31,23,0.90,2.30,0.0,4.4,3.6,1.9,0,1.00,"no locomotion"
24000099,hull_strider,none,turret_missile,false,9670,0.0,1022,80,62,3.6,2536.4,56.37,599,4.98,2.40,0.0,3.0,2.8,2.4,0,1.00,"no locomotion"
24000100,hull_strider,none,turret_gun,false,16380,0.0,386,36,30,8.6,236.7,0.38,25,1.07,2.99,0.0,6.2,4.1,5.8,0,1.00,"no locomotion"
24000101,hull_strider,none,turret_beam,false,46594,0.0,920,95,95,10.5,31.4,0.10,1,5.02,3.05,0.0,6.2,5.4,6.1,0,1.00,"no locomotion"
24000102,hull_strider,none,turret_missile,false,81316,0.0,1091,21,18,39.8,246.9,3.99,286,6.38,3.29,0.0,13.3,11.7,7.6,0,1.00,"no locomotion"
24000103,hull_strider,none,none,false,387,0.0,9,25,19,0.4,0.0,0.00,0,0.00,2.02,0.0,1.4,1.3,1.0,0,1.00,"no locomotion"
24000104,hull_strider,none,turret_gun,false,40704,0.0,814,45,36,19.9,44.5,0.06,8,0.83,3.23,0.0,7.1,6.3,7.3,0,1.00,"no locomotion"
24000105,hull_strider,none,turret_gun,false,2059,0.0,16,118,79,0.7,98.6,0.03,5,0.42,2.03,0.0,2.0,1.1,1.0,0,1.00,"no locomotion"
24000106,hull_strider,none,turret_gun,false,72960,0.0,883,27,24,33.1,1409.1,0.05,7,0.44,3.41,0.0,12.8,11.4,8.8,0,1.00,"no locomotion"
25000007,hull_strider,hover,turret_gun,false,3110,66.9,500,5,4,5.7,291.5,0.45,31,0.91,2.48,8.4,4.7,2.8,3.1,442,0.08,"overloaded: 3110 kg on running gear rated 2974 kg"
25000008,hull_strider,hover,turret_beam,false,724,54.6,228,7,6,1.1,3.0,0.53,0,0.91,2.12,13.9,1.7,1.1,1.6,219,0.08,"overloaded: 724 kg on running gear rated 416 kg"
25000009,hull_strider,hover,none,true,866,77.6,152,14,10,1.4,0.0,0.00,0,0.00,2.12,7.6,2.1,1.6,1.6,133,0.12,""
25000010,hull_strider,hover,turret_missile,true,3596,56.9,526,5,5,7.8,13069.0,370.70,773,2.41,2.68,7.1,3.6,3.3,4.2,467,0.08,""
25000011,hull_strider,hover,turret_gun,true,1027,66.3,149,13,13,1.7,30.5,0.01,1,0.30,2.25,6.0,2.4,1.9,2.1,130,0.12,""
25000012,hull_strider,hover,turret_missile,false,951,72.6,279,8,7,2.1,175.2,2.86,428,4.72,2.29,9.8,1.8,1.4,2.3,256,0.08,"overloaded: 951 kg on running gear rated 773 kg"
25000013,hull_strider,hover,none,false,520,43.9,159,6,6,1.1,0.0,0.00,0,0.00,2.21,10.6,1.5,1.0,1.9,154,0.08,"overloaded: 520 kg on running gear rated 394 kg"
25000014,hull_strider,hover,turret_missile,true,3023,80.2,434,5,5,4.5,8018.8,182.96,792,0.72,2.59,7.4,3.7,3.0,3.7,333,0.12,""
25000015,hull_strider,hover,turret_missile,false,73806,121.0,6855,10,8,50.7,2437.1,45.38,657,0.67,3.58,11.9,12.9,11.6,11.0,4180,0.08,"overloaded: 73806 kg on running gear rated 49804 kg"
25000016,hull_strider,hover,turret_missile,true,11350,77.0,1053,10,9,11.1,10905.5,288.27,963,3.27,2.75,7.3,6.5,5.8,4.7,753,0.17,""
25000017,hull_strider,hover,none,false,2350,55.9,398,6,6,4.6,0.0,0.00,0,0.00,2.70,8.2,3.8,2.5,4.4,361,0.08,"overloaded: 2350 kg on running gear rated 2282 kg"
25000018,hull_strider,hover,turret_beam,false,20560,77.0,2435,6,6,21.4,146.6,15.13,67,4.00,3.21,12.8,6.8,5.9,7.8,2057,0.08,"overloaded: 20560 kg on running gear rated 12836 kg"
25000019,hull_strider,hover,turret_gun,true,7303,81.3,893,7,7,11.9,120.9,0.04,6,0.42,2.85,7.6,5.2,4.5,5.3,708,0.08,""
25000020,hull_strider,hover,turret_missile,false,675,78.9,176,5,5,1.2,643.9,12.72,270,4.16,2.12,10.0,1.7,1.2,1.6,154,0.08,"overloaded: 675 kg on running gear rated 541 kg"
25000021,hull_strider,hover,none,true,1034,69.3,230,6,6,2.8,0.0,0.00,0,0.00,2.26,7.0,2.2,1.8,2.1,206,0.08,""
25000022,hull_strider,hover,turret_beam,false,10109,77.0,2373,5,5,9.1,148.9,43.12,154,3.40,2.71,20.5,4.3,3.3,4.4,1985,0.08,"overloaded: 10109 kg on running gear rated 3948 kg"
25000023,hull_strider,hover,none,true,4051,77.0,542,16,16,5.5,0.0,0.00,0,0.00,2.47,7.2,3.9,3.5,3.1,440,0.35,""
25000024,hull_strider,hover,turret_gun,false,11799,46.0,1415,6,6,17.4,27.4,0.01,1,0.30,3.10,10.1,5.9,5.0,7.1,1291,0.08,"overloaded: 11799 kg on running gear rated 9375 kg"
25000025,hull_strider,hover,turret_gun,false,2165,77.0,373,9,8,2.6,290.4,0.11,12,0.57,2.43,8.1,3.7,2.4,2.9,242,0.08,"overloaded: 2165 kg on running gear rated 2146 kg"
25000026,hull_strider,hover,turret_gun,true,5648,53.6,645,12,12,7.7,72.0,0.02,3,0.34,2.65,7.8,4.1,3.9,4.1,588,0.12,""
25000027,hull_strider,hover,none,false,437,60.5,149,7,7,0.8,0.0,0.00,0,0.00,2.14,10.8,1.4,0.9,1.7,142,0.08,"overloaded: 437 kg on running gear rated 323 kg"
25000028,hull_strider,hover,turret_gun,true,1052,81.4,211,8,7,2.1,608.0,0.02,3,0.33,2.34,7.7,2.1,1.7,2.5,180,0.08,""
25000029,hull_strider,hover,turret_beam,false,1624,88.7,326,7,6,2.6,18.8,0.37,1,3.01,2.38,9.0,2.6,2.0,2.7,276,0.08,"overloaded: 1624 kg on running gear rated 1446 kg"
25000030,hull_strider,hover,turret_gun,false,5902,71.8,977,8,4,9.5,54.6,0.05,7,0.68,2.82,11.0,3.7,3.4,5.1,850,0.08,"overloaded: 5902 kg on running gear rated 4311 kg"
25000031,hull_strider,hover,turret_missile,false,1127,64.2,258,4,4,2.5,8848.2,225.47,779,2.60,2.38,10.3,2.1,1.5,2.7,234,0.08,"overloaded: 1127 kg on running gear rated 877 kg"
25000032,hull_strider,hover,turret_gun,false,18388,93.2,2379,10,7,19.0,47.6,0.02,4,0.42,3.18,9.6,7.4,6.4,7.6,1510,0.08,"overloaded: 18388 kg on running gear rated 15367 kg"
25000033,hull_strider,hover,turret_beam,false,1433,85.9,389,6,4,2.7,17.4,3.10,0,0.35,2.44,10.7,2.1,1.7,2.9,341,0.08,"overloaded: 1433 kg on running gear rated 1067 kg"
25000034,hull_strider,hover,turret_gun,false,18684,103.3,1883,7,7,20.4,32.6,0.01,2,0.42,3.00,8.4,7.7,6.9,6.3,1256,0.08,"overloaded: 18684 kg on running gear rated 17769 kg"
25000035,hull_strider,hover,turret_gun,true,6941,90.4,802,12,10,9.2,84.7,0.03,5,0.41,2.66,6.9,5.3,4.7,4.1,613,0.35,""
25000036,hull_strider,hover,turret_gun,false,19836,101.8,2286,7,7,21.9,35.5,0.01,1,0.30,3.15,10.4,7.0,6.4,7.4,1640,0.08,"overloaded: 19836 kg on running gear rated 15222 kg"
25000037,hull_strider,hover,turret_missile,false,34943,50.0,2221,10,9,23.7,845.9,14.92,328,2.87,3.10,9.0,10.1,9.1,7.0,1928,0.08,"overloaded: 34943 kg on running gear rated 31153 kg"
25000038,hull_strider,hover,none,true,692,65.5,167,11,11,1.4,0.0,0.00,0,0.00,2.20,7.6,1.8,1.4,1.9,155,0.17,""
25000039,hull_strider,hover,turret_gun,false,737,75.3,277,7,7,1.1,29.1,0.01,2,0.42,2.11,16.7,1.4,1.4,1.6,262,0.08,"overloaded: 737 kg on running gear rated 353 kg"
25000040,hull_strider,hover,turret_missile,false,5039,98.5,724,7,6,6.5,1141.1,19.10,374,1.13,2.82,8.8,5.0,3.5,5.1,549,0.08,"overloaded: 5039 kg on running gear rated 4582 kg"
25000041,hull_strider,hover,turret_gun,true,5552,90.4,710,11,6,7.5,242.7,0.21,19,0.74,2.45,7.9,4.3,3.9,3.0,548,0.12,""
25000042,hull_strider,hover,turret_missile,false,1130,56.8,233,5,5,2.2,2168.5,42.39,656,2.33,2.29,8.7,2.1,1.7,2.3,217,0.08,"overloaded: 1130 kg on running gear rated 1040 kg"
25000043,hull_strider,hover,turret_beam,true,5444,53.1,629,7,6,8.4,22.0,1.41,4,2.73,2.75,7.9,4.2,3.8,4.7,569,0.08,""
25000044,hull_strider,hover,turret_missile,false,1354,76.0,358,6,6,2.4,389.4,7.16,237,4.66,2.41,11.3,2.1,1.6,2.8,317,0.08,"overloaded: 1354 kg on running gear rated 959 kg"
25000045,hull_strider,hover,none,false,428,92.5,163,7,6,0.8,0.0,0.00,0,0.00,2.12,12.2,1.4,0.9,1.6,147,0.08,"overloaded: 428 kg on running gear rated 280 kg"
25000046,hull_strider,hover,none,true,708,77.0,185,7,7,1.8,0.0,0.00,0,0.00,2.21,7.8,1.8,1.4,1.9,165,0.17,""
25000047,hull_strider,hover,turret_missile,false,2581,95.4,1215,8,7,3.1,706.6,10.69,353,1.08,2.23,8.0,2.9,2.6,2.0,274,0.08,"overloaded: 2581 kg on running gear rated 2572 kg"
25000048,hull_strider,hover,none,false,395,92.5,174,7,7,0.7,0.0,0.00,0,0.00,2.14,12.7,1.3,0.8,1.7,160,0.08,"overloaded: 395 kg on running gear rated 248 kg"
25000049,hull_strider,hover,turret_gun,false,14741,65.2,1562,7,6,19.3,25.9,0.00,1,0.30,3.02,9.4,6.6,5.8,6.4,1352,0.08,"overloaded: 14741 kg on running gear rated 12543 kg"
25000050,hull_strider,hover,turret_missile,false,1245,93.1,230,5,5,2.0,4096.3,85.36,553,1.07,2.14,8.5,2.1,1.8,1.7,185,0.08,"overloaded: 1245 kg on running gear rated 1175 kg"
25000051,hull_strider,hover,turret_missile,false,952,65.8,183,4,5,2.0,4951.1,110.66,569,1.38,2.28,8.5,2.1,1.6,2.2,161,0.08,"overloaded: 952 kg on running gear rated 894 kg"
25000052,hull_strider,hover,turret_gun,true,3880,67.2,574,7,6,6.6,15.5,0.00,0,0.30,2.56,7.9,3.7,3.3,3.5,506,0.35,""
25000053,hull_strider,hover,turret_gun,false,923,98.6,261,8,7,1.4,19.1,0.00,1,0.30,2.13,12.0,1.8,1.4,1.6,226,0.08,"overloaded: 923 kg on running gear rated 614 kg"
25000054,hull_strider,hover,none,false,409,77.0,177,7,7,0.7,0.0,0.00,0,0.00,2.13,13.5,1.3,0.8,1.6,167,0.08,"overloaded: 409 kg on running gear rated 243 kg"
25000055,hull_strider,hover,turret_missile,false,22456,99.0,2293,10,8,23.4,2199.6,48.75,708,5.76,3.31,8.3,8.7,7.6,8.7,1613,0.08,"overloaded: 22456 kg on running gear rated 21718 kg"
25000056,hull_strider,hover,turret_missile,false,123584,77.0,8145,11,11,72.4,17794.5,509.67,934,2.31,3.65,11.7,15.9,15.0,11.7,5421,0.08,"overloaded: 123584 kg on running gear rated 84198 kg"
25000057,hull_strider,hover,turret_gun,false,15819,77.0,2520,10,8,13.5,116.9,0.05,8,0.54,2.79,8.9,6.7,6.2,4.9,1024,0.08,"overloaded: 15819 kg on running gear rated 14255 kg"
25000058,hull_strider,hover,turret_gun,true,4814,77.0,558,9,8,6.1,7.9,0.00,0,0.30,2.45,7.3,4.3,3.8,3.0,422,0.12,""
25000059,hull_strider,hover,turret_beam,false,9902,62.3,981,9,7,11.5,47.5,4.68,7,1.89,2.81,8.2,5.8,5.1,5.0,846,0.08,"overloaded: 9902 kg on running gear rated 9631 kg"
25000060,hull_strider,hover,turret_missile,true,8736,77.0,992,12,12,9.4,15531.9,412.61,960,1.27,2.55,7.9,5.2,4.9,3.5,694,0.25,""
25000061,hull_strider,hover,turret_missile,false,53408,81.4,3797,9,9,38.5,11851.7,315.50,989,2.93,3.41,9.6,12.6,10.9,9.6,2875,0.08,"overloaded: 53408 kg on running gear rated 44616 kg"
25000062,hull_strider,hover,turret_gun,false,60686,94.6,5132,13,8,35.1,32.6,0.01,1,0.30,3.42,13.4,10.9,9.9,9.7,3905,0.08,"overloaded: 60686 kg on running gear rated 36226 kg"
25000063,hull_strider,hover,turret_beam,false,1271,45.1,274,7,7,2.6,4.3,1.40,1,0.98,2.37,8.6,2.3,1.8,2.6,261,0.08,"overloaded: 1271 kg on running gear rated 1182 kg"
25000064,hull_strider,hover,turret_gun,true,2395,63.3,373,7,6,4.0,798.1,0.02,3,0.34,2.44,8.0,3.0,2.5,3.0,336,0.12,""
25000065,hull_strider,hover,turret_gun,false,669,53.9,141,11,9,1.4,47.5,0.02,4,0.55,2.17,7.2,1.9,1.4,1.8,132,0.08,"engine 0.4 x 0.3 x 0.3 m does not fit the 0.7 x 0.3 x 0.7 m bay"
25000066,hull_strider,hover,turret_gun,false,22027,77.0,2129,8,7,22.0,301.5,0.12,13,0.70,3.09,9.9,7.3,6.9,6.9,1734,0.08,"overloaded: 22027 kg on running gear rated 17815 kg"
25000067,hull_strider,hover,none,false,4301,51.3,545,7,7,6.6,0.0,0.00,0,0.00,2.88,8.2,5.5,3.4,5.5,481,0.08,"overloaded: 4301 kg on running gear rated 4216 kg"
25000068,hull_strider,hover,turret_beam,true,13044,71.0,1051,9,8,13.3,75.3,10.08,24,2.57,2.56,7.6,6.7,6.1,3.6,860,0.25,""
25000069,hull_strider,hover,turret_missile,false,13644,64.4,1367,7,6,16.0,11517.8,285.61,907,1.21,3.07,9.0,6.2,5.7,6.8,1187,0.08,"overloaded: 13644 kg on running gear rated 12155 kg"
25000070,hull_strider,hover,turret_beam,false,35505,61.3,7547,3,3,19.1,131.4,211.34,900,3.86,2.94,33.5,5.8,4.8,5.9,7198,0.08,"overloaded: 35505 kg on running gear rated 8479 kg"
25000071,hull_strider,hover,turret_beam,false,537,52.9,152,7,5,0.9,2.3,0.89,0,0.37,2.14,10.7,1.7,1.0,1.7,145,0.08,"overloaded: 537 kg on running gear rated 401 kg"
25000072,hull_strider,hover,none,true,598,62.3,172,7,7,1.5,0.0,0.00,0,0.00,2.22,8.0,1.7,1.3,2.0,161,0.08,""
25000073,hull_strider,hover,turret_missile,true,13403,67.9,1163,10,10,14.5,1003.6,20.43,308,3.14,2.72,7.7,6.8,6.1,4.5,967,0.12,""
25000074,hull_strider,hover,none,false,736,52.8,145,7,7,1.3,0.0,0.00,0,0.00,2.17,8.1,1.8,1.4,1.8,136,0.08,"overloaded: 736 kg on running gear rated 726 kg"
25000075,hull_strider,hover,none,true,5390,81.5,761,7,7,8.7,0.0,0.00,0,0.00,2.85,7.9,4.5,3.8,5.3,628,0.12,""
25000076,hull_strider,hover,none,true,2130,59.0,338,20,20,3.0,0.0,0.00,0,0.00,2.34,7.9,2.8,2.4,2.5,312,0.25,""
25000077,hull_strider,hover,turret_missile,false,5614,55.5,861,6,6,9.6,2003.8,42.50,446,4.38,2.82,9.3,4.2,3.6,5.1,789,0.08,"overloaded: 5614 kg on running gear rated 4819 kg"
25000078,hull_strider,hover,turret_beam,false,751,92.1,267,4,3,1.0,8.3,1.76,0,0.35,2.11,15.6,1.7,1.0,1.6,245,0.08,"overloaded: 751 kg on running gear rated 384 kg"
25000079,hull_strider,hover,none,false,751,57.5,254,7,6,1.2,0.0,0.00,0,0.00,2.12,15.1,1.5,1.4,1.6,245,0.08,"overloaded: 751 kg on running gear rated 399 kg"
25000080,hull_strider,hover,none,false,791,56.5,269,6,6,1.3,0.0,0.00,0,0.00,2.14,15.1,1.6,1.4,1.7,260,0.08,"overloaded: 791 kg on running gear rated 419 kg"
25000081,hull_strider,hover,none,false,1075,76.7,302,8,7,1.6,0.0,0.00,0,0.00,2.12,8.4,2.0,1.7,1.6,165,0.08,"overloaded: 1075 kg on running gear rated 1023 kg"
25000082,hull_strider,hover,none,false,966,82.5,247,7,7,2.1,0.0,0.00,0,0.00,2.22,8.6,2.1,1.6,2.0,219,0.08,"overloaded: 966 kg on running gear rated 898 kg"
25000083,hull_strider,hover,turret_gun,false,893,77.9,265,9,6,1.4,143.4,0.06,8,0.48,2.14,12.8,2.6,1.2,1.7,244,0.08,"overloaded: 893 kg on running gear rated 560 kg"
25000084,hull_strider,hover,turret_beam,false,53676,52.9,2765,11,11,34.5,167.3,0.82,6,6.35,2.85,8.8,12.2,11.5,5.3,2345,0.08,"overloaded: 53676 kg on running gear rated 48896 kg"
25000085,hull_strider,hover,turret_missile,false,856,65.4,281,5,5,1.7,997.0,20.19,291,1.58,2.23,12.5,1.7,1.2,2.0,259,0.08,"overloaded: 856 kg on running gear rated 548 kg"
25000086,hull_strider,hover,turret_gun,true,458,43.2,101,7,7,0.9,103.7,0.04,6,0.53,2.15,7.8,1.8,1.1,1.7,97,0.08,""
25000087,hull_strider,hover,turret_gun,false,6060,50.8,779,7,7,8.1,122.2,0.04,6,0.42,2.89,8.8,5.1,3.9,5.5,699,0.08,"overloaded: 6060 kg on running gear rated 5537 kg"
25000088,hull_strider,hover,turret_missile,true,9145,72.4,861,9,8,11.4,2426.6,48.96,741,1.36,2.96,7.5,5.8,5.1,6.0,699,0.08,""
25000089,hull_strider,hover,turret_missile,true,4981,91.4,691,16,14,6.9,503.4,8.76,295,5.37,2.61,7.8,4.2,3.7,3.9,540,0.17,""
25000090,hull_strider,hover,turret_missile,false,1988,57.4,563,4,5,3.0,2833.2,71.14,462,5.50,2.33,8.5,2.8,2.3,2.4,285,0.08,"overloaded: 1988 kg on running gear rated 1877 kg"
25000091,hull_strider,hover,turret_missile,true,2638,83.3,437,5,3,5.6,16509.9,490.88,856,2.98,2.52,7.8,3.0,2.7,3.3,348,0.08,""
25000092,hull_strider,hover,turret_gun,true,8408,84.0,948,16,8,9.5,52.1,0.02,4,0.49,2.79,7.2,5.3,5.0,4.9,602,0.25,""
25000093,hull_strider,hover,turret_missile,true,26838,69.3,1860,9,9,23.3,5352.3,119.48,801,1.76,3.25,7.8,9.0,8.6,8.2,1483,0.08,""
25000094,hull_strider,hover,turret_gun,false,28860,75.2,2617,9,7,30.4,1212.2,0.06,8,0.65,3.31,9.5,8.6,8.1,8.7,2123,0.08,"overloaded: 28860 kg on running gear rated 24388 kg"
25000095,hull_strider,hover,turret_missile,false,474,68.4,127,7,6,1.1,61.6,0.77,196,4.79,2.16,8.6,1.6,1.1,1.7,116,0.08,"overloaded: 474 kg on running gear rated 440 kg"
25000096,hull_strider,hover,turret_gun,true,4635,48.9,527,12,4,7.7,138.3,0.17,16,0.83,2.57,7.7,4.0,3.6,3.6,476,0.17,""
25000097,hull_strider,hover,turret_missile,false,5034,97.9,1010,7,6,7.3,525.3,11.40,567,10.16,2.75,10.1,3.8,3.3,4.6,766,0.08,"overloaded: 5034 kg on running gear rated 3996 kg"
25000098,hull_strider,hover,turret_beam,false,554,98.2,273,8,7,0.8,7.6,0.43,0,0.59,2.11,18.5,1.5,0.8,1.6,252,0.08,"overloaded: 554 kg on running gear rated 239 kg"
25000099,hull_strider,hover,turret_gun,true,7238,47.4,733,13,5,10.0,444.5,0.70,39,1.07,2.76,7.7,5.6,4.5,4.7,655,0.12,""
25000100,hull_strider,hover,turret_gun,false,26674,99.0,2384,10,9,23.5,49.8,0.02,3,0.35,3.10,8.1,9.4,8.4,7.0,1475,0.08,"overloaded: 26674 kg on running gear rated 26505 kg"
25000101,hull_strider,hover,turret_missile,false,1772,89.6,361,5,5,3.7,7303.8,191.89,658,3.94,2.47,8.5,2.6,2.1,3.1,291,0.08,"overloaded: 1772 kg on running gear rated 1666 kg"
25000102,hull_strider,hover,turret_gun,true,986,77.0,182,11,9,1.5,187.4,0.08,10,0.57,2.21,7.5,2.4,1.7,1.9,146,0.50,""
25000103,hull_strider,hover,none,true,1304,55.5,206,17,17,2.0,0.0,0.00,0,0.00,2.21,7.3,2.4,2.0,1.9,191,0.35,""
25000104,hull_strider,hover,none,false,551,78.5,249,7,7,1.0,0.0,0.00,0,0.00,2.15,15.4,1.3,1.1,1.7,236,0.08,"overloaded: 551 kg on running gear rated 286 kg"
25000105,hull_strider,hover,turret_missile,false,25663,47.7,2126,9,7,27.8,5308.4,141.33,559,4.07,3.20,9.1,8.4,7.8,7.8,1895,0.08,"overloaded: 25663 kg on running gear rated 22631 kg"
25000106,hull_strider,hover,turret_gun,true,39620,59.6,2345,14,10,29.6,11.6,0.00,0,0.30,2.60,7.6,11.4,10.6,3.8,1963,0.25,""
26000007,hull_strider,antigrav,none,false,4089,167.9,437,22,15,1.4,0.0,0.00,0,0.00,2.07,0.0,3.8,3.8,1.1,325,0.08,"engine 0.6 x 0.4 x 0.5 m does not fit the 0.9 x 0.4 x 0.9 m bay"
26000008,hull_strider,antigrav,turret_missile,false,11378,158.6,433,17,30,2.1,199.8,3.07,268,7.03,2.02,0.0,3.8,4.1,1.3,289,0.08,"engine 0.6 x 0.4 x 0.5 m does not fit the 0.7 x 0.2 x 0.7 m bay"
26000009,hull_strider,antigrav,turret_missile,true,33175,158.5,1010,115,112,7.8,1426.5,30.96,762,4.89,2.84,0.0,6.4,7.0,4.1,439,1.00,""
26000010,hull_strider,antigrav,none,true,3012,158.4,327,120,100,1.0,0.0,0.00,0,0.00,2.31,0.0,1.7,1.6,1.8,259,1.00,""
26000011,hull_strider,antigrav,turret_missile,true,777,90.0,16,31,16,0.6,579.0,10.35,529,4.73,2.10,0.0,1.2,1.0,1.3,7,1.00,""
26000012,hull_strider,antigrav,turret_missile,true,68936,210.9,3028,130,122,13.4,303.8,4.04,302,1.42,2.66,0.0,9.3,10.1,2.8,904,1.00,""
26000013,hull_strider,antigrav,turret_beam,true,102695,116.5,8412,19,19,34.7,370.9,12.13,82,5.52,3.67,0.0,15.1,15.6,7.4,7463,1.00,""
26000014,hull_strider,antigrav,turret_beam,false,11175,195.5,573,4,4,3.0,151.4,7.90,1,0.35,2.20,0.0,4.2,4.3,1.7,191,0.08,"engine 0.7 x 0.5 x 0.5 m does not fit the 0.9 x 0.4 x 0.9 m bay"
26000015,hull_strider,antigrav,turret_missile,true,14032,133.3,287,76,47,4.0,3239.7,61.33,580,0.63,2.60,0.0,5.1,3.3,3.3,123,1.00,""
26000016,hull_strider,antigrav,turret_gun,true,892,103.0,37,58,51,0.5,985.6,0.05,7,0.54,2.10,0.0,1.4,0.8,1.2,27,1.00,""
26000017,hull_strider,antigrav,turret_beam,true,3343,115.7,86,52,23,1.5,15.7,5.04,0,0.35,2.19,0.0,1.7,1.5,1.5,37,1.00,""
26000018,hull_strider,antigrav,turret_missile,true,554988,144.6,15421,49,43,124.8,5822.5,148.17,531,1.25,4.00,0.0,25.5,22.5,13.8,9016,0.50,""
26000019,hull_strider,antigrav,turret_missile,false,5635,125.0,532,11,8,2.9,7093.8,177.68,709,3.29,2.35,0.0,4.5,4.6,2.1,348,0.08,"engine 0.7 x 0.5 x 0.5 m does not fit the 1.2 x 0.5 x 1.2 m bay"
26000020,hull_strider,antigrav,turret_gun,true,26827,123.5,780,21,17,14.8,151.2,0.23,18,1.01,3.11,0.0,8.2,7.3,5.4,300,1.00,""
26000021,hull_strider,antigrav,turret_gun,true,39786,185.3,1448,103,73,10.2,244.6,0.15,15,0.69,2.65,0.0,8.0,8.6,2.8,350,1.00,""
26000022,hull_strider,antigrav,turret_gun,true,26889,138.7,1940,67,45,9.3,49.7,0.01,2,0.31,3.28,0.0,6.9,6.0,6.4,1506,1.00,""
26000023,hull_strider,antigrav,turret_missile,true,45240,108.3,2463,38,38,18.7,1891.8,39.66,375,1.43,3.31,0.0,7.6,6.8,6.4,1059,1.00,""
26000024,hull_strider,antigrav,turret_gun,true,37368,167.1,2274,81,50,11.8,264.5,0.49,29,1.11,3.01,0.0,8.9,9.6,5.6,1323,1.00,""
26000025,hull_strider,antigrav,turret_gun,true,55199,130.9,4158,104,66,12.5,695.3,0.03,5,0.49,2.61,0.0,10.4,7.1,2.6,3683,1.00,""
26000026,hull_strider,antigrav,turret_gun,true,43058,138.4,4152,43,36,14.3,131.6,0.09,11,0.55,3.06,0.0,9.7,10.0,6.2,3481,1.00,""
26000027,hull_strider,antigrav,none,true,9740,127.7,974,37,34,4.6,0.0,0.00,0,0.00,2.59,0.0,5.4,5.5,3.1,808,1.00,""
26000028,hull_strider,antigrav,turret_beam,true,3059,161.9,280,50,50,1.4,40.2,0.87,0,0.35,2.12,0.0,1.9,1.7,1.4,56,1.00,""
26000029,hull_strider,antigrav,turret_gun,true,146784,134.3,4128,83,62,34.9,26.7,0.01,1,0.30,3.34,0.0,14.6,10.6,6.9,2673,1.00,""
26000030,hull_strider,antigrav,turret_gun,true,64552,187.8,4364,94,94,12.9,42.2,0.01,1,0.30,2.97,0.0,9.9,10.8,5.6,2898,0.70,""
26000031,hull_strider,antigrav,turret_beam,true,3349,171.8,235,102,92,1.2,41.1,0.93,0,0.69,2.24,0.0,1.6,1.4,1.8,130,1.00,""
26000032,hull_strider,antigrav,turret_gun,true,309364,153.2,10946,83,74,66.9,94.6,0.03,5,0.40,4.19,0.0,16.6,14.4,13.5,6864,1.00,""
26000033,hull_strider,antigrav,turret_beam,true,20929,167.3,1203,76,62,6.5,11.6,0.02,0,2.39,2.44,0.0,7.5,8.2,2.3,684,1.00,""
26000034,hull_strider,antigrav,turret_beam,true,51186,152.1,3318,149,104,11.3,218.0,0.55,2,3.85,2.93,0.0,8.7,9.4,4.6,2218,1.00,""
26000035,hull_strider,antigrav,turret_missile,true,8045,118.9,235,77,76,2.9,3764.5,84.01,504,1.94,2.48,0.0,3.1,2.5,2.9,131,1.00,""
26000036,hull_strider,antigrav,turret_beam,true,23880,182.1,1377,61,49,6.4,260.4,24.32,20,1.33,2.72,0.0,7.1,4.4,4.1,717,1.00,""
26000037,hull_strider,antigrav,turret_beam,true,8206,119.5,434,135,110,2.2,25.6,1.06,3,2.74,2.40,0.0,2.6,2.3,2.6,369,1.00,""
26000038,hull_strider,antigrav,turret_missile,true,52766,113.7,2042,14,14,28.0,1081.3,22.41,461,8.02,3.10,0.0,11.2,12.2,5.0,1345,1.00,""
26000039,hull_strider,antigrav,turret_missile,true,19879,162.2,925,131,76,5.5,8591.7,219.84,710,2.80,2.63,0.0,5.3,5.7,3.1,410,1.00,""
26000040,hull_strider,antigrav,turret_gun,true,15232,145.5,338,90,75,3.0,138.5,0.03,5,0.39,2.21,0.0,4.1,4.2,1.8,181,1.00,""
26000041,hull_strider,antigrav,turret_gun,true,370696,143.2,22097,79,72,79.4,1242.0,0.07,9,0.66,4.22,0.0,20.6,22.3,13.6,17993,1.00,""
26000042,hull_strider,antigrav,turret_missile,true,11680,121.2,841,17,17,4.5,2566.1,58.25,389,0.67,2.39,0.0,6.5,7.1,2.1,696,0.17,""
26000043,hull_strider,antigrav,none,false,7505,131.2,233,37,16,2.5,0.0,0.00,0,0.00,2.25,0.0,4.3,4.6,2.1,133,0.08,"engine 0.5 x 0.4 x 0.4 m does not fit the 1.0 x 0.3 x 1.0 m bay"
26000044,hull_strider,antigrav,turret_missile,true,2150,158.7,76,107,25,0.8,603.8,10.98,348,6.92,2.10,0.0,1.3,1.2,1.2,19,1.00,""
26000045,hull_strider,antigrav,turret_gun,true,34310,178.5,1884,87,81,9.7,290.9,0.14,15,0.65,2.78,0.0,7.4,8.1,4.2,946,1.00,""
26000046,hull_strider,antigrav,turret_gun,true,20930,197.1,1151,142,134,4.4,28.7,0.01,1,0.34,2.49,0.0,5.7,5.9,2.4,573,0.70,""
26000047,hull_strider,antigrav,turret_gun,true,58376,207.4,3336,127,103,13.1,308.1,0.41,29,0.92,3.15,0.0,8.3,8.6,5.6,934,1.00,""
26000048,hull_strider,antigrav,turret_gun,true,193905,138.7,11738,15,15,73.3,120.6,0.12,13,0.73,3.56,0.0,19.1,17.3,9.8,8360,1.00,""
26000049,hull_strider,antigrav,turret_gun,true,2986,154.4,211,130,71,1.0,1199.9,0.03,5,0.40,2.10,0.0,2.2,1.3,1.3,146,1.00,""
26000050,hull_strider,antigrav,turret_gun,true,252330,160.5,9345,91,91,44.6,323.1,0.22,20,0.73,3.86,0.0,16.1,15.2,9.1,6206,1.00,""
26000051,hull_strider,antigrav,turret_beam,true,1477,111.3,85,57,55,0.8,7.8,0.64,0,0.73,2.16,0.0,1.4,1.1,1.5,63,1.00,""
26000052,hull_strider,antigrav,turret_missile,true,3835,91.5,135,24,17,3.0,464.8,7.83,390,6.18,2.37,0.0,2.5,2.4,2.4,94,1.00,""
26000053,hull_strider,antigrav,turret_beam,true,38096,144.4,1293,120,96,9.2,187.2,0.74,3,3.67,2.89,0.0,7.9,8.6,4.6,817,1.00,""
26000054,hull_strider,antigrav,turret_gun,true,161775,187.8,16147,46,40,43.9,62.2,0.02,4,0.40,3.38,0.0,14.0,13.2,9.0,11220,1.00,""
26000055,hull_strider,antigrav,turret_gun,true,215483,130.1,10703,48,42,49.6,382.4,0.01,3,0.49,3.21,0.0,15.2,13.4,5.4,8857,1.00,""
26000056,hull_strider,antigrav,turret_gun,true,65720,130.5,6276,85,45,18.2,25.8,0.00,1,0.30,3.34,0.0,11.1,7.8,7.0,5452,1.00,""
26000057,hull_strider,antigrav,turret_gun,true,523249,197.6,18862,61,53,95.7,331.7,0.01,1,0.30,3.96,0.0,25.3,27.7,13.4,6284,1.00,""
26000058,hull_strider,antigrav,turret_gun,true,537105,117.4,17987,29,24,152.7,194.7,0.26,22,0.81,4.62,0.0,25.9,23.5,14.9,12903,1.00,""
26000059,hull_strider,antigrav,none,true,811,109.4,38,105,79,0.3,0.0,0.00,0,0.00,1.93,0.0,1.1,1.0,0.4,31,1.00,""
26000060,hull_strider,antigrav,turret_gun,true,266932,124.6,5181,36,38,65.5,40.1,0.01,2,0.30,3.90,0.0,21.6,20.3,11.6,2931,1.00,""
26000061,hull_strider,antigrav,turret_gun,true,627,142.2,57,41,21,0.4,43.9,0.01,1,0.30,1.98,0.0,1.4,1.0,0.9,35,0.70,""
26000062,hull_strider,antigrav,turret_missile,true,81022,154.8,5144,24,21,32.3,6959.3,174.18,598,1.37,3.46,0.0,13.3,13.4,7.2,3079,1.00,""
26000063,hull_strider,antigrav,turret_missile,true,64181,159.8,4031,121,81,15.8,295.0,6.28,204,6.47,2.94,0.0,7.5,6.6,3.8,2938,1.00,""
26000064,hull_strider,antigrav,turret_gun,true,96145,162.6,7057,77,60,22.5,393.1,0.65,37,1.07,3.20,0.0,11.9,13.0,6.7,5360,1.00,""
26000065,hull_strider,antigrav,turret_beam,true,5394,106.9,332,10,3,2.1,17.7,7.55,1,0.35,2.21,0.0,4.2,2.7,1.8,270,0.17,""
26000066,hull_strider,antigrav,turret_beam,true,99802,188.3,8196,136,140,17.7,329.2,1.10,3,3.01,2.92,0.0,11.1,11.4,4.6,6196,1.00,""
26000067,hull_strider,antigrav,turret_missile,true,127562,121.7,2983,36,33,39.5,592.0,9.94,517,3.07,4.09,0.0,14.6,13.0,11.3,1740,1.00,""
26000068,hull_strider,antigrav,none,true,9704,153.3,1055,60,36,4.1,0.0,0.00,0,0.00,2.59,0.0,5.3,5.7,2.9,805,1.00,""
26000069,hull_strider,antigrav,none,true,290,82.4,20,26,20,0.3,0.0,0.00,0,0.00,2.02,0.0,0.9,0.8,1.0,17,1.00,""
26000070,hull_strider,antigrav,turret_beam,true,18103,123.6,526,66,50,5.9,66.1,0.11,0,2.95,2.60,0.0,6.5,7.0,3.5,332,1.00,""
26000071,hull_strider,antigrav,turret_beam,true,23843,144.7,820,112,86,6.4,129.9,1.35,4,2.85,2.78,0.0,6.7,7.2,3.8,486,1.00,""
26000072,hull_strider,antigrav,turret_gun,true,15368,128.5,467,22,18,5.5,244.4,0.47,26,1.31,2.50,0.0,6.1,6.2,2.1,264,0.17,""
26000073,hull_strider,antigrav,turret_beam,true,23558,126.1,433,98,71,5.9,79.2,8.08,4,1.06,2.66,0.0,5.7,6.1,3.9,226,1.00,""
26000074,hull_strider,antigrav,none,false,4558,189.1,443,17,17,1.2,0.0,0.00,0,0.00,2.15,0.0,3.1,3.4,1.4,311,0.08,"engine 0.6 x 0.5 x 0.5 m does not fit the 0.5 x 0.4 x 0.5 m bay"
26000075,hull_strider,antigrav,turret_gun,true,34043,166.3,1914,98,67,9.3,182.5,0.23,20,0.76,2.71,0.0,7.9,4.9,3.9,1181,1.00,""
26000076,hull_strider,antigrav,turret_gun,true,535765,191.2,21063,98,84,79.3,119.0,0.06,8,0.47,3.79,0.0,22.0,21.9,12.2,11675,1.00,""
26000077,hull_strider,antigrav,turret_gun,true,110404,158.5,5088,41,24,31.0,393.4,0.79,39,1.24,3.58,0.0,13.0,12.9,10.2,2072,1.00,""
26000078,hull_strider,antigrav,turret_gun,true,8667,133.9,546,16,12,6.1,73.6,0.11,12,0.74,2.62,0.0,5.2,4.8,2.4,292,1.00,""
26000079,hull_strider,antigrav,turret_missile,true,229909,142.1,10138,21,21,79.0,2504.1,58.79,422,3.57,3.85,0.0,18.6,20.4,12.7,6226,1.00,""
26000080,hull_strider,antigrav,turret_gun,true,293185,216.5,22895,183,115,43.9,71.2,0.02,3,0.30,3.48,0.0,17.2,18.7,8.3,15363,1.00,""
26000081,hull_strider,antigrav,turret_gun,true,555919,148.8,49000,26,26,133.3,76.4,0.03,5,0.42,3.40,0.0,28.4,26.5,7.9,41577,0.50,""
26000082,hull_strider,antigrav,turret_gun,true,4285,146.9,170,32,23,2.3,102.1,0.02,4,0.36,2.26,0.0,3.5,3.1,1.4,46,1.00,""
26000083,hull_strider,antigrav,turret_beam,true,36781,167.7,3101,131,112,8.2,259.7,1.27,4,3.26,2.91,0.0,6.9,7.5,5.2,2446,1.00,""
26000084,hull_strider,antigrav,turret_gun,true,387961,123.8,12855,52,52,96.8,253.4,0.09,11,0.61,3.38,0.0,18.9,20.7,7.9,9752,1.00,""
26000085,hull_strider,antigrav,none,false,8956,223.7,478,64,102,1.5,0.0,0.00,0,0.00,2.00,0.0,3.3,3.3,1.2,201,0.08,"engine 0.7 x 0.5 x 0.5 m does not fit the 0.4 x 0.3 x 0.4 m bay"
26000086,hull_strider,antigrav,turret_beam,true,11379,140.0,304,80,76,3.8,69.6,4.78,4,1.42,2.47,0.0,3.1,2.7,2.4,127,1.00,""
26000087,hull_strider,antigrav,turret_gun,true,347140,134.2,7606,67,58,72.1,160.0,0.16,16,0.68,4.15,0.0,20.0,17.8,14.6,4126,1.00,""
26000088,hull_strider,antigrav,none,false,15540,199.5,438,62,104,2.3,0.0,0.00,0,0.00,2.00,0.0,3.6,3.9,1.2,134,0.08,"engine 0.6 x 0.4 x 0.5 m does not fit the 0.6 x 0.4 x 0.6 m bay"
26000089,hull_strider,antigrav,turret_gun,true,29276,145.7,1205,35,29,10.0,303.5,0.48,31,1.00,2.54,0.0,7.9,8.6,3.0,672,1.00,""
26000090,hull_strider,antigrav,turret_beam,true,15331,127.1,1139,107,105,3.7,29.2,0.08,0,2.46,2.39,0.0,6.0,6.2,2.4,1010,1.00,""
26000091,hull_strider,antigrav,turret_gun,true,20129,140.2,777,35,15,7.2,312.6,0.49,32,0.96,2.82,0.0,6.4,4.0,4.6,434,1.00,""
26000092,hull_strider,antigrav,none,true,11110,179.2,572,168,136,2.3,0.0,0.00,0,0.00,2.01,0.0,3.3,2.9,1.1,346,1.00,""
26000093,hull_strider,antigrav,turret_gun,true,127835,232.7,6939,169,137,19.9,169.3,0.23,20,0.78,3.33,0.0,11.4,12.4,5.7,2685,1.00,""
26000094,hull_strider,antigrav,turret_missile,true,23379,203.2,1130,91,85,5.6,1604.5,32.94,375,2.83,2.40,0.0,5.6,6.0,2.3,334,1.00,""
26000095,hull_strider,antigrav,turret_missile,true,121886,187.8,6043,136,84,26.8,821.4,12.32,394,0.56,3.26,0.0,11.7,12.7,7.6,3038,1.00,""
26000096,hull_strider,antigrav,turret_gun,true,123888,161.7,4256,93,54,28.8,148.6,0.19,18,0.79,3.17,0.0,12.6,8.6,5.1,2187,1.00,""
26000097,hull_strider,antigrav,turret_beam,true,19055,123.7,767,33,33,5.2,66.7,43.74,3,0.35,2.64,0.0,3.2,3.0,3.1,590,1.00,""
26000098,hull_strider,antigrav,turret_gun,true,51338,139.5,3871,21,18,24.0,221.8,0.15,15,0.70,3.20,0.0,9.9,9.2,7.6,2761,1.00,""
26000099,hull_strider,antigrav,turret_gun,true,902,152.5,47,41,28,0.5,55.9,0.01,2,0.30,2.00,0.0,1.5,1.1,0.9,13,1.00,""
26000100,hull_strider,antigrav,turret_missile,true,31070,161.1,1416,29,28,14.6,199.6,2.67,260,2.57,2.92,0.0,8.1,6.9,3.5,384,1.00,""
26000101,hull_strider,antigrav,turret_gun,true,317070,126.2,17106,35,30,89.1,38.7,0.01,2,0.34,4.25,0.0,20.2,22.1,13.5,14037,1.00,""
26000102,hull_strider,antigrav,turret_beam,true,124847,139.6,4886,25,22,51.7,105.9,0.33,3,6.81,4.36,0.0,13.9,12.1,15.5,2444,1.00,""
26000103,hull_strider,antigrav,turret_gun,true,99139,102.6,2647,15,15,44.8,238.4,0.44,26,1.20,3.42,0.0,13.9,14.3,8.7,1795,1.00,""
26000104,hull_strider,antigrav,none,true,13369,153.3,787,101,98,3.2,0.0,0.00,0,0.00,2.26,0.0,5.2,5.3,1.8,595,1.00,""
26000105,hull_strider,antigrav,turret_beam,true,45305,156.6,1237,45,34,10.5,273.0,32.17,95,2.99,2.82,0.0,8.0,8.7,4.3,426,1.00,""
26000106,hull_strider,antigrav,turret_missile,true,105013,134.5,3109,30,29,40.4,13981.7,376.85,840,1.56,3.14,0.0,13.0,14.2,6.4,1444,1.00,""
27000007,hull_strider,rotor,turret_missile,true,3398,72.7,720,11,10,3.1,6296.9,139.06,651,0.69,3.06,0.0,9.2,9.2,2.8,680,0.25,""
27000008,hull_strider,rotor,turret_beam,false,24992,83.4,5571,5,5,11.1,60.8,22.93,24,1.56,3.48,0.0,23.1,23.1,5.0,5414,0.08,"engine 1.5 x 1.0 x 1.2 m does not fit the 1.9 x 1.0 x 1.9 m bay"
27000009,hull_strider,rotor,turret_beam,false,3656,120.2,2343,8,7,2.7,23.9,0.05,0,1.14,2.72,0.0,5.6,6.2,2.7,1893,0.08,"overloaded: 3656 kg on running gear rated 1661 kg"
27000010,hull_strider,rotor,none,true,317,80.9,70,15,11,0.5,0.0,0.00,0,0.00,2.51,0.0,2.8,2.8,1.6,63,0.17,""
27000011,hull_strider,rotor,turret_missile,true,5795,123.3,1333,19,19,4.4,559.2,8.06,378,1.16,2.70,0.0,12.3,12.3,3.6,1132,1.00,""
27000012,hull_strider,rotor,turret_missile,true,813,83.6,181,5,5,1.0,1902.0,39.96,422,4.09,2.81,0.0,4.5,4.5,1.9,163,0.08,""
27000013,hull_strider,rotor,turret_gun,false,26298,208.3,9642,8,6,12.9,208.7,0.27,22,0.85,3.54,0.0,17.7,19.9,4.8,6776,0.08,"engine 1.8 x 1.3 x 1.4 m does not fit the 2.6 x 1.1 x 2.6 m bay"
27000014,hull_strider,rotor,turret_beam,false,1375,107.3,292,5,4,0.9,10.0,3.13,0,0.35,2.73,0.0,6.1,6.1,2.0,266,0.08,"engine 0.6 x 0.4 x 0.4 m does not fit the 0.7 x 0.2 x 0.7 m bay"
27000015,hull_strider,rotor,none,true,1793,73.3,372,10,8,1.4,0.0,0.00,0,0.00,3.35,0.0,6.7,6.7,2.4,359,0.17,""
27000016,hull_strider,rotor,turret_gun,true,12090,92.1,2595,12,11,7.6,237.2,0.09,11,0.58,3.43,0.0,17.2,17.2,4.2,2447,0.17,""
27000017,hull_strider,rotor,turret_missile,false,1845,70.5,1112,4,5,2.6,3736.5,94.91,685,6.36,2.59,0.0,3.9,4.0,1.9,1087,0.08,"overloaded: 1845 kg on running gear rated 646 kg"
27000018,hull_strider,rotor,turret_missile,false,20484,224.2,8250,7,7,11.8,540.5,9.34,316,5.87,4.00,0.0,16.1,18.2,4.6,5105,0.08,"engine 1.7 x 1.2 x 1.3 m does not fit the 2.8 x 1.2 x 2.8 m bay"
27000019,hull_strider,rotor,turret_beam,false,6697,103.9,3980,7,6,6.6,38.3,0.12,0,2.20,2.77,0.0,7.2,7.4,2.2,3805,0.08,"overloaded: 6697 kg on running gear rated 2524 kg"
27000020,hull_strider,rotor,turret_missile,true,8924,90.5,1888,15,11,6.9,7147.6,181.98,1032,1.62,3.12,0.0,15.1,15.1,4.0,1765,0.70,""
27000021,hull_strider,rotor,none,false,878,78.0,570,8,7,1.1,0.0,0.00,0,0.00,2.80,0.0,2.7,2.8,1.3,557,0.08,"overloaded: 878 kg on running gear rated 265 kg"
27000022,hull_strider,rotor,turret_missile,false,40863,0.0,7480,8,8,17.0,208.7,2.64,325,0.74,3.53,0.0,27.9,27.9,5.8,9382,0.08,"overloaded: 40863 kg on running gear rated 37221 kg"
27000023,hull_strider,rotor,turret_missile,false,1366,93.1,1119,5,4,1.8,7971.0,199.61,627,1.02,2.55,0.0,2.7,2.8,1.7,1071,0.08,"overloaded: 1366 kg on running gear rated 270 kg"
27000024,hull_strider,rotor,turret_missile,false,408,65.8,87,6,5,0.7,188.2,3.22,451,5.73,2.51,0.0,3.2,3.2,1.6,81,0.08,"engine 0.4 x 0.3 x 0.3 m does not fit the 0.5 x 0.2 x 0.5 m bay"
27000025,hull_strider,rotor,none,true,1355,119.8,304,33,26,0.8,0.0,0.00,0,0.00,2.68,0.0,5.8,5.8,2.3,271,0.35,""
27000026,hull_strider,rotor,turret_gun,false,5372,65.6,3460,7,4,6.5,33.5,0.01,2,0.30,3.42,0.0,5.9,6.1,3.8,3407,0.08,"overloaded: 5372 kg on running gear rated 1625 kg"
27000027,hull_strider,rotor,turret_missile,false,26153,201.4,9977,7,6,14.2,18354.6,539.19,887,1.99,3.26,0.0,17.4,19.6,4.8,6825,0.08,"engine 1.8 x 1.3 x 1.4 m does not fit the 2.8 x 1.1 x 2.8 m bay"
27000028,hull_strider,rotor,turret_gun,true,1895,102.8,405,32,24,1.0,128.3,0.07,9,0.58,2.59,0.0,7.0,7.0,2.5,373,0.35,""
27000029,hull_strider,rotor,turret_beam,false,4926,88.0,3287,4,4,3.5,22.8,11.55,6,1.03,3.28,0.0,5.5,5.7,2.0,3227,0.08,"overloaded: 4926 kg on running gear rated 1397 kg"
27000030,hull_strider,rotor,turret_gun,true,23421,77.9,5200,23,23,10.1,419.1,0.01,1,0.30,2.96,0.0,22.4,22.4,5.1,5056,1.00,""
27000031,hull_strider,rotor,turret_missile,false,2545,92.9,1075,5,5,2.7,5297.8,127.38,893,3.58,2.95,0.0,6.0,6.6,2.2,1021,0.08,"overloaded: 2545 kg on running gear rated 1923 kg"
27000032,hull_strider,rotor,turret_beam,false,6343,104.6,6326,3,3,3.2,34.3,18.51,14,1.26,2.62,0.0,4.3,4.5,2.1,6134,0.08,"overloaded: 6343 kg on running gear rated 825 kg"
27000033,hull_strider,rotor,turret_missile,false,7387,89.8,3328,7,6,7.7,7207.7,199.44,787,5.76,4.00,0.0,9.2,10.2,3.7,3191,0.08,"overloaded: 7387 kg on running gear rated 4819 kg"
27000034,hull_strider,rotor,none,true,414,87.4,87,17,12,0.4,0.0,0.00,0,0.00,2.52,0.0,3.3,3.3,1.7,81,0.35,""
27000035,hull_strider,rotor,turret_gun,false,265,59.7,56,7,7,0.4,45.5,0.01,2,0.30,2.50,0.0,2.6,2.6,1.6,53,0.08,"engine 0.3 x 0.2 x 0.2 m does not fit the 0.4 x 0.2 x 0.4 m bay"
27000036,hull_strider,rotor,turret_gun,true,8982,99.8,1956,10,7,6.8,221.7,0.18,17,0.68,2.83,0.0,15.0,15.0,3.8,1790,0.12,""
27000037,hull_strider,rotor,none,true,1207,99.1,263,16,16,0.9,0.0,0.00,0,0.00,2.56,0.0,5.5,5.5,2.3,241,1.00,""
27000038,hull_strider,rotor,turret_gun,true,4445,109.1,1001,14,12,3.5,1195.3,0.03,6,0.47,2.78,0.0,10.5,10.5,3.1,890,0.70,""
27000039,hull_strider,rotor,turret_gun,true,20420,85.5,4522,13,10,12.0,77.3,0.04,7,0.50,2.92,0.0,21.3,21.3,5.2,4334,0.70,""
27000040,hull_strider,rotor,turret_gun,false,5047,89.0,3100,8,7,5.5,501.5,0.01,2,0.30,3.19,0.0,6.1,6.3,3.6,3002,0.08,"overloaded: 5047 kg on running gear rated 1737 kg"
27000041,hull_strider,rotor,turret_missile,false,1585,79.9,657,7,5,2.5,2993.0,75.52,450,4.58,2.63,0.0,4.8,3.3,2.1,619,0.08,"overloaded: 1585 kg on running gear rated 1266 kg"
27000042,hull_strider,rotor,turret_missile,false,5446,86.3,1165,5,5,5.0,2789.2,74.21,442,5.86,3.09,0.0,11.8,11.8,3.1,1078,0.08,"engine 0.9 x 0.6 x 0.7 m does not fit the 1.8 x 0.6 x 1.8 m bay"
27000043,hull_strider,rotor,none,true,3028,122.1,703,39,24,2.3,0.0,0.00,0,0.00,3.04,0.0,8.7,8.7,2.7,605,0.70,""
27000044,hull_strider,rotor,turret_gun,false,7406,78.0,4388,6,6,6.0,499.4,1.17,48,1.36,2.94,0.0,7.4,7.6,2.4,4310,0.08,"overloaded: 7406 kg on running gear rated 2661 kg"
27000045,hull_strider,rotor,turret_gun,false,14201,100.3,7473,10,10,9.5,41.8,0.01,2,0.30,3.81,0.0,11.3,11.7,3.1,7234,0.08,"overloaded: 14201 kg on running gear rated 6662 kg"
27000046,hull_strider,rotor,turret_beam,true,831,113.3,193,10,8,0.7,10.1,1.12,0,0.35,2.78,0.0,4.6,4.6,2.0,166,0.17,""
27000047,hull_strider,rotor,turret_gun,true,2158,84.0,799,10,6,2.2,62.2,0.03,5,0.55,3.25,0.0,6.2,4.2,2.5,750,0.17,""
27000048,hull_strider,rotor,turret_missile,false,1404,63.2,823,5,5,2.2,2333.0,53.92,457,6.09,2.91,0.0,3.4,3.7,2.2,804,0.08,"overloaded: 1404 kg on running gear rated 521 kg"
27000049,hull_strider,rotor,turret_gun,false,612,90.1,248,6,6,0.8,412.4,0.01,2,0.30,2.55,0.0,3.3,2.2,1.1,233,0.08,"overloaded: 612 kg on running gear rated 514 kg"
27000050,hull_strider,rotor,turret_missile,false,2935,99.2,1460,7,5,4.1,4508.5,122.20,514,4.45,2.91,0.0,5.6,6.2,2.5,1357,0.08,"overloaded: 2935 kg on running gear rated 1671 kg"
27000051,hull_strider,rotor,turret_gun,true,3800,74.2,796,10,8,3.5,32.6,0.01,1,0.30,3.08,0.0,9.7,9.7,2.8,760,0.25,""
27000052,hull_strider,rotor,turret_missile,false,4312,104.4,2034,7,5,4.7,25516.5,750.32,1014,0.75,3.15,0.0,7.0,7.8,2.5,1898,0.08,"overloaded: 4312 kg on running gear rated 2709 kg"
27000053,hull_strider,rotor,turret_missile,false,1250,82.1,945,6,6,1.8,164.5,2.65,412,4.25,2.54,0.0,2.8,2.9,1.8,918,0.08,"overloaded: 1250 kg on running gear rated 282 kg"
27000054,hull_strider,rotor,turret_missile,false,6943,67.9,1437,9,8,5.3,362.9,6.40,461,6.91,3.94,0.0,13.1,13.1,3.3,1394,0.08,"engine 1.0 x 0.7 x 0.7 m does not fit the 2.2 x 0.6 x 2.2 m bay"
27000055,hull_strider,rotor,none,true,5282,113.5,1208,22,16,4.0,0.0,0.00,0,0.00,2.96,0.0,11.5,11.5,3.3,1058,0.50,""
27000056,hull_strider,rotor,turret_missile,false,667,96.1,157,5,5,1.0,2745.9,51.42,500,0.56,2.74,0.0,4.1,4.1,1.8,133,0.08,"engine 0.5 x 0.3 x 0.4 m does not fit the 0.7 x 0.3 x 0.7 m bay"
27000057,hull_strider,rotor,turret_beam,false,3400,87.5,1427,6,5,4.0,25.4,4.06,6,1.91,3.07,0.0,6.7,4.5,3.4,1360,0.08,"overloaded: 3400 kg on running gear rated 2587 kg"
27000058,hull_strider,rotor,turret_gun,false,7670,98.5,3366,7,7,6.9,135.2,0.24,18,1.14,3.33,0.0,9.6,10.7,2.8,3201,0.08,"overloaded: 7670 kg on running gear rated 5361 kg"
27000059,hull_strider,rotor,turret_gun,false,507,109.5,373,7,7,0.5,62.7,0.01,2,0.31,2.43,0.0,1.9,2.1,1.0,355,0.08,"overloaded: 507 kg on running gear rated 126 kg"
27000060,hull_strider,rotor,turret_missile,true,1265,70.0,268,4,5,1.5,3156.6,76.97,997,2.54,2.65,0.0,5.6,5.6,2.2,253,0.08,""
27000061,hull_strider,rotor,turret_gun,false,589,70.0,330,10,9,0.7,85.0,0.01,2,0.30,2.52,0.0,2.5,2.7,1.0,323,0.08,"overloaded: 589 kg on running gear rated 237 kg"
27000062,hull_strider,rotor,none,false,2216,87.2,562,9,9,2.2,0.0,0.00,0,0.00,2.65,0.0,7.5,7.5,2.4,438,0.08,"engine 0.7 x 0.5 x 0.5 m does not fit the 1.1 x 0.5 x 1.1 m bay"
27000063,hull_strider,rotor,none,false,1690,86.7,1128,10,7,2.0,0.0,0.00,0,0.00,2.59,0.0,3.7,4.1,2.0,1095,0.08,"overloaded: 1690 kg on running gear rated 490 kg"
27000064,hull_strider,rotor,turret_beam,false,900,101.9,606,8,7,0.9,9.2,0.16,0,0.71,2.71,0.0,2.7,2.8,1.4,582,0.08,"overloaded: 900 kg on running gear rated 262 kg"
27000065,hull_strider,rotor,none,true,933,112.9,209,24,20,0.6,0.0,0.00,0,0.00,2.80,0.0,4.8,4.8,2.0,187,0.25,""
27000066,hull_strider,rotor,turret_missile,false,28954,0.0,5904,10,8,11.5,1326.3,28.43,400,6.54,2.98,0.0,25.5,25.5,4.9,6120,0.08,"engine 1.5 x 1.1 x 1.2 m does not fit the 2.6 x 0.7 x 2.6 m bay"
27000067,hull_strider,rotor,turret_beam,false,751,67.9,404,8,8,0.9,2.6,0.67,0,0.35,2.75,0.0,2.8,3.1,1.0,395,0.08,"overloaded: 751 kg on running gear rated 329 kg"
27000068,hull_strider,rotor,none,false,439,100.2,100,9,8,0.5,0.0,0.00,0,0.00,2.89,0.0,3.3,3.3,1.7,88,0.08,"engine 0.4 x 0.3 x 0.3 m does not fit the 0.7 x 0.3 x 0.7 m bay"
27000069,hull_strider,rotor,turret_gun,false,2442,133.8,578,11,11,1.4,899.3,0.02,4,0.38,3.29,0.0,7.8,7.8,2.5,488,0.08,"engine 0.7 x 0.5 x 0.5 m does not fit the 1.2 x 0.4 x 1.2 m bay"
27000070,hull_strider,rotor,turret_missile,false,1258,78.3,806,7,5,1.6,1440.3,29.37,346,1.97,2.60,0.0,3.2,3.3,2.0,781,0.08,"overloaded: 1258 kg on running gear rated 398 kg"
27000071,hull_strider,rotor,turret_missile,false,6837,101.9,4157,6,5,6.2,3149.2,81.87,522,6.75,3.94,0.0,6.9,7.7,4.4,3847,0.08,"overloaded: 6837 kg on running gear rated 2628 kg"
27000072,hull_strider,rotor,turret_beam,true,5742,107.1,1281,15,13,4.4,34.6,0.10,0,0.71,3.04,0.0,12.0,12.0,3.2,1152,0.17,""
27000073,hull_strider,rotor,turret_gun,false,14692,82.8,12337,8,7,9.4,753.0,0.02,4,0.39,3.90,0.0,8.1,9.0,4.8,11572,0.08,"overloaded: 14692 kg on running gear rated 2883 kg"
27000074,hull_strider,rotor,turret_gun,true,7541,126.8,1730,10,4,4.3,50.0,0.02,4,0.42,2.90,0.0,13.7,13.7,3.6,1509,0.25,""
27000075,hull_strider,rotor,turret_gun,false,5535,112.3,1282,6,4,4.9,241.7,0.36,27,0.85,2.70,0.0,11.7,11.7,3.1,1110,0.08,"engine 0.9 x 0.6 x 0.7 m does not fit the 1.6 x 0.6 x 1.6 m bay"
27000076,hull_strider,rotor,turret_missile,false,2544,103.0,1556,8,7,2.6,1151.8,18.43,390,0.59,3.56,0.0,4.8,5.3,1.6,1488,0.08,"overloaded: 2544 kg on running gear rated 906 kg"
27000077,hull_strider,rotor,turret_missile,false,1812,89.2,516,5,5,1.9,4590.3,111.53,513,1.99,2.80,0.0,6.7,6.7,2.4,362,0.08,"engine 0.7 x 0.5 x 0.5 m does not fit the 0.9 x 0.4 x 0.9 m bay"
27000078,hull_strider,rotor,none,true,224,80.8,50,11,9,0.3,0.0,0.00,0,0.00,2.50,0.0,2.4,2.4,1.5,45,0.12,""
27000079,hull_strider,rotor,turret_gun,true,36630,139.6,12402,66,66,12.0,34.0,0.00,1,0.30,3.54,0.0,16.9,19.1,5.3,11625,0.70,""
27000080,hull_strider,rotor,none,true,471,73.0,99,21,15,0.4,0.0,0.00,0,0.00,2.65,0.0,3.4,3.4,1.7,94,0.17,""
27000081,hull_strider,rotor,turret_missile,false,3332,98.2,1884,8,7,3.2,1167.1,20.83,460,3.69,3.39,0.0,5.5,5.7,2.9,1804,0.08,"overloaded: 3332 kg on running gear rated 1384 kg"
27000082,hull_strider,rotor,turret_gun,false,4196,70.0,2780,5,4,5.2,17.2,0.00,1,0.30,3.27,0.0,5.1,5.3,3.2,2729,0.08,"overloaded: 4196 kg on running gear rated 1208 kg"
27000083,hull_strider,rotor,turret_missile,false,35921,0.0,6681,9,8,15.1,15438.3,413.89,881,1.30,3.50,0.0,26.9,26.9,5.3,8022,0.08,"overloaded: 35921 kg on running gear rated 34578 kg"
27000084,hull_strider,rotor,none,true,235,84.5,53,8,7,0.4,0.0,0.00,0,0.00,2.50,0.0,2.4,2.4,1.5,47,0.17,""
27000085,hull_strider,rotor,turret_gun,false,29924,0.0,5833,10,7,13.5,19.8,0.01,1,0.35,3.27,0.0,25.0,25.0,4.9,6556,0.08,"engine 1.5 x 1.1 x 1.2 m does not fit the 2.9 x 0.8 x 2.9 m bay"
27000086,hull_strider,rotor,turret_gun,false,739,114.1,587,9,7,0.7,152.0,0.04,6,0.42,2.43,0.0,2.1,2.2,1.0,562,0.08,"overloaded: 739 kg on running gear rated 156 kg"
27000087,hull_strider,rotor,turret_gun,true,611,71.5,128,12,10,0.5,96.1,0.03,4,0.37,2.53,0.0,3.9,3.9,1.9,122,0.12,""
27000088,hull_strider,rotor,turret_missile,false,1439,101.3,774,7,6,1.7,1183.0,22.15,332,1.43,2.96,0.0,4.9,3.3,1.7,525,0.08,"overloaded: 1439 kg on running gear rated 1315 kg"
27000089,hull_strider,rotor,turret_gun,false,6846,76.1,3426,8,4,7.3,79.5,0.12,11,1.00,3.55,0.0,7.9,8.7,3.5,3342,0.08,"overloaded: 6846 kg on running gear rated 3497 kg"
27000090,hull_strider,rotor,turret_gun,true,7661,76.3,1681,32,23,4.5,1585.5,0.09,11,0.59,2.73,0.0,13.8,13.8,3.5,1542,0.50,""
27000091,hull_strider,rotor,turret_gun,false,13321,72.6,5978,8,7,11.7,40.5,0.01,2,0.34,4.00,0.0,11.9,13.2,2.3,5872,0.08,"overloaded: 13321 kg on running gear rated 8346 kg"
27000092,hull_strider,rotor,turret_gun,false,14687,96.8,8422,9,7,9.5,363.9,0.71,34,1.33,3.43,0.0,10.7,11.8,4.5,7620,0.08,"overloaded: 14687 kg on running gear rated 6641 kg"
27000093,hull_strider,rotor,none,false,2071,71.5,1414,7,7,2.5,0.0,0.00,0,0.00,2.79,0.0,3.8,3.9,2.5,1347,0.08,"overloaded: 2071 kg on running gear rated 596 kg"
27000094,hull_strider,rotor,turret_missile,true,2045,114.6,465,7,4,1.7,5166.0,120.55,940,2.26,3.29,0.0,7.3,7.3,2.5,401,0.17,""
27000095,hull_strider,rotor,none,false,820,84.4,433,8,6,1.3,0.0,0.00,0,0.00,2.54,0.0,3.0,3.3,1.7,413,0.08,"overloaded: 820 kg on running gear rated 392 kg"
27000096,hull_strider,rotor,turret_missile,true,1494,91.4,315,23,22,0.9,177.0,2.54,405,2.10,2.61,0.0,6.1,6.1,2.3,299,0.70,""
27000097,hull_strider,rotor,turret_gun,false,5912,77.4,5062,7,6,4.2,95.5,0.02,4,0.40,3.42,0.0,5.3,5.5,3.4,4426,0.08,"overloaded: 5912 kg on running gear rated 1284 kg"
27000098,hull_strider,rotor,turret_beam,false,12270,57.9,2530,4,3,7.0,12.9,12.03,10,1.37,3.52,0.0,17.3,17.3,3.8,2490,0.08,"engine 1.2 x 0.8 x 0.9 m does not fit the 1.9 x 0.6 x 1.9 m bay"
27000099,hull_strider,rotor,turret_missile,false,3827,62.7,2223,6,4,4.7,20889.4,599.16,1037,1.61,3.34,0.0,5.5,5.7,2.6,2190,0.08,"overloaded: 3827 kg on running gear rated 1422 kg"
27000100,hull_strider,rotor,turret_gun,true,10736,85.1,2279,14,8,7.9,75.1,0.03,5,0.45,3.48,0.0,16.3,16.3,4.0,2156,0.17,""
27000101,hull_strider,rotor,turret_gun,false,718,81.7,486,10,8,0.7,42.8,0.00,1,0.30,2.42,0.0,2.4,2.5,1.0,476,0.08,"overloaded: 718 kg on running gear rated 199 kg"
27000102,hull_strider,rotor,turret_missile,true,4105,116.2,952,18,14,3.4,245.5,4.10,384,5.61,2.97,0.0,10.1,10.1,2.9,822,0.25,""
27000103,hull_strider,rotor,turret_gun,false,26069,0.0,5388,8,7,12.2,265.2,0.00,1,0.30,3.30,0.0,23.9,23.9,5.0,5571,0.08,"engine 1.5 x 1.0 x 1.1 m does not fit the 2.7 x 1.0 x 2.7 m bay"
27000104,hull_strider,rotor,turret_beam,false,1624,81.2,614,10,8,1.8,9.0,0.04,0,0.35,2.64,0.0,5.3,3.6,2.3,582,0.08,"overloaded: 1624 kg on running gear rated 1540 kg"
27000105,hull_strider,rotor,turret_beam,true,366,62.0,77,7,5,0.5,1.2,0.35,0,0.35,2.51,0.0,3.0,3.0,1.7,73,0.08,""
27000106,hull_strider,rotor,turret_missile,true,3382,73.3,711,25,25,2.8,1739.4,33.45,379,0.97,3.13,0.0,9.2,9.2,2.8,677,0.25,""
28000007,hull_skiff,track,turret_gun,true,717710,56.2,8568,34,25,102.5,218.0,0.10,12,0.57,4.29,126.6,48.2,21.2,18.8,0,1.00,""
28000008,hull_skiff,track,turret_missile,true,137980,48.7,1518,31,18,35.2,2530.3,54.64,487,4.16,3.11,121.6,24.8,13.7,7.1,0,1.00,""
28000009,hull_skiff,track,turret_gun,true,1285227,68.8,18840,49,29,154.8,161.0,0.16,16,0.74,3.92,110.1,52.6,27.3,14.5,0,1.00,""
28000010,hull_skiff,track,turret_gun,true,734378,48.8,7558,26,8,126.6,14.7,0.00,1,0.30,4.04,87.5,47.8,23.4,15.9,0,1.00,""
28000011,hull_skiff,track,turret_missile,true,720099,70.0,11245,16,11,95.6,3055.3,61.21,492,1.10,3.24,73.9,57.6,22.0,8.1,0,1.00,""
28000012,hull_skiff,track,turret_gun,true,208973,70.0,6258,9,4,55.7,405.1,0.67,38,1.04,3.36,128.4,33.6,17.4,9.1,0,1.00,""
28000013,hull_skiff,track,turret_missile,true,178640,70.0,3626,43,28,30.8,2838.6,67.35,789,6.15,2.75,118.8,26.8,11.9,4.7,0,1.00,""
28000014,hull_skiff,track,turret_beam,true,286826,70.0,7907,36,21,47.9,441.8,1.73,3,2.06,2.94,123.7,31.9,16.7,5.9,0,1.00,""
28000015,hull_skiff,track,turret_missile,true,567353,70.0,11828,53,26,79.0,111.0,1.58,347,3.43,3.53,86.8,41.3,19.2,10.6,0,1.00,""
28000016,hull_skiff,track,turret_beam,true,744437,70.0,19275,23,17,125.2,67.0,0.21,2,8.07,3.23,120.1,56.3,25.0,8.1,0,1.00,""
28000017,hull_skiff,track,turret_gun,true,517840,70.0,17588,26,15,70.3,216.5,0.33,25,0.87,3.49,62.7,47.2,19.9,10.3,0,1.00,""
28000018,hull_skiff,track,turret_beam,true,62626,70.0,1805,16,60,19.4,718.4,6.65,5,1.33,2.79,97.4,21.2,9.5,4.9,0,1.00,""
28000019,hull_skiff,track,turret_gun,true,111137,70.0,2756,5,88,34.9,84.3,0.02,3,0.31,2.99,58.7,26.1,12.4,6.2,0,1.00,""
28000020,hull_skiff,track,turret_beam,true,1373934,51.1,15161,28,315,165.4,63.4,0.19,2,9.73,4.59,91.5,58.9,27.6,22.7,0,1.00,""
28000021,hull_skiff,track,turret_missile,true,171344,70.0,2959,36,25,26.9,3255.2,65.24,519,1.21,2.70,58.5,25.7,12.5,4.4,0,1.00,""
28000022,hull_skiff,track,turret_missile,true,797796,44.7,7446,28,19,118.9,1958.9,33.99,526,0.72,3.30,78.9,51.1,26.2,8.6,0,1.00,""
28000023,hull_skiff,track,turret_gun,true,5225,40.0,45,148,28,0.9,103.0,0.05,7,0.55,1.98,33.0,8.8,2.3,1.1,0,1.00,""
28000024,hull_skiff,track,turret_gun,true,790699,70.0,14473,21,7,131.7,416.6,0.70,38,1.10,4.64,82.3,54.7,25.9,23.3,0,1.00,""
28000025,hull_skiff,track,turret_gun,true,13426,45.5,139,161,31,2.8,125.4,0.06,8,0.45,2.10,46.3,10.5,3.6,1.5,0,1.00,""
28000026,hull_skiff,track,turret_gun,true,1053466,70.0,37436,48,28,101.3,45.4,0.03,5,0.49,3.33,78.8,53.7,22.9,8.9,0,1.00,""
28000027,hull_skiff,track,turret_gun,true,901694,70.0,13785,51,24,124.6,41.5,0.04,6,0.60,4.15,110.4,50.4,25.1,17.1,0,1.00,""
28000028,hull_skiff,track,turret_beam,true,879533,70.0,25085,18,229,129.4,158.5,0.38,2,4.81,4.07,84.6,52.0,25.2,16.2,0,1.00,""
28000029,hull_skiff,track,turret_missile,true,315631,70.0,5450,13,146,68.0,5127.8,110.81,624,1.10,3.59,69.6,35.9,18.0,11.2,0,1.00,""
28000030,hull_skiff,track,turret_gun,true,1125146,70.0,21081,43,19,123.9,21.0,0.00,1,0.30,3.82,101.6,60.0,27.1,13.5,0,1.00,""
28000031,hull_skiff,track,turret_gun,true,45702,70.0,806,50,27,8.1,264.3,0.39,28,0.88,2.61,60.6,19.1,6.8,3.8,0,1.00,""
28000032,hull_skiff,track,turret_missile,true,610449,70.0,11739,32,12,98.5,607.6,10.31,460,4.30,3.42,72.4,45.5,23.0,9.6,0,1.00,""
28000033,hull_skiff,track,turret_gun,true,72641,70.0,1149,47,19,14.8,91.8,0.04,6,0.49,2.70,114.0,24.9,7.1,4.4,0,1.00,""
28000034,hull_skiff,track,turret_missile,true,91718,70.0,1768,7,46,40.7,6583.7,176.58,623,4.38,3.04,113.0,23.6,13.2,6.6,0,1.00,""
28000035,hull_skiff,track,turret_beam,true,233303,70.0,5346,38,16,43.0,2135.0,14.10,68,4.23,3.15,85.4,35.0,12.8,7.4,0,1.00,""
28000036,hull_skiff,track,turret_missile,true,477037,70.0,17878,39,164,61.1,2011.3,43.03,517,6.02,3.21,86.3,42.9,17.9,7.9,0,1.00,""
28000037,hull_skiff,track,turret_missile,true,105411,45.3,1783,15,52,33.9,1921.0,37.06,461,2.76,3.17,109.1,25.2,10.1,7.6,0,1.00,""
28000038,hull_skiff,track,turret_gun,true,869625,45.4,8257,23,225,113.9,559.6,0.01,2,0.32,3.59,90.6,50.6,23.2,11.2,0,1.00,""
28000039,hull_skiff,track,turret_gun,true,29279,70.0,510,22,6,10.2,115.7,0.16,15,0.84,2.60,80.2,18.2,5.8,3.8,0,1.00,""
28000040,hull_skiff,track,turret_gun,true,831957,70.0,24808,16,8,130.4,425.4,0.79,41,1.15,3.83,75.4,51.5,26.8,13.6,0,1.00,""
28000041,hull_skiff,track,turret_beam,true,38483,46.1,377,21,13,9.2,95.8,0.32,0,0.74,2.53,85.3,20.7,5.2,3.4,0,1.00,""
28000042,hull_skiff,track,turret_gun,true,948591,70.0,15031,54,26,128.5,118.2,0.08,10,0.55,4.02,127.1,52.0,25.6,15.7,0,1.00,""
28000043,hull_skiff,track,turret_gun,true,1177257,70.0,31791,35,310,117.9,149.8,0.09,11,0.53,3.90,80.5,52.3,26.4,14.3,0,1.00,""
28000044,hull_skiff,track,turret_gun,true,301174,46.9,2977,40,32,43.7,202.1,0.09,11,0.55,3.19,112.7,36.7,14.2,7.7,0,1.00,""
28000045,hull_skiff,track,turret_gun,true,667632,70.0,19257,22,10,120.4,177.8,0.08,10,0.51,3.94,102.8,56.4,24.1,14.7,0,1.00,""
28000046,hull_skiff,track,turret_gun,true,48758,70.0,1089,20,11,14.9,168.2,0.05,7,0.45,2.56,71.2,21.0,7.7,3.6,0,1.00,""
28000047,hull_skiff,track,turret_missile,true,65295,64.2,920,36,59,15.1,276.4,3.73,316,1.55,2.53,103.3,15.6,8.0,3.4,0,1.00,""
28000048,hull_skiff,track,turret_missile,true,6796,70.0,196,12,37,3.1,485.4,9.47,274,6.88,2.03,44.4,6.5,5.1,1.3,0,1.00,""
28000049,hull_skiff,track,turret_gun,true,59059,70.0,1930,37,13,21.3,1316.0,0.04,6,0.46,2.85,84.9,21.9,8.1,5.3,0,1.00,""
28000050,hull_skiff,track,turret_gun,true,222453,38.4,1812,14,5,63.9,33.1,0.02,4,0.46,3.36,113.0,41.7,15.6,9.1,0,1.00,""
28000051,hull_skiff,track,turret_gun,true,32210,70.0,1060,31,9,12.2,54.7,0.01,2,0.30,2.76,74.1,14.7,6.1,4.7,0,1.00,""
28000052,hull_skiff,track,turret_gun,true,404271,70.0,7129,46,22,66.5,175.5,0.23,20,0.76,2.98,71.5,35.8,18.2,6.1,0,1.00,""
28000053,hull_skiff,track,turret_missile,true,191701,48.9,2156,13,5,51.9,982.9,19.58,314,3.39,3.29,68.6,34.1,14.4,8.6,0,1.00,""
28000054,hull_skiff,track,turret_missile,true,9958,40.4,87,28,38,2.8,326.4,4.50,304,1.57,2.10,39.9,9.1,3.3,1.5,0,1.00,""
28000055,hull_skiff,track,turret_missile,true,469917,49.7,4948,15,161,95.5,1503.9,28.05,360,0.86,3.16,84.4,43.2,20.2,7.5,0,1.00,""
28000056,hull_skiff,track,turret_missile,true,9816,56.1,132,32,44,6.9,1770.4,41.58,847,5.79,2.35,124.7,3.8,5.3,2.5,0,1.00,""
28000057,hull_skiff,track,turret_gun,true,228529,70.0,7776,24,11,41.6,52.6,0.03,5,0.65,3.21,59.8,35.1,14.0,7.9,0,1.00,""
28000058,hull_skiff,track,turret_missile,true,36430,70.0,1062,25,21,12.4,3329.8,72.56,730,3.24,2.44,70.4,13.7,8.4,2.9,0,1.00,""
28000059,hull_skiff,track,turret_gun,true,240683,66.4,3431,43,27,37.6,104.8,0.05,7,0.54,2.78,55.2,26.8,14.5,4.9,0,1.00,""
28000060,hull_skiff,track,turret_missile,true,490554,70.0,14921,36,25,69.5,4918.5,109.87,600,2.19,3.12,70.9,30.6,19.5,7.2,0,1.00,""
28000061,hull_skiff,track,turret_beam,true,1077832,69.6,15990,37,199,128.6,6393.4,31.38,520,13.89,3.40,103.5,53.1,26.4,9.4,0,1.00,""
28000062,hull_skiff,track,turret_missile,true,145423,47.2,1452,28,132,30.9,742.5,14.08,584,4.82,2.72,69.1,21.3,13.0,4.5,0,1.00,""
28000063,hull_skiff,track,turret_beam,true,58378,40.0,504,50,45,11.1,195.0,133.02,35,0.71,2.51,58.4,18.7,5.7,3.3,0,1.00,""
28000064,hull_skiff,track,turret_beam,true,1036900,70.0,30365,37,318,120.8,8975.5,58.88,402,5.58,4.03,87.9,46.0,25.5,15.8,0,1.00,""
28000065,hull_skiff,track,turret_missile,true,97924,70.0,3764,25,10,27.7,4070.1,91.71,556,2.84,2.97,84.7,26.8,10.4,6.1,0,1.00,""
28000066,hull_skiff,track,turret_gun,true,19878,70.0,413,52,38,3.5,52.0,0.01,1,0.30,2.32,67.7,11.9,4.7,2.4,0,1.00,""
28000067,hull_skiff,track,turret_beam,true,55163,66.2,825,25,28,16.2,326.4,41.06,20,0.99,2.45,65.8,12.8,8.9,3.0,0,1.00,""
28000068,hull_skiff,track,turret_gun,true,483948,70.0,10662,7,105,101.7,1531.5,0.07,9,0.66,4.37,108.9,49.1,20.2,19.8,0,1.00,""
28000069,hull_skiff,track,turret_gun,true,8740,70.0,283,27,9,3.1,1179.5,0.03,4,0.38,2.25,34.1,11.5,2.9,2.1,0,1.00,""
28000070,hull_skiff,track,turret_beam,true,110134,60.0,1477,12,14,36.1,586.9,31.27,37,1.67,3.11,116.7,29.1,12.5,7.1,0,1.00,""
28000071,hull_skiff,track,turret_beam,true,620477,51.5,6689,38,19,76.2,181.3,0.39,2,4.37,3.60,87.3,52.4,19.1,11.3,0,1.00,""
28000072,hull_skiff,track,turret_beam,true,234682,70.0,5793,16,11,43.8,2301.0,407.38,1727,3.85,3.06,108.1,36.7,13.7,6.7,0,1.00,""
28000073,hull_skiff,track,turret_gun,true,587270,44.4,5554,86,27,77.6,80.1,0.09,10,0.79,3.31,83.2,42.2,21.1,8.7,0,1.00,""
28000074,hull_skiff,track,turret_missile,true,81525,70.0,2079,25,15,19.2,5226.4,113.82,614,1.11,2.47,61.3,21.3,10.7,3.1,0,1.00,""
28000075,hull_skiff,track,turret_gun,true,367313,70.0,6269,34,16,69.3,40.3,0.02,4,0.51,3.16,103.8,38.4,19.1,7.5,0,1.00,""
28000076,hull_skiff,track,turret_beam,true,29909,70.0,1066,20,12,9.2,65.8,0.16,0,0.45,2.39,68.1,16.1,6.1,2.7,0,1.00,""
28000077,hull_skiff,track,turret_missile,true,545044,70.0,16286,49,26,70.7,11649.2,338.45,715,2.70,3.32,73.2,36.4,20.2,8.8,0,1.00,""
28000078,hull_skiff,track,turret_gun,true,215326,70.0,5871,35,40,34.6,121.2,0.23,15,1.31,2.84,55.5,29.1,13.1,5.2,0,1.00,""
28000079,hull_skiff,track,turret_gun,true,474157,70.0,10762,34,132,72.2,141.7,0.05,7,0.45,3.42,108.1,37.6,18.3,9.6,0,1.00,""
28000080,hull_skiff,track,turret_gun,true,27993,70.0,479,35,8,9.1,190.1,0.08,10,0.52,2.54,60.1,18.7,5.4,3.5,0,1.00,""
28000081,hull_skiff,track,turret_beam,true,15533,52.1,174,44,25,3.6,52.5,0.10,0,0.54,2.14,59.9,12.0,4.8,1.7,0,1.00,""
28000082,hull_skiff,track,turret_beam,true,259940,70.0,5277,29,138,45.9,124.5,0.23,1,4.25,2.77,67.3,35.6,14.7,4.8,0,1.00,""
28000083,hull_skiff,track,turret_gun,true,62530,70.0,2329,9,4,29.7,92.7,0.05,8,0.52,2.84,114.4,21.4,10.7,5.2,0,1.00,""
28000084,hull_skiff,track,turret_missile,true,15658,40.3,143,23,8,9.7,1703.1,31.93,405,1.67,2.53,83.6,11.3,5.5,3.4,0,1.00,""
28000085,hull_skiff,track,turret_beam,true,8015,64.4,136,17,29,3.2,47.3,1.20,1,0.99,2.38,42.4,7.0,4.2,2.7,0,1.00,""
28000086,hull_skiff,track,turret_beam,true,587700,61.1,7668,39,22,78.4,192.8,0.48,5,8.77,3.62,96.2,48.7,18.7,11.5,0,1.00,""
28000087,hull_skiff,track,turret_beam,true,456615,70.0,12344,19,8,79.3,110.7,0.38,2,4.91,3.77,112.0,50.4,17.8,13.0,0,1.00,""
28000088,hull_skiff,track,turret_missile,true,989321,49.8,10427,44,24,148.8,4368.1,101.51,578,3.46,4.47,123.3,52.2,24.0,21.0,0,1.00,""
28000089,hull_skiff,track,turret_gun,true,22561,70.0,633,31,27,7.7,255.6,0.49,29,1.18,2.50,92.6,11.1,5.1,3.3,0,1.00,""
28000090,hull_skiff,track,turret_beam,true,151191,70.0,5592,57,57,21.6,2223.7,424.16,403,1.47,2.73,85.1,18.4,8.5,4.5,0,1.00,""
28000091,hull_skiff,track,turret_missile,true,844105,48.6,8581,54,17,109.1,1038.0,22.36,304,3.49,3.69,87.5,53.7,24.2,12.1,0,1.00,""
28000092,hull_skiff,track,turret_beam,true,20229,48.0,217,20,43,7.7,84.3,0.96,0,0.56,2.57,65.1,11.2,4.4,3.6,0,1.00,""
28000093,hull_skiff,track,turret_gun,true,146289,67.7,2200,20,5,36.0,58.8,0.02,3,0.34,2.78,98.6,36.1,13.3,4.8,0,1.00,""
28000094,hull_skiff,track,turret_missile,true,364575,70.0,7785,19,133,86.4,4628.8,103.12,535,0.99,3.78,91.7,40.1,19.9,13.1,0,1.00,""
28000095,hull_skiff,track,turret_gun,true,395001,41.0,3416,17,8,62.1,166.3,0.29,20,1.09,3.50,53.7,46.2,18.6,10.3,0,1.00,""
28000096,hull_skiff,track,turret_gun,true,489059,40.4,4120,38,18,72.1,198.1,0.26,22,0.76,3.03,62.7,38.1,21.1,6.5,0,1.00,""
28000097,hull_skiff,track,turret_gun,true,558546,70.0,14953,30,220,66.1,236.2,0.34,26,0.85,3.35,54.8,37.6,18.8,9.0,0,1.00,""
28000098,hull_skiff,track,turret_missile,true,57546,48.2,593,43,24,15.3,300.3,6.38,587,9.72,2.47,75.5,15.8,8.6,3.1,0,1.00,""
28000099,hull_skiff,track,turret_gun,true,10964,70.0,270,10,26,5.5,183.3,0.31,21,1.08,2.52,56.5,8.4,5.8,3.3,0,1.00,""
28000100,hull_skiff,track,turret_beam,true,733300,70.0,23926,26,312,82.6,166.4,0.42,3,5.40,3.63,61.2,43.1,20.2,11.6,0,1.00,""
28000101,hull_skiff,track,turret_gun,true,653188,70.0,22823,93,28,72.0,2028.3,0.10,11,0.61,3.32,87.3,45.1,21.2,8.8,0,1.00,""
28000102,hull_skiff,track,turret_missile,true,43677,48.2,454,27,21,7.4,6218.2,157.12,549,1.04,2.45,78.6,21.0,6.3,3.0,0,1.00,""
28000103,hull_skiff,track,turret_gun,true,90107,42.0,800,22,17,21.3,106.1,0.03,5,0.43,2.70,54.4,23.7,11.1,4.4,0,1.00,""
28000104,hull_skiff,track,turret_beam,true,63410,70.0,1771,31,16,18.4,706.1,5.05,3,1.10,2.78,56.8,20.9,10.0,4.8,0,1.00,""
28000105,hull_skiff,track,turret_gun,true,1035027,38.5,8732,17,308,144.3,155.4,0.18,17,0.80,3.98,81.9,49.7,26.2,15.2,0,1.00,""
28000106,hull_skiff,track,turret_gun,true,1089390,68.7,16446,38,23,124.8,1855.7,0.08,10,0.52,3.91,82.7,52.6,26.4,14.4,0,1.00,""
29000007,hull_skiff,wheel,turret_gun,true,42272,137.5,1420,19,14,19.1,222.5,0.32,24,0.94,2.55,194.5,15.0,9.0,3.5,0,1.00,""
29000008,hull_skiff,wheel,turret_gun,true,68344,126.6,1936,37,31,20.9,29.7,0.01,1,0.30,2.34,71.7,12.8,12.8,2.5,0,1.00,""
29000009,hull_skiff,wheel,turret_missile,true,279355,100.0,3164,49,18,65.4,5197.8,120.02,533,0.65,3.44,130.4,36.9,18.2,9.9,0,1.00,""
29000010,hull_skiff,wheel,turret_missile,true,28197,140.0,867,34,29,4.8,6781.0,155.43,667,1.39,2.10,314.9,14.3,6.0,1.6,0,1.00,""
29000011,hull_skiff,wheel,turret_gun,true,13629,140.0,345,68,21,3.8,46.2,0.02,4,0.39,2.27,160.8,9.8,4.6,2.2,0,1.00,""
29000012,hull_skiff,wheel,turret_gun,true,302064,70.0,6549,15,7,74.0,107.1,0.06,8,0.47,3.49,156.8,40.8,20.2,10.2,0,1.00,""
29000013,hull_skiff,wheel,turret_missile,true,29070,107.5,504,13,9,13.5,719.7,12.10,438,3.81,2.66,34.9,15.6,9.3,4.1,0,1.00,""
29000014,hull_skiff,wheel,turret_gun,true,80005,105.3,1890,61,19,18.6,26.8,0.00,1,0.30,2.48,68.3,17.8,9.5,3.2,0,1.00,""
29000015,hull_skiff,wheel,turret_gun,true,606058,74.3,10262,56,24,105.0,261.6,0.46,27,1.18,3.16,198.2,47.6,23.1,7.5,0,1.00,""
29000016,hull_skiff,wheel,turret_gun,true,222966,70.0,6106,27,16,46.6,173.6,0.26,20,1.00,2.90,115.7,29.9,14.1,5.6,0,1.00,""
29000017,hull_skiff,wheel,turret_beam,true,101770,118.4,3411,16,11,28.2,14.1,0.02,0,0.74,2.68,114.1,22.8,14.1,4.3,0,1.00,""
29000018,hull_skiff,wheel,turret_gun,false,284070,72.2,3503,7,4,89.7,168.4,0.27,20,0.96,3.50,113.3,40.5,19.2,10.5,0,0.08,"overloaded: 284070 kg on running gear rated 266999 kg"
29000019,hull_skiff,wheel,turret_beam,false,136176,70.0,3218,4,4,48.9,1285.6,7.24,27,3.49,2.80,106.0,24.5,16.1,5.0,0,0.08,"overloaded: 136176 kg on running gear rated 88889 kg"
29000020,hull_skiff,wheel,turret_missile,false,434869,70.0,5489,5,2,147.2,641.8,9.40,428,0.52,4.20,169.3,52.7,24.9,17.9,0,0.08,"overloaded: 434869 kg on running gear rated 134442 kg"
29000021,hull_skiff,wheel,turret_beam,true,9217,110.9,189,31,47,4.5,75.1,0.26,0,0.81,2.14,36.0,4.6,6.0,1.7,0,1.00,""
29000022,hull_skiff,wheel,turret_missile,true,130985,100.9,1473,30,15,32.9,1473.6,26.51,467,2.71,2.77,78.0,25.5,13.7,4.9,0,0.70,""
29000023,hull_skiff,wheel,turret_beam,false,323429,70.0,10464,6,2,124.3,206.8,0.67,5,5.95,4.06,251.8,56.8,23.9,16.1,0,0.08,"overloaded: 323429 kg on running gear rated 262095 kg"
29000024,hull_skiff,wheel,turret_missile,true,75730,85.2,732,9,5,44.9,1712.2,33.10,669,2.51,3.19,205.8,27.5,13.2,7.8,0,1.00,""
29000025,hull_skiff,wheel,turret_gun,true,355663,93.7,12041,14,5,116.6,26.1,0.01,1,0.30,3.73,266.1,53.5,24.1,12.5,0,1.00,""
29000026,hull_skiff,wheel,none,true,6657,140.0,194,28,22,1.6,0.0,0.00,0,0.00,2.02,271.3,8.3,3.0,1.2,0,1.00,""
29000027,hull_skiff,wheel,turret_gun,true,112472,93.8,1096,10,5,45.7,35.6,0.01,2,0.32,2.78,151.1,34.6,15.7,4.9,0,1.00,""
29000028,hull_skiff,wheel,turret_missile,true,295381,105.9,6785,28,10,92.5,1272.0,27.74,485,7.41,3.79,382.9,49.5,19.2,13.2,0,1.00,""
29000029,hull_skiff,wheel,turret_missile,false,351503,70.0,13578,4,4,84.3,377.7,5.64,300,3.59,3.53,136.8,44.5,20.6,10.8,0,0.08,"overloaded: 351503 kg on running gear rated 301683 kg"
29000030,hull_skiff,wheel,turret_gun,true,124402,119.8,2040,18,9,38.3,535.6,0.98,46,1.19,3.13,199.7,30.5,14.0,7.3,0,1.00,""
29000031,hull_skiff,wheel,turret_beam,true,29902,140.0,901,11,5,14.8,117.3,0.30,0,0.75,2.51,339.2,20.4,8.9,3.3,0,1.00,""
29000032,hull_skiff,wheel,turret_beam,true,93257,85.5,816,12,5,41.3,325.5,4.88,8,1.96,2.86,329.4,30.8,14.2,5.4,0,1.00,""
29000033,hull_skiff,wheel,turret_gun,true,8061,118.6,157,30,13,2.5,1068.2,0.05,7,0.55,2.26,76.5,9.6,3.7,2.1,0,1.00,""
29000034,hull_skiff,wheel,turret_beam,true,118511,81.8,1586,4,7,24.8,633.6,2.86,2,1.10,2.72,70.8,19.7,9.7,4.6,0,0.12,""
29000035,hull_skiff,wheel,turret_gun,true,733449,70.0,18457,62,16,158.6,107.8,0.18,15,1.02,4.15,380.7,60.0,26.5,17.2,0,1.00,""
29000036,hull_skiff,wheel,turret_gun,false,285201,72.9,6145,4,7,53.6,169.9,0.25,20,0.89,2.96,91.7,38.5,16.5,6.1,0,0.08,"overloaded: 285201 kg on running gear rated 202494 kg"
29000037,hull_skiff,wheel,turret_missile,false,311222,70.0,8689,7,3,99.9,2046.4,42.95,558,5.33,3.97,161.5,42.0,21.8,15.1,0,0.08,"overloaded: 311222 kg on running gear rated 167974 kg"
29000038,hull_skiff,wheel,turret_missile,true,102348,87.1,920,14,7,48.5,3113.8,74.92,540,5.68,3.08,453.5,32.6,13.9,6.9,0,1.00,""
29000039,hull_skiff,wheel,turret_gun,false,400442,74.6,3409,6,4,117.2,97.8,0.04,7,0.55,3.20,131.4,51.2,23.7,8.0,0,0.08,"overloaded: 400442 kg on running gear rated 303834 kg"
29000040,hull_skiff,wheel,turret_missile,true,275277,70.0,8146,16,6,80.0,20049.8,557.11,978,1.07,3.34,142.9,36.2,18.3,8.9,0,0.25,""
29000041,hull_skiff,wheel,turret_missile,true,399260,70.0,4150,25,22,66.2,3489.3,94.19,492,6.08,3.06,155.4,37.0,19.4,6.8,0,1.00,""
29000042,hull_skiff,wheel,turret_missile,false,158824,70.0,4704,4,3,59.0,1925.3,40.52,393,2.49,3.05,123.7,28.8,16.7,6.8,0,0.08,"overloaded: 158824 kg on running gear rated 124964 kg"
29000043,hull_skiff,wheel,turret_gun,true,46864,124.2,1329,24,24,14.2,139.6,0.06,8,0.46,2.36,45.9,11.7,9.0,2.6,0,1.00,""
29000044,hull_skiff,wheel,turret_beam,false,205850,70.0,2423,5,4,61.0,956.9,358.39,871,2.62,2.98,160.3,30.8,16.6,6.3,0,0.08,"overloaded: 205850 kg on running gear rated 69270 kg"
29000045,hull_skiff,wheel,turret_beam,false,544386,74.8,4723,6,4,137.7,1721.7,7.79,129,13.89,4.33,179.2,52.7,26.6,19.4,0,0.08,"overloaded: 544386 kg on running gear rated 179787 kg"
29000046,hull_skiff,wheel,turret_gun,true,22488,71.6,237,6,4,19.7,1108.1,0.04,6,0.47,2.95,148.0,19.5,8.3,5.9,0,1.00,""
29000047,hull_skiff,wheel,turret_gun,true,425798,106.7,4694,43,25,73.7,658.6,1.28,53,1.32,3.40,374.7,47.2,19.2,9.5,0,1.00,""
29000048,hull_skiff,wheel,turret_beam,true,538405,70.0,14566,19,15,102.8,56.9,0.16,3,12.60,3.78,279.5,50.6,23.4,13.2,0,0.50,""
29000049,hull_skiff,wheel,turret_missile,true,98698,92.5,935,13,5,41.3,10193.9,290.05,779,4.34,3.10,355.7,31.8,14.1,7.1,0,1.00,""
29000050,hull_skiff,wheel,turret_gun,true,18106,93.8,275,34,27,9.1,37.3,0.01,2,0.30,2.20,34.9,6.1,7.0,1.9,0,1.00,""
29000051,hull_skiff,wheel,turret_gun,false,235145,70.0,2600,5,3,76.3,52.5,0.01,3,0.32,3.32,122.1,41.6,17.7,8.9,0,0.08,"overloaded: 235145 kg on running gear rated 201377 kg"
29000052,hull_skiff,wheel,turret_gun,true,491400,70.0,6110,16,7,127.4,399.8,0.01,2,0.30,3.89,191.3,54.1,24.8,14.4,0,0.70,""
29000053,hull_skiff,wheel,turret_gun,false,384928,70.0,7232,4,3,94.2,115.5,0.19,15,1.14,3.69,149.8,53.3,21.8,12.1,0,0.08,"overloaded: 384928 kg on running gear rated 325469 kg"
29000054,hull_skiff,wheel,turret_gun,false,176061,74.8,2013,4,7,55.3,11.7,0.00,1,0.30,3.12,96.5,26.3,16.1,7.1,0,0.08,"overloaded: 176061 kg on running gear rated 162541 kg"
29000055,hull_skiff,wheel,turret_gun,true,8342,137.8,303,5,4,5.9,52.3,0.06,8,0.79,2.23,217.2,10.7,5.2,2.0,0,1.00,""
29000056,hull_skiff,wheel,turret_gun,true,387026,77.7,11739,7,4,91.9,2915.2,0.17,17,0.71,3.82,131.8,46.6,21.9,13.5,0,0.17,""
29000057,hull_skiff,wheel,turret_missile,true,75997,77.4,628,17,9,22.7,6536.1,164.09,680,4.32,2.49,52.9,22.6,12.0,3.2,0,1.00,""
29000058,hull_skiff,wheel,turret_gun,true,90200,111.3,3170,16,5,35.0,51.9,0.01,2,0.32,2.82,64.9,22.7,12.7,5.2,0,1.00,""
29000059,hull_skiff,wheel,turret_gun,true,15133,100.2,454,257,13,3.9,64.4,0.04,7,0.56,2.32,307.7,9.8,3.8,2.4,0,1.00,""
29000060,hull_skiff,wheel,turret_gun,false,329100,70.0,7756,11,3,106.0,117.8,0.06,8,0.50,3.23,256.2,51.7,23.4,8.2,0,0.08,"overloaded: 329100 kg on running gear rated 68829 kg"
29000061,hull_skiff,wheel,turret_gun,true,73670,84.5,683,7,8,32.6,166.3,0.24,21,0.76,2.69,61.0,16.1,13.8,4.3,0,1.00,""
29000062,hull_skiff,wheel,turret_gun,true,108019,95.9,3541,13,16,33.8,47.7,0.01,2,0.30,2.82,78.8,15.6,13.1,5.2,0,1.00,""
29000063,hull_skiff,wheel,turret_missile,true,228073,70.0,7331,35,21,52.9,7881.6,208.14,799,4.51,3.03,177.6,25.4,15.6,6.6,0,1.00,""
29000064,hull_skiff,wheel,turret_missile,true,4335,140.0,172,9,6,2.4,622.7,11.77,310,6.43,1.94,63.3,9.2,5.7,1.0,0,0.17,""
29000065,hull_skiff,wheel,turret_beam,true,216091,102.0,1878,54,25,40.5,186.9,0.47,2,3.38,3.01,127.3,31.6,13.5,6.4,0,1.00,""
29000066,hull_skiff,wheel,turret_gun,true,49264,121.5,804,46,29,14.3,104.6,0.06,8,0.56,2.38,121.0,11.1,10.5,2.7,0,1.00,""
29000067,hull_skiff,wheel,turret_gun,true,8151,125.9,209,22,14,4.7,1047.0,0.04,6,0.47,2.49,203.2,7.3,3.9,3.2,0,1.00,""
29000068,hull_skiff,wheel,turret_beam,false,328565,70.0,3921,5,3,75.1,1545.8,15.00,35,2.53,3.55,127.9,43.0,18.5,10.9,0,0.08,"overloaded: 328565 kg on running gear rated 142300 kg"
29000069,hull_skiff,wheel,turret_beam,true,108951,134.7,2631,54,15,34.0,209.2,0.58,1,1.61,3.02,312.3,26.2,12.6,6.5,0,1.00,""
29000070,hull_skiff,wheel,turret_gun,true,434318,97.7,9613,27,7,120.5,378.8,0.62,36,1.04,4.29,267.5,54.9,23.2,18.9,0,1.00,""
29000071,hull_skiff,wheel,turret_gun,true,319497,121.6,4099,54,19,70.1,135.8,0.21,18,0.88,2.99,451.4,42.7,18.5,6.3,0,1.00,""
29000072,hull_skiff,wheel,turret_gun,false,413668,70.0,10304,5,2,127.4,227.3,0.49,26,1.36,3.87,161.0,50.6,24.0,14.1,0,0.08,"overloaded: 413668 kg on running gear rated 338801 kg"
29000073,hull_skiff,wheel,turret_gun,true,170887,87.1,1406,17,8,61.5,12.8,0.00,1,0.30,3.14,165.7,34.6,17.7,7.4,0,1.00,""
29000074,hull_skiff,wheel,turret_gun,true,6886,70.7,60,69,14,2.0,799.2,0.02,3,0.34,2.03,56.9,9.2,3.4,1.3,0,1.00,""
29000075,hull_skiff,wheel,turret_missile,true,157811,95.9,4498,18,16,34.1,32009.6,1015.80,1083,1.37,2.72,69.0,25.8,12.5,4.4,0,1.00,""
29000076,hull_skiff,wheel,turret_beam,true,401921,93.4,13455,28,11,79.8,5338.5,38.84,567,11.82,3.46,177.5,51.0,19.7,10.1,0,1.00,""
29000077,hull_skiff,wheel,turret_gun,true,32666,129.0,824,11,6,11.1,339.5,0.01,2,0.33,2.41,40.7,17.8,7.4,2.8,0,1.00,""
29000078,hull_skiff,wheel,turret_gun,true,90401,115.1,1688,27,10,27.7,19.3,0.00,1,0.30,2.69,58.5,25.2,12.2,4.3,0,1.00,""
29000079,hull_skiff,wheel,turret_missile,true,227235,111.2,5616,24,9,64.4,2765.8,55.73,468,1.37,3.26,237.4,42.7,18.1,8.3,0,1.00,""
29000080,hull_skiff,wheel,turret_missile,true,29016,122.4,455,92,18,8.3,15448.0,424.06,917,2.19,2.71,206.4,16.1,5.2,4.4,0,1.00,""
29000081,hull_skiff,wheel,turret_missile,true,79493,81.9,650,17,11,20.9,3078.2,64.96,457,0.89,2.46,50.8,20.8,10.3,3.0,0,1.00,""
29000082,hull_skiff,wheel,turret_gun,true,209309,70.0,3236,15,12,44.7,4.9,0.00,0,0.30,2.85,108.6,27.5,13.8,5.4,0,0.70,""
29000083,hull_skiff,wheel,turret_missile,true,135926,95.9,3605,5,4,48.7,12620.3,315.54,944,0.57,2.89,74.3,28.7,16.3,5.6,0,0.08,""
29000084,hull_skiff,wheel,turret_beam,true,320613,102.1,6322,35,19,57.1,2509.2,262.84,743,2.90,3.36,189.9,39.6,16.1,9.2,0,1.00,""
29000085,hull_skiff,wheel,turret_gun,true,86865,117.2,3084,17,6,22.3,108.8,0.17,15,0.94,2.75,109.9,27.2,12.2,4.7,0,1.00,""
29000086,hull_skiff,wheel,turret_missile,true,288830,70.0,3702,15,10,80.0,839.3,16.30,284,2.05,3.38,224.9,36.5,19.4,9.4,0,1.00,""
29000087,hull_skiff,wheel,turret_missile,true,201145,70.0,1687,21,11,60.4,23862.6,684.64,1077,0.62,3.05,156.6,28.6,18.2,6.8,0,1.00,""
29000088,hull_skiff,wheel,turret_gun,true,11061,123.7,246,30,13,5.5,1811.5,0.09,11,0.56,2.38,242.8,8.7,4.8,2.7,0,1.00,""
29000089,hull_skiff,wheel,turret_gun,false,190961,70.0,6904,3,4,81.8,1361.1,0.07,9,0.61,3.41,148.7,31.9,19.8,9.8,0,0.08,"overloaded: 190961 kg on running gear rated 90675 kg"
29000090,hull_skiff,wheel,turret_missile,false,470892,70.0,6241,5,3,133.5,2856.0,65.43,941,1.75,4.28,244.4,59.2,24.2,18.8,0,0.08,"overloaded: 470892 kg on running gear rated 199304 kg"
29000091,hull_skiff,wheel,turret_gun,true,389323,70.0,9640,35,23,75.8,132.1,0.08,10,0.52,3.03,303.1,37.3,19.9,6.6,0,1.00,""
29000092,hull_skiff,wheel,turret_gun,true,153579,95.8,1281,79,23,39.0,375.2,0.01,2,0.36,2.68,133.8,28.0,14.0,4.2,0,1.00,""
29000093,hull_skiff,wheel,turret_gun,true,13696,84.8,154,20,7,7.6,490.8,0.81,42,1.13,2.43,205.9,14.9,4.7,2.9,0,1.00,""
29000094,hull_skiff,wheel,turret_missile,true,445706,99.9,14428,44,24,74.0,629.8,11.44,288,4.18,3.56,375.6,49.1,19.4,11.0,0,1.00,""
29000095,hull_skiff,wheel,turret_gun,false,195579,70.0,7246,4,2,77.5,272.8,0.42,27,1.02,3.29,152.3,32.9,19.7,8.6,0,0.08,"overloaded: 195579 kg on running gear rated 118523 kg"
29000096,hull_skiff,wheel,turret_gun,true,252477,70.0,3633,4,3,70.4,387.0,0.66,36,1.10,3.27,131.0,38.7,18.4,8.3,0,0.12,""
29000097,hull_skiff,wheel,turret_gun,false,381523,70.0,10494,9,3,106.9,379.9,0.01,1,0.30,3.76,198.0,49.9,24.2,12.9,0,0.08,"overloaded: 381523 kg on running gear rated 161692 kg"
29000098,hull_skiff,wheel,turret_beam,true,219505,70.0,3630,49,26,45.9,53.7,0.11,0,1.24,2.82,170.9,26.6,14.8,5.2,0,1.00,""
29000099,hull_skiff,wheel,turret_gun,true,303320,70.0,5427,14,5,88.8,148.5,0.22,19,0.85,3.47,157.4,45.5,19.4,10.2,0,1.00,""
29000100,hull_skiff,wheel,turret_beam,true,336892,70.0,6674,79,23,69.1,2650.0,227.88,1073,4.16,3.36,262.3,34.9,17.4,9.3,0,1.00,""
29000101,hull_skiff,wheel,turret_missile,true,141906,119.3,2356,30,13,42.0,5907.4,155.96,606,4.46,3.21,269.3,35.5,14.9,7.9,0,1.00,""
29000102,hull_skiff,wheel,turret_missile,true,216793,113.1,4347,55,27,38.8,1536.3,33.88,362,3.96,2.90,230.5,30.9,15.0,5.7,0,1.00,""
29000103,hull_skiff,wheel,turret_beam,true,264619,70.0,7964,10,5,85.2,113.4,0.37,3,6.24,3.31,206.0,36.9,20.9,8.9,0,1.00,""
29000104,hull_skiff,wheel,turret_missile,true,238890,114.7,3820,64,17,51.5,4830.4,123.07,573,4.70,2.94,475.7,41.0,15.1,5.9,0,1.00,""
29000105,hull_skiff,wheel,turret_gun,true,199672,103.8,1788,44,21,37.5,11.6,0.00,1,0.30,2.89,139.4,31.6,13.4,5.6,0,1.00,""
29000106,hull_skiff,wheel,turret_missile,true,448066,70.0,13021,37,17,109.3,6111.0,157.69,596,3.39,3.79,348.9,44.4,22.7,13.3,0,1.00,""
30000007,hull_skiff,legs,turret_gun,true,525482,12.7,18577,7,4,82.5,153.8,0.04,6,0.45,4.00,42.5,36.1,32.8,16.0,0,1.00,""
30000008,hull_skiff,legs,turret_gun,true,843457,12.9,30723,30,17,117.3,64.8,0.02,3,0.38,4.00,84.3,35.6,48.3,17.5,0,1.00,""
30000009,hull_skiff,legs,turret_gun,true,2019542,8.5,49000,50,23,180.1,166.0,0.07,9,0.66,3.98,98.5,50.3,50.2,15.2,0,1.00,""
30000010,hull_skiff,legs,turret_missile,true,658573,6.9,12520,32,23,99.2,2193.8,48.59,396,2.25,3.86,59.6,43.8,30.2,13.9,0,1.00,""
30000011,hull_skiff,legs,turret_gun,true,691456,19.1,36691,35,17,66.3,289.8,0.01,2,0.45,3.62,43.9,27.6,35.6,11.4,0,1.00,""
30000012,hull_skiff,legs,turret_gun,true,49414,6.7,907,8,5,26.5,2176.5,0.10,11,0.56,2.94,74.5,23.4,15.6,5.9,0,1.00,""
30000013,hull_skiff,legs,turret_gun,true,6675,10.5,209,43,6,4.2,74.9,0.05,7,0.54,2.69,74.6,7.3,5.7,4.3,0,1.00,""
30000014,hull_skiff,legs,turret_missile,true,1223207,14.5,49000,30,18,140.2,12971.8,384.90,833,4.95,4.00,119.4,53.1,46.1,22.5,0,1.00,""
30000015,hull_skiff,legs,turret_missile,true,645960,19.3,34230,6,4,127.3,885.8,14.80,500,1.82,4.69,68.4,50.9,31.9,24.0,0,1.00,""
30000016,hull_skiff,legs,turret_gun,true,221455,8.4,5459,61,18,50.9,357.5,0.16,16,0.65,3.83,73.4,33.6,23.4,13.6,0,1.00,""
30000017,hull_skiff,legs,turret_missile,true,54063,8.5,1275,19,12,26.0,1177.1,22.80,424,6.02,3.04,80.3,18.1,18.2,6.6,0,1.00,""
30000018,hull_skiff,legs,turret_gun,true,189298,29.9,16206,42,23,34.8,152.1,0.00,1,0.30,3.39,76.2,28.4,27.5,9.4,0,1.00,""
30000019,hull_skiff,legs,turret_gun,true,992835,18.0,49000,33,26,101.4,127.3,0.17,16,0.80,4.52,61.4,40.6,32.6,21.7,0,1.00,""
30000020,hull_skiff,legs,turret_beam,true,91869,19.8,7351,59,20,19.8,1409.6,4.89,1,0.57,2.92,42.7,19.3,16.3,5.7,0,1.00,""
30000021,hull_skiff,legs,turret_beam,true,145522,21.3,8600,33,24,29.7,3380.0,219.88,384,2.12,3.34,86.7,19.2,22.8,8.9,0,1.00,""
30000022,hull_skiff,legs,turret_gun,true,290798,10.6,8588,31,18,52.2,69.5,0.01,2,0.30,3.74,46.8,30.3,25.0,12.7,0,1.00,""
30000023,hull_skiff,legs,turret_gun,true,47160,18.4,3227,6,4,22.3,245.6,0.15,15,0.67,2.82,43.1,14.7,15.4,5.1,0,1.00,""
30000024,hull_skiff,legs,turret_gun,true,127064,24.7,8638,16,5,46.1,135.2,0.19,18,0.74,3.23,79.5,25.0,26.6,8.1,0,1.00,""
30000025,hull_skiff,legs,turret_beam,true,3102940,5.2,49000,21,16,117.4,5730.4,33.24,197,4.98,4.36,121.1,39.1,57.0,19.7,0,1.00,""
30000026,hull_skiff,legs,turret_gun,true,827696,20.0,45560,45,20,101.1,1196.6,0.04,6,0.43,4.33,69.5,44.0,36.2,19.3,0,1.00,""
30000027,hull_skiff,legs,turret_beam,true,377929,24.6,25832,11,3,90.6,49.4,0.07,0,3.00,4.16,50.5,39.1,33.6,17.2,0,1.00,""
30000028,hull_skiff,legs,turret_beam,true,1001246,12.7,35089,46,20,148.7,1170.2,4.16,69,13.89,5.11,89.0,59.1,36.8,30.1,0,1.00,""
30000029,hull_skiff,legs,turret_beam,true,1124760,14.8,46258,38,13,113.5,8390.2,56.74,683,9.50,4.28,56.8,49.7,40.4,18.7,0,1.00,""
30000030,hull_skiff,legs,turret_gun,true,547413,8.8,14191,36,16,118.4,66.0,0.03,5,0.45,4.50,90.4,50.6,28.3,21.4,0,1.00,""
30000031,hull_skiff,legs,turret_gun,true,21175,10.0,580,29,9,9.4,916.2,0.03,5,0.45,3.03,76.0,17.8,11.7,6.5,0,1.00,""
30000032,hull_skiff,legs,turret_gun,true,1144614,12.7,40468,31,16,142.9,98.3,0.15,14,0.89,3.91,74.5,51.1,43.9,14.4,0,1.00,""
30000033,hull_skiff,legs,turret_gun,true,54232,7.0,1179,17,10,20.6,1020.2,0.04,6,0.63,3.20,60.5,19.1,14.1,7.8,0,1.00,""
30000034,hull_skiff,legs,turret_missile,true,247659,20.6,18781,45,18,46.1,2585.7,58.32,504,5.53,3.33,59.9,32.5,22.9,8.9,0,1.00,""
30000035,hull_skiff,legs,turret_beam,true,622816,18.7,32091,63,22,79.3,23.3,0.03,0,2.61,3.33,60.8,37.0,32.4,8.8,0,1.00,""
30000036,hull_skiff,legs,turret_gun,true,308024,30.3,26487,27,17,60.1,112.1,0.04,6,0.43,3.99,57.4,34.6,20.4,15.3,0,1.00,""
30000037,hull_skiff,legs,turret_beam,true,72607,6.7,1358,56,10,24.7,69.4,0.14,0,1.18,3.43,56.1,25.6,15.3,9.8,0,1.00,""
30000038,hull_skiff,legs,turret_missile,true,17734,15.8,980,14,6,14.3,4510.2,113.39,519,3.19,2.89,60.4,11.7,9.0,5.6,0,1.00,""
30000039,hull_skiff,legs,turret_beam,true,190108,24.5,13787,15,9,56.6,3740.3,13.89,30,2.41,3.69,43.7,33.6,19.4,12.1,0,1.00,""
30000040,hull_skiff,legs,turret_gun,true,219315,9.5,5753,59,25,45.0,462.1,0.83,39,1.29,3.75,66.5,29.4,20.9,12.7,0,1.00,""
30000041,hull_skiff,legs,turret_gun,true,2036581,6.8,39369,26,9,182.0,63.3,0.04,6,0.58,4.86,66.9,56.0,48.7,26.5,0,1.00,""
30000042,hull_skiff,legs,turret_missile,true,1450208,11.7,47201,11,4,125.8,3329.5,88.89,506,6.56,4.00,70.8,39.8,36.7,17.0,0,1.00,""
30000043,hull_skiff,legs,turret_missile,true,205103,12.6,7072,25,6,84.8,4859.1,114.85,683,4.36,4.07,89.6,46.8,21.3,16.2,0,1.00,""
30000044,hull_skiff,legs,turret_beam,true,809284,7.4,16518,41,15,155.6,14.1,0.02,0,13.89,4.96,81.4,58.0,31.6,27.9,0,1.00,""
30000045,hull_skiff,legs,turret_gun,true,111534,23.0,7045,36,24,25.3,907.7,0.05,7,0.72,3.25,83.7,19.4,20.5,8.2,0,1.00,""
30000046,hull_skiff,legs,turret_missile,true,117308,17.3,5532,23,10,41.0,3825.5,94.24,1049,1.58,3.18,84.3,26.7,18.3,7.7,0,1.00,""
30000047,hull_skiff,legs,turret_beam,true,752287,19.3,39638,32,9,142.5,6483.8,42.22,506,9.45,4.52,50.3,56.5,28.9,21.7,0,1.00,""
30000048,hull_skiff,legs,turret_gun,true,313370,15.3,13248,23,8,70.1,156.7,0.07,9,0.49,3.37,64.5,33.4,29.5,9.2,0,1.00,""
30000049,hull_skiff,legs,turret_missile,true,264956,8.9,7009,46,22,48.0,1509.8,33.63,335,2.12,3.73,73.0,35.2,26.1,12.6,0,1.00,""
30000050,hull_skiff,legs,turret_beam,true,802060,12.2,27106,42,23,94.4,10674.2,95.88,342,3.40,4.54,86.0,51.1,37.7,22.0,0,1.00,""
30000051,hull_skiff,legs,turret_gun,true,487038,7.8,10595,48,22,92.6,303.5,0.12,13,0.59,3.82,97.2,30.1,35.6,13.4,0,1.00,""
30000052,hull_skiff,legs,turret_beam,true,84581,20.1,4655,21,10,24.5,616.0,1.57,1,1.25,3.32,57.6,23.0,15.0,8.8,0,1.00,""
30000053,hull_skiff,legs,turret_beam,true,78382,16.5,3575,24,17,15.6,1411.8,224.04,81,0.85,2.91,42.9,12.3,11.5,5.7,0,1.00,""
30000054,hull_skiff,legs,turret_gun,true,1914602,9.1,49000,50,21,157.4,116.3,0.05,7,0.50,4.82,74.7,54.6,44.5,25.9,0,1.00,""
30000055,hull_skiff,legs,turret_beam,true,65415,9.8,1769,19,10,19.1,104.4,0.16,0,1.36,2.99,79.1,25.6,16.0,6.3,0,1.00,""
30000056,hull_skiff,legs,turret_beam,true,588707,8.7,14262,16,5,158.2,220.1,0.74,7,7.74,4.81,67.1,58.4,35.3,25.8,0,1.00,""
30000057,hull_skiff,legs,turret_gun,true,360154,13.3,13221,48,21,71.6,42.9,0.01,2,0.30,3.98,93.1,39.5,20.2,15.2,0,1.00,""
30000058,hull_skiff,legs,turret_gun,true,15773,12.9,562,24,17,7.0,42.2,0.01,1,0.30,2.82,53.8,9.4,8.4,5.1,0,1.00,""
30000059,hull_skiff,legs,turret_gun,true,20878,14.1,816,82,18,7.9,37.3,0.02,3,0.45,2.91,94.4,12.2,8.8,5.7,0,1.00,""
30000060,hull_skiff,legs,turret_missile,true,534070,8.9,13187,36,16,109.9,5005.0,114.73,578,2.15,4.50,95.4,52.5,31.2,21.5,0,1.00,""
30000061,hull_skiff,legs,turret_gun,true,25020,14.7,1008,25,28,8.0,83.2,0.02,4,0.39,2.68,63.6,8.1,13.1,4.2,0,1.00,""
30000062,hull_skiff,legs,turret_beam,true,570860,11.2,17842,13,7,101.4,165.0,0.40,1,2.63,3.97,65.4,32.9,39.1,15.1,0,1.00,""
30000063,hull_skiff,legs,turret_gun,true,4097063,3.9,49000,18,6,247.0,136.3,0.21,18,0.88,4.85,399.8,55.6,54.9,26.3,0,1.00,""
30000064,hull_skiff,legs,turret_beam,true,720863,24.8,49000,21,11,106.6,45.3,0.13,1,5.61,4.36,95.2,53.0,33.2,19.6,0,1.00,""
30000065,hull_skiff,legs,turret_beam,true,414769,28.6,32533,59,23,56.5,141.4,0.25,1,2.86,3.78,47.4,32.7,23.9,13.0,0,1.00,""
30000066,hull_skiff,legs,turret_gun,true,64029,22.6,3956,28,18,19.9,131.5,0.06,8,0.57,3.16,99.1,16.3,15.5,7.5,0,1.00,""
30000067,hull_skiff,legs,turret_missile,true,13077802,0.9,49000,32,16,322.8,1182.2,19.53,536,0.45,4.00,638.1,53.0,62.5,21.2,0,1.00,""
30000068,hull_skiff,legs,turret_missile,true,36758,17.7,2900,28,16,12.9,309.2,4.21,329,1.36,2.69,90.9,16.3,12.9,4.3,0,1.00,""
30000069,hull_skiff,legs,turret_missile,true,269392,27.6,20375,43,9,65.5,540.2,9.31,336,5.44,3.89,77.9,38.4,26.1,14.2,0,1.00,""
30000070,hull_skiff,legs,turret_gun,true,411873,13.7,15630,34,17,97.5,153.7,0.07,9,0.49,4.00,98.4,33.6,41.1,16.7,0,1.00,""
30000071,hull_skiff,legs,turret_gun,true,222926,14.9,9120,36,16,45.8,146.7,0.06,8,0.47,3.14,50.9,30.0,24.4,7.3,0,1.00,""
30000072,hull_skiff,legs,turret_beam,true,874671,13.2,32252,27,17,120.8,10051.9,71.55,835,9.19,4.18,85.4,45.5,38.5,17.5,0,1.00,""
30000073,hull_skiff,legs,turret_gun,true,612248,28.9,49000,33,15,100.7,59.6,0.05,7,0.67,3.99,98.6,49.5,37.0,15.3,0,1.00,""
30000074,hull_skiff,legs,turret_gun,true,615438,21.8,36795,27,14,110.0,47.7,0.02,4,0.47,4.00,70.1,44.2,34.7,22.1,0,1.00,""
30000075,hull_skiff,legs,turret_missile,true,1288351,9.1,32722,23,22,173.4,1503.3,28.25,358,0.95,4.76,125.7,48.9,40.4,25.0,0,1.00,""
30000076,hull_skiff,legs,turret_beam,true,1283284,8.9,31897,6,3,187.6,12458.8,613.77,7262,9.32,4.97,125.2,50.2,40.3,28.1,0,1.00,""
30000077,hull_skiff,legs,turret_gun,true,10809,8.5,260,120,23,3.7,178.6,0.13,14,0.70,2.22,70.3,6.3,5.1,2.0,0,1.00,""
30000078,hull_skiff,legs,turret_beam,true,36797,16.8,2402,18,9,19.1,956.1,13.57,14,1.56,3.00,96.5,18.9,10.8,6.3,0,1.00,""
30000079,hull_skiff,legs,turret_missile,true,32914,23.1,2297,20,11,15.9,2419.3,45.75,516,1.81,3.07,51.2,13.3,11.9,6.8,0,1.00,""
30000080,hull_skiff,legs,turret_gun,true,11242,12.4,385,65,19,3.2,1105.1,0.05,7,0.60,2.64,49.2,12.2,6.8,4.0,0,1.00,""
30000081,hull_skiff,legs,turret_gun,true,84071,8.8,2037,24,12,31.2,49.5,0.02,3,0.32,3.38,82.8,22.7,17.4,9.3,0,1.00,""
30000082,hull_skiff,legs,turret_gun,true,1764068,9.8,49000,41,20,153.0,160.6,0.28,19,1.25,4.68,86.1,52.6,50.2,23.9,0,1.00,""
30000083,hull_skiff,legs,none,true,4491,11.0,151,21,24,3.6,0.0,0.00,0,0.00,2.25,61.0,3.0,6.0,2.1,0,1.00,""
30000084,hull_skiff,legs,turret_gun,true,12278,8.1,280,5,4,8.0,40.7,0.02,3,0.38,2.61,63.0,12.5,8.9,3.8,0,1.00,""
30000085,hull_skiff,legs,turret_missile,true,14756,11.3,465,35,16,5.4,1598.0,28.43,463,2.29,2.62,76.9,11.0,7.1,3.9,0,1.00,""
30000086,hull_skiff,legs,turret_missile,true,144142,6.8,2732,27,14,34.9,1485.1,35.79,382,6.61,3.38,86.7,24.0,27.6,9.3,0,1.00,""
30000087,hull_skiff,legs,turret_missile,true,506144,29.6,41194,34,17,106.2,238.2,3.75,240,5.59,3.90,89.8,30.1,41.2,14.3,0,1.00,""
30000088,hull_skiff,legs,turret_beam,true,25839,9.2,695,41,15,8.3,260.5,2.67,0,0.52,2.88,54.6,14.9,8.2,5.5,0,1.00,""
30000089,hull_skiff,legs,turret_missile,true,139935,9.0,3501,27,21,30.8,1959.3,34.99,464,1.03,3.23,46.9,19.2,22.0,8.1,0,1.00,""
30000090,hull_skiff,legs,turret_missile,true,124526,18.1,6214,39,12,32.2,2105.8,50.44,387,3.66,3.41,46.2,24.0,22.0,9.5,0,1.00,""
30000091,hull_skiff,legs,turret_beam,true,1061432,16.7,49000,27,9,122.3,3305.3,14.45,24,2.07,4.33,51.8,47.2,38.2,19.2,0,1.00,""
30000092,hull_skiff,legs,turret_missile,true,2682372,6.3,49000,47,23,209.0,10597.9,287.09,789,3.08,5.26,174.5,55.5,64.2,32.6,0,1.00,""
30000093,hull_skiff,legs,turret_gun,true,50361,8.9,1288,25,9,21.1,169.7,0.18,17,0.75,3.13,66.4,18.3,16.0,7.3,0,1.00,""
30000094,hull_skiff,legs,turret_gun,true,784168,9.9,21350,30,20,134.6,344.0,0.01,1,0.30,4.18,76.5,52.2,36.0,17.4,0,1.00,""
30000095,hull_skiff,legs,turret_gun,true,1063834,16.6,48514,70,22,132.3,1485.8,0.05,7,0.45,4.79,69.2,46.8,31.9,25.4,0,1.00,""
30000096,hull_skiff,legs,turret_beam,true,846287,15.5,36109,45,16,111.7,15.9,0.02,0,4.36,4.20,74.2,52.4,40.6,17.7,0,1.00,""
30000097,hull_skiff,legs,turret_gun,true,152355,7.0,2942,46,18,28.1,1034.0,0.05,7,0.64,3.02,42.7,30.8,14.7,6.5,0,1.00,""
30000098,hull_skiff,legs,turret_beam,true,392836,12.3,13310,16,7,91.3,5268.1,220.10,1523,5.64,4.24,85.7,46.9,28.7,18.2,0,1.00,""
30000099,hull_skiff,legs,turret_gun,true,2259515,7.6,49000,21,14,153.9,513.4,0.94,43,1.30,4.42,88.2,48.9,45.4,20.4,0,1.00,""
30000100,hull_skiff,legs,turret_gun,true,189687,12.2,6336,18,9,69.9,136.9,0.06,8,0.46,3.49,67.5,33.7,22.7,10.2,0,1.00,""
30000101,hull_skiff,legs,turret_gun,true,1254421,14.0,49000,26,17,197.5,187.9,0.29,22,0.89,5.12,81.6,48.4,43.6,30.4,0,1.00,""
30000102,hull_skiff,legs,turret_beam,true,143727,7.0,2801,28,21,25.8,1093.8,168.28,209,1.72,3.13,53.6,22.2,17.9,7.3,0,1.00,""
30000103,hull_skiff,legs,turret_missile,true,7864944,1.8,49000,54,26,227.7,922.9,14.44,351,0.53,5.02,307.0,48.4,60.8,28.8,0,1.00,""
30000104,hull_skiff,legs,turret_gun,true,152226,10.9,4538,15,8,44.2,23.6,0.01,1,0.33,3.79,68.5,33.6,21.3,13.1,0,1.00,""
30000105,hull_skiff,legs,turret_gun,true,290502,6.5,5627,13,9,68.2,284.5,0.46,29,1.05,3.84,78.7,30.1,35.8,13.7,0,1.00,""
30000106,hull_skiff,legs,turret_gun,true,30842,21.0,1773,13,8,17.5,151.0,0.05,7,0.49,3.27,64.2,16.1,12.6,8.3,0,1.00,""
31000007,hull_skiff,rail,turret_gun,true,23688,165.8,540,24,15,7.1,28.1,0.01,2,0.30,2.58,14.8,6.4,5.4,3.5,0,1.00,""
31000008,hull_skiff,rail,turret_missile,true,459176,195.0,8646,68,21,86.5,4541.7,95.45,609,1.34,3.28,75.5,44.0,18.7,8.4,0,1.00,""
31000009,hull_skiff,rail,turret_beam,true,30960,168.4,609,16,13,7.4,242.6,1.14,0,0.49,2.47,16.9,13.2,7.4,2.9,0,1.00,""
31000010,hull_skiff,rail,turret_missile,true,104709,106.9,1091,23,10,28.7,13171.9,376.54,868,4.08,3.16,73.9,25.5,11.5,7.4,0,1.00,""
31000011,hull_skiff,rail,turret_missile,true,66660,159.2,994,24,11,18.1,35250.2,1137.08,1078,0.83,2.87,19.1,18.5,7.8,5.3,0,1.00,""
31000012,hull_skiff,rail,turret_gun,true,28059,127.5,1128,68,17,8.8,213.4,0.37,23,1.19,2.80,43.9,10.0,4.0,4.8,0,1.00,""
31000013,hull_skiff,rail,turret_missile,true,276683,163.1,3408,47,14,57.4,5056.5,149.27,673,10.62,3.27,90.0,38.3,17.0,8.2,0,1.00,""
31000014,hull_skiff,rail,turret_gun,true,137216,106.6,1237,17,13,31.6,538.5,0.01,2,0.30,2.95,70.0,26.0,12.4,5.8,0,1.00,""
31000015,hull_skiff,rail,turret_beam,true,252642,219.6,6469,42,24,42.4,38.2,0.09,0,2.61,3.29,79.0,30.7,14.7,8.4,0,1.00,""
31000016,hull_skiff,rail,turret_missile,true,8610,127.3,97,180,17,2.0,385.2,5.15,324,0.72,2.38,16.4,11.1,2.2,2.5,0,1.00,""
31000017,hull_skiff,rail,turret_missile,true,119594,172.5,2515,12,6,33.2,1075.5,20.95,323,2.60,3.24,44.5,26.9,12.1,8.0,0,1.00,""
31000018,hull_skiff,rail,turret_beam,true,299297,140.9,3454,24,18,52.3,33.4,0.10,1,5.63,3.41,90.6,35.5,15.1,9.4,0,1.00,""
31000019,hull_skiff,rail,turret_gun,true,376195,190.7,9248,42,22,64.3,116.5,0.19,15,1.11,3.44,116.4,41.4,16.8,9.7,0,1.00,""
31000020,hull_skiff,rail,turret_gun,true,53967,177.8,769,38,12,9.9,105.2,0.16,14,1.02,2.69,19.0,21.3,4.9,4.1,0,1.00,""
31000021,hull_skiff,rail,turret_gun,true,46185,172.7,1091,37,25,6.4,138.8,0.00,0,0.30,2.47,27.6,14.6,6.2,2.9,0,1.00,""
31000022,hull_skiff,rail,turret_missile,true,100555,163.3,2006,8,5,34.5,24597.1,729.60,1009,0.95,3.20,33.3,29.2,10.7,7.7,0,1.00,""
31000023,hull_skiff,rail,turret_gun,true,39313,127.1,352,30,8,12.5,20.5,0.00,0,0.30,2.63,19.9,16.9,7.4,3.8,0,1.00,""
31000024,hull_skiff,rail,turret_gun,true,47423,124.2,322,25,12,11.8,370.7,0.63,34,1.16,2.64,20.7,16.0,7.4,3.9,0,1.00,""
31000025,hull_skiff,rail,turret_missile,true,537911,157.8,4434,47,24,79.9,9474.9,248.82,662,1.18,3.54,108.8,47.7,20.6,10.6,0,1.00,""
31000026,hull_skiff,rail,turret_beam,true,92106,119.2,802,56,16,16.9,271.9,256.20,50,0.61,2.84,83.5,13.5,6.5,5.1,0,1.00,""
31000027,hull_skiff,rail,turret_gun,true,25016,132.4,441,26,21,3.8,207.5,0.10,12,0.59,2.62,17.2,9.3,3.5,3.7,0,1.00,""
31000028,hull_skiff,rail,turret_missile,true,302880,175.3,3828,32,15,51.8,5920.8,136.98,580,0.92,3.39,64.8,43.8,14.6,9.3,0,1.00,""
31000029,hull_skiff,rail,turret_gun,true,233994,165.5,4715,20,5,58.0,139.4,0.19,16,0.93,3.46,88.2,40.1,14.8,9.9,0,1.00,""
31000030,hull_skiff,rail,turret_missile,true,267519,158.2,2752,41,18,50.3,2345.8,43.58,453,0.60,3.04,57.5,35.2,14.7,6.5,0,1.00,""
31000031,hull_skiff,rail,turret_gun,true,39171,146.8,394,29,14,8.8,374.3,0.55,34,0.98,2.53,12.3,15.9,5.3,3.2,0,1.00,""
31000032,hull_skiff,rail,turret_gun,true,597176,213.3,14039,35,14,107.0,79.6,0.02,3,0.32,4.30,102.4,58.1,19.5,18.8,0,0.70,""
31000033,hull_skiff,rail,turret_missile,true,217757,136.8,2263,9,6,64.2,2482.5,51.70,411,0.86,3.41,61.9,45.1,16.8,9.4,0,1.00,""
31000034,hull_skiff,rail,none,true,8793,121.1,62,23,3,2.5,0.0,0.00,0,0.00,2.40,4.6,11.7,4.2,2.6,0,1.00,""
31000035,hull_skiff,rail,turret_beam,true,72490,136.4,568,47,14,16.0,87.0,0.27,0,0.62,2.72,20.4,22.1,8.6,4.3,0,1.00,""
31000036,hull_skiff,rail,turret_gun,true,354728,190.5,8402,11,3,89.9,222.2,0.13,14,0.69,3.75,76.5,50.2,20.4,12.6,0,1.00,""
31000037,hull_skiff,rail,turret_gun,true,152296,172.7,2800,23,9,39.3,217.8,0.19,18,0.70,3.26,40.0,33.6,12.3,8.1,0,1.00,""
31000038,hull_skiff,rail,turret_gun,true,42344,165.7,348,274,36,5.3,342.9,0.60,32,1.25,2.43,21.0,13.8,5.3,2.8,0,1.00,""
31000039,hull_skiff,rail,turret_gun,true,52032,140.5,1284,17,7,9.2,99.5,0.13,13,0.80,2.68,10.9,20.3,7.4,4.1,0,1.00,""
31000040,hull_skiff,rail,turret_gun,true,444271,161.4,5347,30,16,92.2,81.5,0.05,7,0.61,3.88,111.7,45.7,20.4,13.9,0,1.00,""
31000041,hull_skiff,rail,turret_gun,true,20006,183.2,421,120,15,5.0,104.0,0.04,6,0.43,2.32,11.2,10.0,5.5,2.2,0,1.00,""
31000042,hull_skiff,rail,turret_gun,true,27774,97.8,443,15,8,6.6,51.6,0.01,2,0.31,2.56,30.4,12.7,5.9,3.4,0,1.00,""
31000043,hull_skiff,rail,turret_missile,true,119392,115.2,762,15,4,35.4,6230.7,154.63,634,3.18,3.01,21.9,32.8,12.0,6.2,0,1.00,""
31000044,hull_skiff,rail,turret_gun,true,62024,138.6,449,74,15,11.7,57.5,0.02,3,0.36,2.93,18.1,23.7,5.5,5.7,0,1.00,""
31000045,hull_skiff,rail,turret_gun,true,383307,121.2,2839,13,4,115.0,100.0,0.03,5,0.39,4.36,124.6,56.8,22.8,19.6,0,1.00,""
31000046,hull_skiff,rail,turret_beam,true,465865,152.9,5415,27,11,106.4,868.7,2.64,28,8.22,4.30,80.5,52.2,21.2,18.8,0,1.00,""
31000047,hull_skiff,rail,turret_missile,true,13718,127.6,181,29,9,2.8,1803.8,36.66,419,3.66,2.43,12.3,6.5,2.2,2.7,0,1.00,""
31000048,hull_skiff,rail,turret_missile,true,389354,191.1,9163,23,12,98.1,222.1,3.52,293,5.95,3.85,130.7,52.6,18.5,13.7,0,0.50,""
31000049,hull_skiff,rail,turret_beam,true,177871,203.3,4020,31,20,32.9,730.3,2.00,5,2.80,3.22,33.1,26.4,11.5,7.8,0,1.00,""
31000050,hull_skiff,rail,turret_missile,true,349643,120.4,7136,22,11,80.6,4063.1,109.58,575,7.73,3.50,213.0,47.7,19.7,10.2,0,0.70,""
31000051,hull_skiff,rail,turret_gun,true,216365,99.1,4623,26,16,46.0,40.6,0.06,8,0.78,3.26,133.4,30.5,14.9,8.2,0,1.00,""
31000052,hull_skiff,rail,turret_gun,true,38189,160.2,1033,16,12,13.4,57.6,0.05,7,0.71,2.91,19.4,12.9,6.1,5.6,0,1.00,""
31000053,hull_skiff,rail,turret_gun,true,70864,189.3,1040,102,20,11.1,214.1,0.30,24,0.83,2.66,30.2,21.9,5.8,4.0,0,1.00,""
31000054,hull_skiff,rail,turret_missile,true,481551,208.5,13879,30,12,113.9,20665.2,605.40,993,1.61,4.41,72.0,53.3,21.4,20.2,0,0.50,""
31000055,hull_skiff,rail,turret_gun,true,111808,127.1,971,11,7,29.4,166.5,0.12,14,0.65,2.98,50.2,26.5,11.3,6.0,0,1.00,""
31000056,hull_skiff,rail,turret_missile,true,532887,139.0,3633,35,21,95.2,6405.0,178.96,607,5.06,3.85,78.2,45.5,20.3,13.6,0,1.00,""
31000057,hull_skiff,rail,turret_gun,true,17467,179.2,282,26,21,3.6,21.2,0.00,1,0.30,2.35,5.9,3.4,6.0,2.4,0,1.00,""
31000058,hull_skiff,rail,turret_gun,true,363698,135.5,5299,12,5,85.5,150.2,0.22,19,0.78,4.10,135.0,55.5,19.1,16.4,0,1.00,""
31000059,hull_skiff,rail,turret_missile,true,8932,97.4,59,17,14,4.2,5128.8,127.42,622,4.92,2.43,8.6,5.5,5.3,2.8,0,1.00,""
31000060,hull_skiff,rail,turret_gun,true,336851,107.9,9475,13,6,101.6,77.7,0.11,12,0.74,3.38,223.4,52.7,20.6,9.2,0,0.35,""
31000061,hull_skiff,rail,turret_gun,true,30802,133.3,385,11,9,10.7,26.9,0.00,1,0.30,2.79,17.1,10.9,6.2,4.8,0,1.00,""
31000062,hull_skiff,rail,turret_gun,true,265196,212.0,7077,35,18,44.5,139.4,0.08,10,0.56,3.36,87.4,42.2,13.5,9.0,0,1.00,""
31000063,hull_skiff,rail,turret_missile,true,56745,188.0,1112,19,9,12.4,939.8,20.48,297,4.17,2.54,16.7,21.3,9.2,3.3,0,1.00,""
31000064,hull_skiff,rail,turret_gun,true,399290,146.7,4480,11,5,103.4,2261.5,0.11,12,0.67,3.97,76.9,56.3,21.8,15.0,0,0.25,""
31000065,hull_skiff,rail,turret_gun,false,387392,182.7,10015,4,2,114.9,852.6,0.02,4,0.38,3.98,113.6,55.0,23.5,15.1,0,0.08,"overloaded: 387392 kg on running gear rated 270000 kg"
31000066,hull_skiff,rail,turret_gun,true,101062,168.3,2377,23,11,34.4,156.1,0.26,19,1.11,3.08,45.3,25.3,11.1,6.7,0,1.00,""
31000067,hull_skiff,rail,turret_gun,true,230924,196.1,4146,37,19,40.6,9.3,0.00,0,0.30,3.29,63.6,34.2,14.7,8.4,0,1.00,""
31000068,hull_skiff,rail,turret_gun,true,376740,184.5,6232,17,9,73.3,86.7,0.06,8,0.68,3.75,94.7,53.7,18.6,12.6,0,0.50,""
31000069,hull_skiff,rail,turret_beam,true,337731,206.3,9840,16,6,84.3,333.1,0.86,10,8.74,3.75,51.7,46.0,20.4,12.7,0,1.00,""
31000070,hull_skiff,rail,turret_gun,true,338521,182.5,7297,9,3,89.9,108.8,0.06,9,0.50,3.34,38.2,50.7,18.5,8.8,0,1.00,""
31000071,hull_skiff,rail,turret_beam,true,86645,186.1,2536,18,7,19.0,1010.9,3.50,1,0.90,2.98,29.2,26.4,9.2,6.0,0,1.00,""
31000072,hull_skiff,rail,turret_missile,true,206657,131.2,1836,43,13,58.5,7905.9,227.10,727,6.65,3.34,98.0,37.2,14.4,8.8,0,1.00,""
31000073,hull_skiff,rail,turret_missile,true,467516,129.4,2968,41,16,95.7,11362.1,282.42,942,1.37,3.89,128.2,49.4,20.7,14.0,0,1.00,""
31000074,hull_skiff,rail,turret_beam,true,381388,184.6,7977,47,14,94.7,12.6,0.02,0,6.82,3.75,87.5,42.1,19.5,12.6,0,1.00,""
31000075,hull_skiff,rail,turret_gun,true,79361,111.7,1410,37,18,18.8,63.1,0.03,4,0.39,2.82,63.9,19.4,8.5,5.0,0,1.00,""
31000076,hull_skiff,rail,turret_missile,true,76505,140.9,1236,26,13,21.2,18371.8,514.55,930,1.26,2.85,18.3,19.8,9.4,5.2,0,1.00,""
31000077,hull_skiff,rail,turret_beam,true,437182,140.7,3875,14,5,98.4,1516.7,394.71,6544,13.89,4.13,104.2,49.6,21.5,16.8,0,0.70,""
31000078,hull_skiff,rail,turret_missile,true,284088,152.7,4353,15,7,90.8,250.8,3.25,308,1.28,3.83,88.5,44.5,20.1,13.5,0,1.00,""
31000079,hull_skiff,rail,turret_gun,true,147604,152.3,1290,44,23,23.3,36.2,0.01,2,0.30,3.02,34.4,27.1,9.3,6.3,0,1.00,""
31000080,hull_skiff,rail,turret_gun,true,364222,202.6,5775,32,24,50.2,96.3,0.12,13,0.76,3.48,57.8,34.3,15.8,10.1,0,1.00,""
31000081,hull_skiff,rail,turret_beam,true,365147,117.2,3638,35,14,72.9,1201.6,3.13,16,4.53,3.91,192.8,42.7,17.9,14.3,0,1.00,""
31000082,hull_skiff,rail,turret_gun,true,367787,175.3,5878,34,12,80.6,49.2,0.03,5,0.50,3.55,117.4,45.4,20.1,10.7,0,1.00,""
31000083,hull_skiff,rail,turret_gun,true,531867,129.9,12613,29,14,87.7,468.7,0.96,44,1.26,3.71,136.5,53.2,19.5,12.2,0,1.00,""
31000084,hull_skiff,rail,turret_gun,true,205646,164.0,3135,30,10,52.5,114.6,0.08,10,0.53,3.43,53.8,40.4,12.7,9.6,0,1.00,""
31000085,hull_skiff,rail,turret_gun,true,414861,177.2,4830,42,24,62.6,113.8,0.06,9,0.54,3.57,65.5,40.7,17.0,10.9,0,1.00,""
31000086,hull_skiff,rail,turret_missile,true,227704,144.1,2221,32,16,49.2,9973.8,243.98,788,1.04,3.43,63.2,34.8,14.3,9.5,0,1.00,""
31000087,hull_skiff,rail,turret_gun,true,440962,178.7,6336,30,16,81.6,331.8,0.12,13,0.61,3.46,74.1,44.2,17.5,9.9,0,1.00,""
31000088,hull_skiff,rail,turret_gun,true,47111,121.9,353,49,19,14.0,35.3,0.01,1,0.30,2.71,46.3,14.3,6.9,4.3,0,1.00,""
31000089,hull_skiff,rail,turret_missile,true,81813,142.6,708,44,21,17.4,751.6,13.60,304,3.36,2.76,49.2,20.0,9.8,4.6,0,1.00,""
31000090,hull_skiff,rail,turret_missile,true,448868,217.4,9762,44,23,70.5,4756.9,111.04,618,3.19,3.47,55.0,41.0,18.4,10.0,0,1.00,""
31000091,hull_skiff,rail,turret_missile,true,250995,140.0,2742,13,5,72.8,405.7,7.58,417,7.02,3.73,67.4,39.1,17.7,12.4,0,1.00,""
31000092,hull_skiff,rail,turret_gun,true,298031,139.0,1924,52,16,49.6,620.3,1.09,49,1.24,3.48,47.9,42.6,15.8,10.1,0,1.00,""
31000093,hull_skiff,rail,turret_beam,true,347454,175.8,5250,8,4,70.8,2084.5,96.56,492,4.42,3.58,39.1,50.8,16.6,11.0,0,1.00,""
31000094,hull_skiff,rail,turret_gun,true,343065,182.1,8453,26,8,105.2,3916.7,0.19,18,0.69,3.87,100.0,44.9,20.3,13.9,0,0.35,""
31000095,hull_skiff,rail,turret_gun,false,310793,175.3,8333,6,2,114.7,93.0,0.03,4,0.39,4.07,235.1,54.5,22.9,16.1,0,0.08,"overloaded: 310793 kg on running gear rated 180000 kg"
31000096,hull_skiff,rail,turret_gun,true,743398,165.8,21120,34,21,95.3,380.5,0.13,14,0.62,3.48,137.2,55.2,20.2,10.1,0,1.00,""
31000097,hull_skiff,rail,none,true,13364,174.5,120,22,19,1.6,0.0,0.00,0,0.00,2.21,5.3,10.7,6.1,1.8,0,1.00,""
31000098,hull_skiff,rail,turret_beam,true,644606,144.7,4496,40,24,104.0,24.7,0.05,0,4.81,4.08,156.7,48.8,19.3,16.2,0,1.00,""
31000099,hull_skiff,rail,turret_gun,true,115392,183.7,2173,16,12,26.0,195.9,0.10,12,0.65,2.90,45.4,22.6,11.8,5.5,0,1.00,""
31000100,hull_skiff,rail,turret_beam,true,552031,168.0,15051,43,22,85.2,5930.2,55.88,634,8.92,3.58,131.4,45.3,18.0,11.0,0,1.00,""
31000101,hull_skiff,rail,turret_gun,true,437818,178.8,12183,13,6,131.0,311.5,0.54,31,1.11,4.45,147.1,55.1,22.6,20.7,0,0.35,""
31000102,hull_skiff,rail,turret_gun,true,98865,121.3,849,26,10,34.4,48.1,0.02,3,0.42,2.96,68.3,28.6,11.1,5.8,0,1.00,""
31000103,hull_skiff,rail,turret_beam,true,46570,127.9,290,18,9,9.6,80.1,0.13,0,1.45,2.74,15.4,20.1,6.2,4.4,0,1.00,""
31000104,hull_skiff,rail,turret_gun,true,160444,106.6,1088,23,7,62.2,100.7,0.14,14,0.88,3.76,133.8,39.5,15.4,12.7,0,0.50,""
31000105,hull_skiff,rail,turret_missile,true,136612,119.7,846,25,11,33.4,2524.2,67.62,451,7.19,3.08,86.0,28.1,12.0,6.8,0,1.00,""
31000106,hull_skiff,rail,turret_gun,true,84929,195.3,1916,42,15,19.1,597.9,1.13,49,1.29,2.81,20.1,19.4,9.3,4.9,0,1.00,""
32000007,hull_skiff,hover,turret_gun,true,175691,60.1,4667,28,13,43.8,114.1,0.18,16,0.97,3.10,7.4,30.3,11.8,7.0,3265,0.70,""
32000008,hull_skiff,hover,turret_gun,true,274918,65.4,7548,39,11,84.2,86.8,0.04,6,0.44,3.68,7.5,36.8,15.2,12.0,5042,0.50,""
32000009,hull_skiff,hover,turret_missile,true,410493,121.0,20495,12,6,91.2,858.7,15.68,530,4.60,3.77,7.8,45.9,16.6,13.0,7137,0.35,""
32000010,hull_skiff,hover,turret_missile,true,162683,77.0,6620,60,12,35.5,1352.4,28.46,327,1.91,2.92,6.9,34.3,10.7,5.8,3325,0.50,""
32000011,hull_skiff,hover,turret_gun,true,375530,89.5,11792,26,9,81.9,209.2,0.33,24,0.95,3.41,7.7,42.6,17.4,9.5,6160,0.35,""
32000012,hull_skiff,hover,turret_gun,true,57632,57.5,1554,18,7,26.8,58.8,0.02,4,0.46,2.92,5.6,18.1,9.0,5.8,1047,1.00,""
32000013,hull_skiff,hover,turret_missile,true,64600,87.6,3070,78,20,13.6,586.3,12.52,261,5.85,2.69,7.9,21.3,5.9,4.3,1977,1.00,""
32000014,hull_skiff,hover,turret_gun,true,480583,72.6,12915,20,14,93.6,39.5,0.01,2,0.32,3.70,7.8,47.3,18.6,12.3,8182,1.00,""
32000015,hull_skiff,hover,turret_missile,true,145820,99.0,5185,42,12,41.3,5713.0,143.70,569,2.57,3.11,7.1,30.1,10.4,7.1,2766,0.50,""
32000016,hull_skiff,hover,turret_gun,true,462673,77.0,19961,17,7,87.7,90.9,0.13,13,0.85,3.53,7.8,50.0,17.7,10.6,7143,0.50,""
32000017,hull_skiff,hover,turret_missile,true,73534,120.5,3824,29,18,26.3,1101.1,19.88,343,2.04,2.98,7.9,17.0,8.6,6.2,1976,1.00,""
32000018,hull_skiff,hover,turret_missile,true,36018,126.5,1754,18,11,9.4,4918.4,116.27,648,4.25,2.58,5.6,20.5,4.8,3.7,877,1.00,""
32000019,hull_skiff,hover,turret_gun,true,220901,79.3,6845,27,8,52.0,142.1,0.19,17,0.81,3.27,6.8,39.6,12.3,8.3,4341,1.00,""
32000020,hull_skiff,hover,turret_gun,true,4329,57.4,282,63,3,2.9,48.5,0.08,9,0.89,2.34,4.3,8.0,2.0,2.5,209,1.00,""
32000021,hull_skiff,hover,turret_missile,true,44575,103.5,1924,15,10,17.2,4209.6,108.33,554,6.20,2.62,5.3,17.9,6.9,3.9,1057,1.00,""
32000022,hull_skiff,hover,turret_missile,true,105329,77.5,3157,6,3,36.7,235.5,3.57,250,5.56,3.06,5.2,28.2,10.7,6.7,1898,1.00,""
32000023,hull_skiff,hover,turret_gun,true,52516,99.0,2844,17,9,15.1,148.3,0.18,17,0.75,2.52,5.8,18.6,7.3,3.3,1076,1.00,""
32000024,hull_skiff,hover,turret_gun,true,108524,121.0,5545,21,10,24.4,417.1,0.01,1,0.30,2.84,7.5,27.2,7.7,5.2,2297,0.70,""
32000025,hull_skiff,hover,turret_gun,true,333160,76.9,9557,27,8,79.1,17.7,0.00,1,0.30,3.73,7.2,44.7,16.0,12.5,5933,0.70,""
32000026,hull_skiff,hover,turret_missile,true,355522,121.0,15744,11,8,98.1,138.1,1.89,244,5.37,3.65,7.4,38.8,18.0,11.8,5459,0.35,""
32000027,hull_skiff,hover,turret_gun,true,256418,121.0,12678,11,4,69.7,274.0,0.44,29,0.96,3.15,6.1,40.4,15.6,7.4,3696,1.00,""
32000028,hull_skiff,hover,turret_missile,true,54015,99.0,2715,11,7,20.0,18260.0,542.02,860,1.75,2.59,5.4,18.8,8.0,3.7,1164,1.00,""
32000029,hull_skiff,hover,turret_gun,true,13891,99.0,694,42,14,3.5,934.9,0.03,4,0.38,2.17,4.3,14.6,3.4,1.8,393,1.00,""
32000030,hull_skiff,hover,turret_gun,true,273843,121.0,13331,16,6,80.0,474.7,0.21,19,0.73,3.55,7.6,37.1,14.7,10.8,5329,0.25,""
32000031,hull_skiff,hover,turret_missile,true,229598,99.0,9009,32,18,48.5,1968.7,38.25,481,2.96,2.97,7.8,32.1,14.0,6.1,4514,0.70,""
32000032,hull_skiff,hover,turret_gun,true,175192,128.4,7117,14,11,40.8,99.0,0.14,14,0.78,2.84,7.8,25.5,12.7,5.2,3024,1.00,""
32000033,hull_skiff,hover,turret_missile,true,10522,121.0,888,49,16,3.3,4722.4,109.57,602,3.07,2.31,7.2,10.4,2.2,2.3,579,1.00,""
32000034,hull_skiff,hover,turret_missile,true,2276,70.3,142,29,4,1.5,1189.0,23.11,505,5.24,2.16,3.6,7.3,1.4,1.7,112,1.00,""
32000035,hull_skiff,hover,turret_missile,true,89884,92.6,2709,13,4,23.9,11243.2,341.42,823,5.63,2.70,5.8,26.2,9.0,4.3,1410,1.00,""
32000036,hull_skiff,hover,turret_missile,true,276666,97.2,9135,16,10,78.5,132.3,1.67,342,0.42,3.34,7.5,33.2,16.4,8.9,4747,0.50,""
32000037,hull_skiff,hover,turret_gun,true,44221,53.7,1217,10,8,23.8,113.1,0.04,6,0.53,2.64,5.6,13.6,8.7,4.0,876,1.00,""
32000038,hull_skiff,hover,turret_missile,true,98851,86.6,3129,22,12,20.8,10644.3,266.26,847,1.50,2.88,6.4,26.5,8.8,5.5,1885,1.00,""
32000039,hull_skiff,hover,turret_missile,true,262841,77.0,7445,32,16,49.0,2102.0,37.74,533,0.84,2.93,7.5,36.4,14.9,5.8,4055,0.70,""
32000040,hull_skiff,hover,turret_missile,true,32498,83.8,1287,22,19,12.1,478.4,9.27,462,9.21,2.46,5.9,11.4,7.3,3.0,847,1.00,""
32000041,hull_skiff,hover,turret_gun,true,45437,143.0,2878,38,17,13.6,226.7,0.34,26,0.83,2.47,7.1,14.9,6.6,3.1,1303,0.70,""
32000042,hull_skiff,hover,turret_gun,true,335625,99.0,15747,29,12,83.4,24.6,0.01,1,0.30,3.20,7.9,43.3,14.7,7.8,5946,1.00,""
32000043,hull_skiff,hover,turret_gun,true,89457,67.6,2597,30,20,21.8,263.9,0.40,28,0.87,2.70,7.4,18.6,9.9,4.3,1768,1.00,""
32000044,hull_skiff,hover,turret_missile,true,420086,99.0,14717,23,10,107.5,858.7,16.68,335,5.60,3.74,7.5,47.0,17.8,12.6,6695,0.70,""
32000045,hull_skiff,hover,turret_gun,true,137016,80.4,4292,12,7,38.8,319.6,0.57,31,1.19,3.22,6.1,30.9,10.4,8.0,2593,1.00,""
32000046,hull_skiff,hover,turret_missile,true,131715,85.8,4786,25,7,44.1,3740.2,90.68,796,5.30,3.18,6.5,29.3,10.7,7.6,2990,1.00,""
32000047,hull_skiff,hover,turret_missile,true,88372,77.0,3433,22,11,27.6,9022.3,222.75,691,1.15,2.79,7.3,19.1,10.0,4.9,2029,1.00,""
32000048,hull_skiff,hover,turret_gun,true,174335,99.0,8154,27,14,37.4,39.2,0.05,7,0.79,3.09,7.9,34.9,9.7,6.9,3857,1.00,""
32000049,hull_skiff,hover,turret_missile,true,242990,91.4,7565,42,12,63.9,708.3,11.61,471,2.64,3.18,7.1,36.9,14.3,7.6,3766,0.70,""
32000050,hull_skiff,hover,turret_gun,true,37120,95.7,1428,25,17,11.7,125.8,0.03,4,0.38,2.49,6.3,13.8,6.4,3.2,838,1.00,""
32000051,hull_skiff,hover,turret_gun,true,161206,121.0,9211,27,14,34.1,40.8,0.02,3,0.33,3.03,7.7,32.0,9.5,6.5,3601,0.70,""
32000052,hull_skiff,hover,turret_beam,true,6564,87.3,461,4,4,5.0,49.1,29.18,7,0.65,2.25,7.7,4.4,4.1,2.1,332,0.17,""
32000053,hull_skiff,hover,turret_gun,true,123030,121.0,6945,27,7,28.0,7.2,0.00,0,0.30,2.73,7.6,27.8,8.8,4.5,2716,1.00,""
32000054,hull_skiff,hover,turret_gun,true,214836,99.0,9147,26,11,52.3,164.6,0.25,19,1.00,3.18,7.1,36.4,12.4,7.7,4165,0.50,""
32000055,hull_skiff,hover,turret_gun,true,132856,91.5,4116,17,13,36.1,253.6,0.34,25,0.90,2.79,7.1,23.0,11.9,4.9,2222,0.70,""
32000056,hull_skiff,hover,turret_gun,true,322695,121.0,14015,17,11,90.5,46.3,0.01,2,0.30,3.56,7.6,35.5,17.6,10.9,5751,0.70,""
32000057,hull_skiff,hover,turret_missile,true,15962,121.0,1167,65,18,5.2,2043.3,43.43,416,3.38,2.43,5.8,12.0,3.5,2.9,615,1.00,""
32000058,hull_skiff,hover,turret_missile,true,51480,77.0,3144,52,21,14.7,2423.7,61.42,481,7.50,2.73,7.2,15.7,7.3,4.5,1301,1.00,""
32000059,hull_skiff,hover,turret_missile,true,145034,80.2,4392,32,11,40.5,367.0,6.12,249,4.23,2.97,7.3,27.9,11.1,6.0,2677,1.00,""
32000060,hull_skiff,hover,turret_missile,true,30321,129.6,1504,21,15,7.9,683.8,10.45,440,0.94,2.33,5.0,16.6,5.6,2.4,754,1.00,""
32000061,hull_skiff,hover,turret_gun,true,8939,81.7,586,22,14,7.6,148.4,0.20,17,0.89,2.46,7.6,5.5,4.5,3.1,417,0.70,""
32000062,hull_skiff,hover,turret_beam,true,224244,76.8,6351,26,11,50.9,156.1,0.55,2,2.93,3.12,7.0,36.8,13.3,7.2,3935,1.00,""
32000063,hull_skiff,hover,turret_gun,true,89127,99.0,3762,12,7,35.2,156.1,0.16,15,0.74,2.79,5.4,22.8,11.0,4.9,1547,1.00,""
32000064,hull_skiff,hover,turret_gun,true,118931,77.0,4628,19,11,32.8,77.4,0.05,7,0.50,2.83,7.6,21.0,11.6,5.2,2460,1.00,""
32000065,hull_skiff,hover,turret_missile,true,96924,99.0,4243,27,18,25.6,1771.0,38.35,429,4.88,2.63,7.6,19.5,9.9,3.9,1955,0.70,""
32000066,hull_skiff,hover,turret_gun,true,55664,143.0,2584,18,8,14.0,42.0,0.01,1,0.30,2.48,4.8,22.1,7.9,3.1,890,1.00,""
32000067,hull_skiff,hover,turret_beam,true,434262,101.8,13938,29,8,105.8,127.3,0.23,1,5.10,3.62,7.6,45.1,19.5,11.4,6808,0.35,""
32000068,hull_skiff,hover,turret_missile,true,327489,93.5,10722,27,10,73.7,6045.5,159.31,786,5.71,3.39,8.0,40.0,15.7,9.3,6114,0.50,""
32000069,hull_skiff,hover,turret_missile,true,189218,75.4,5031,18,11,45.7,100.0,1.30,234,4.77,3.11,7.3,31.7,12.0,7.1,3031,0.50,""
32000070,hull_skiff,hover,turret_gun,true,409296,121.0,21240,25,11,86.3,717.5,0.02,3,0.35,3.70,7.8,44.1,17.9,12.3,6750,0.70,""
32000071,hull_skiff,hover,turret_missile,true,94194,99.0,3511,6,4,32.3,114.5,1.81,366,5.11,2.70,5.1,25.2,10.8,4.4,1404,1.00,""
32000072,hull_skiff,hover,turret_missile,true,94239,90.0,3384,24,15,25.0,10274.3,258.01,810,2.00,2.64,6.9,22.4,9.0,4.0,2082,0.70,""
32000073,hull_skiff,hover,turret_missile,true,5354,70.8,379,22,10,3.5,9525.1,276.30,739,4.82,2.39,6.4,7.1,1.8,2.7,308,0.50,""
32000074,hull_skiff,hover,turret_gun,true,345744,77.0,12899,15,6,88.0,1057.6,0.03,4,0.37,3.66,7.9,40.4,16.2,11.8,6343,0.70,""
32000075,hull_skiff,hover,turret_beam,true,127480,99.0,5324,25,14,32.6,877.3,2.52,10,3.69,2.98,7.8,27.3,9.2,6.2,3127,0.70,""
32000076,hull_skiff,hover,turret_gun,true,20759,99.0,1159,44,19,4.8,30.5,0.01,1,0.30,2.53,6.9,14.0,3.3,3.4,794,1.00,""
32000077,hull_skiff,hover,turret_gun,true,126278,85.5,4398,21,11,39.4,25.6,0.01,1,0.30,3.04,7.3,25.3,10.3,6.6,2713,0.50,""
32000078,hull_skiff,hover,turret_missile,true,395151,99.0,12209,31,12,87.2,4000.7,81.30,551,0.68,3.33,7.5,44.8,18.0,8.8,6058,0.50,""
32000079,hull_skiff,hover,turret_missile,true,125442,99.0,4615,8,5,46.5,596.1,8.46,351,0.55,3.00,5.5,27.3,12.6,6.3,2075,1.00,""
32000080,hull_skiff,hover,turret_gun,true,336882,97.6,11020,18,7,86.6,130.3,0.20,17,0.93,3.22,7.7,39.8,16.8,7.9,5819,0.50,""
32000081,hull_skiff,hover,turret_gun,true,205199,121.0,8258,14,4,62.0,108.3,0.13,14,0.75,3.23,5.9,35.4,15.0,8.1,3001,1.00,""
32000082,hull_skiff,hover,turret_gun,true,21695,123.6,1223,24,13,9.9,164.3,0.27,19,1.09,2.51,6.8,8.0,6.4,3.3,570,1.00,""
32000083,hull_skiff,hover,turret_gun,true,22816,77.0,1406,50,23,7.2,224.1,0.11,12,0.61,2.47,7.3,12.0,4.0,3.1,880,1.00,""
32000084,hull_skiff,hover,turret_beam,true,145014,76.5,4794,17,7,44.7,653.4,195.82,141,1.25,3.21,7.9,26.9,10.4,7.9,3136,0.35,""
32000085,hull_skiff,hover,turret_gun,true,17269,99.0,890,22,14,5.2,110.9,0.03,4,0.42,2.50,5.4,14.6,3.4,3.2,551,1.00,""
32000086,hull_skiff,hover,turret_gun,true,238956,77.8,6888,25,8,66.3,9.6,0.00,0,0.30,3.00,6.6,36.8,15.2,6.3,4182,1.00,""
32000087,hull_skiff,hover,turret_gun,true,407286,58.7,9441,42,11,96.0,35.5,0.01,2,0.30,3.26,7.5,48.4,17.0,8.3,6310,0.70,""
32000088,hull_skiff,hover,turret_missile,true,38711,77.0,1981,25,10,20.3,335.7,5.87,444,6.66,2.83,6.0,13.7,7.7,5.2,1030,1.00,""
32000089,hull_skiff,hover,turret_gun,true,102923,83.8,2981,13,7,25.2,2875.0,0.15,15,0.65,2.71,5.8,26.0,10.1,4.4,1714,1.00,""
32000090,hull_skiff,hover,turret_gun,true,110050,99.0,5586,22,10,27.2,77.4,0.12,12,0.89,2.79,6.9,23.8,10.4,4.9,1984,1.00,""
32000091,hull_skiff,hover,turret_missile,true,13230,68.0,502,19,17,6.0,3321.7,84.13,523,5.95,2.35,5.1,8.7,4.5,2.5,359,1.00,""
32000092,hull_skiff,hover,turret_beam,true,35536,65.3,1057,13,7,10.8,128.8,44.49,8,0.57,2.38,6.3,13.4,6.4,2.7,727,1.00,""
32000093,hull_skiff,hover,turret_missile,true,262732,77.0,10822,29,13,55.0,5553.8,135.58,662,3.61,3.11,7.5,35.9,14.9,7.1,4302,1.00,""
32000094,hull_skiff,hover,turret_beam,true,12832,63.6,538,27,18,6.1,48.7,1.52,0,0.77,2.33,6.3,8.0,4.0,2.4,415,1.00,""
32000095,hull_skiff,hover,turret_gun,true,409093,66.2,10009,33,12,94.1,218.2,0.28,23,0.78,3.15,7.4,46.3,18.0,7.4,6379,0.70,""
32000096,hull_skiff,hover,turret_beam,true,97889,121.0,4327,24,17,21.0,876.8,155.02,55,0.84,2.65,7.6,22.0,9.1,4.0,2062,1.00,""
32000097,hull_skiff,hover,turret_beam,true,184650,99.0,9425,19,12,51.7,302.2,0.78,0,1.08,3.13,7.5,28.3,12.8,7.3,3650,1.00,""
32000098,hull_skiff,hover,turret_beam,true,201277,143.0,11087,13,8,55.7,2926.8,220.06,467,2.40,3.18,7.2,30.8,13.2,7.6,3737,0.35,""
32000099,hull_skiff,hover,turret_missile,true,9255,87.6,503,23,23,6.3,371.4,5.31,321,1.84,2.34,5.2,5.8,5.2,2.5,317,1.00,""
32000100,hull_skiff,hover,turret_missile,true,215782,143.0,10792,28,14,48.5,4693.6,98.42,593,0.90,2.95,7.3,31.6,14.2,5.9,3884,0.70,""
32000101,hull_skiff,hover,turret_beam,true,96462,57.0,2814,20,7,32.7,297.5,176.21,42,0.67,2.89,7.9,20.6,9.3,5.5,2049,0.35,""
32000102,hull_skiff,hover,turret_gun,true,258129,143.0,13422,27,11,72.8,20.2,0.00,1,0.30,3.48,7.3,36.1,14.8,10.2,4885,1.00,""
32000103,hull_skiff,hover,turret_beam,false,3891,99.0,217,3,2,1.9,52.8,6.47,1,0.62,2.02,2.3,10.3,2.6,1.3,82,0.08,"engine 0.5 x 0.4 x 0.4 m does not fit the 1.5 x 0.3 x 2.9 m bay"
32000104,hull_skiff,hover,turret_beam,true,296130,76.2,8309,21,7,70.6,1265.6,32.37,121,3.51,3.37,7.2,41.0,15.4,9.2,5128,1.00,""
32000105,hull_skiff,hover,turret_gun,true,98148,104.1,3346,26,12,18.3,12.1,0.00,1,0.30,2.63,6.5,27.5,8.0,4.0,1793,1.00,""
32000106,hull_skiff,hover,turret_beam,true,154404,68.4,4157,13,10,51.0,34.3,0.06,0,3.57,3.07,6.7,25.2,13.4,6.8,2643,1.00,""
33000007,hull_skiff,antigrav,turret_missile,true,140645,178.9,12388,7,3,50.2,1511.2,26.22,555,1.27,3.86,0.0,37.1,18.5,7.7,7534,1.00,""
33000008,hull_skiff,antigrav,turret_gun,true,160996,154.3,4391,72,23,33.8,176.1,0.33,20,1.32,3.88,0.0,32.3,9.6,7.5,1758,1.00,""
33000009,hull_skiff,antigrav,turret_missile,false,419036,0.0,49000,5,2,143.6,791.0,14.02,497,3.50,4.00,0.0,51.9,23.5,10.5,49394,0.08,"cannot rise: anti-gravity needs 49394 kW, 48999 kW available"
33000010,hull_skiff,antigrav,turret_gun,true,57377,160.5,1646,40,25,14.5,651.7,0.03,5,0.54,3.13,0.0,10.9,11.1,4.5,533,1.00,""
33000011,hull_skiff,antigrav,turret_gun,true,554243,158.7,23840,19,9,141.5,82.6,0.04,6,0.53,5.66,0.0,54.5,24.0,18.0,14179,0.70,""
33000012,hull_skiff,antigrav,turret_missile,true,108037,166.0,3137,35,15,23.2,4362.9,107.62,533,3.69,3.56,0.0,26.4,15.0,3.9,1337,1.00,""
33000013,hull_skiff,antigrav,turret_beam,true,7660,147.1,440,60,21,2.9,62.3,8.64,1,0.53,2.27,0.0,3.4,2.3,2.0,281,1.00,""
33000014,hull_skiff,antigrav,turret_beam,true,151283,240.0,7028,58,20,20.1,1942.0,282.30,89,0.79,3.11,0.0,22.7,9.5,4.4,2148,1.00,""
33000015,hull_skiff,antigrav,turret_beam,true,156758,169.6,5830,26,11,41.5,931.6,3.54,4,1.54,4.00,0.0,33.4,13.8,6.8,2347,1.00,""
33000016,hull_skiff,antigrav,turret_beam,true,589562,145.8,33807,39,21,93.1,58.8,0.12,1,6.03,4.00,0.0,51.2,26.1,7.7,28931,1.00,""
33000017,hull_skiff,antigrav,turret_gun,true,23030,136.2,2031,14,17,9.9,26.0,0.01,1,0.31,2.84,0.0,6.9,8.7,3.3,956,1.00,""
33000018,hull_skiff,antigrav,turret_missile,true,100413,121.6,3184,34,11,33.0,711.8,11.66,402,3.49,3.80,0.0,29.1,14.3,3.9,2179,1.00,""
33000019,hull_skiff,antigrav,turret_gun,true,300521,190.3,31913,35,18,52.5,174.4,0.25,21,0.78,4.00,0.0,40.7,19.6,5.8,25796,1.00,""
33000020,hull_skiff,antigrav,turret_gun,false,526368,0.0,49000,9,2,104.3,161.3,0.22,19,0.76,5.42,0.0,54.2,26.2,13.5,55807,0.08,"cannot rise: anti-gravity needs 55807 kW, 48946 kW available"
33000021,hull_skiff,antigrav,turret_beam,true,168064,138.9,9265,20,9,35.2,635.9,279.76,345,1.71,4.00,0.0,28.7,16.5,4.5,7650,1.00,""
33000022,hull_skiff,antigrav,turret_beam,true,51060,148.9,1826,10,7,22.5,500.8,3.17,2,1.29,3.14,0.0,16.6,10.5,4.9,518,1.00,""
33000023,hull_skiff,antigrav,turret_beam,true,14297,154.0,613,34,6,2.4,59.4,5.55,1,0.56,2.27,0.0,10.1,4.2,1.5,462,1.00,""
33000024,hull_skiff,antigrav,turret_beam,true,57548,133.6,2609,26,24,15.6,251.1,0.92,1,1.08,2.68,0.0,15.4,10.7,3.2,1980,1.00,""
33000025,hull_skiff,antigrav,turret_beam,true,651995,179.9,37573,61,22,108.6,19.8,0.04,0,5.32,4.00,0.0,53.0,26.2,7.1,26891,1.00,""
33000026,hull_skiff,antigrav,turret_beam,true,286168,182.7,17465,17,9,72.8,2136.3,7.91,56,5.75,4.00,0.0,40.0,21.7,9.9,9965,1.00,""
33000027,hull_skiff,antigrav,turret_missile,true,333788,123.9,11925,16,10,91.9,3087.9,71.01,467,3.16,4.00,0.0,45.3,17.5,7.8,8970,1.00,""
33000028,hull_skiff,antigrav,turret_missile,true,93322,166.3,4960,73,23,21.3,2653.4,58.29,464,3.27,3.43,0.0,26.6,7.9,5.4,2911,1.00,""
33000029,hull_skiff,antigrav,turret_gun,true,1023718,203.0,49000,41,26,157.5,386.2,0.63,37,1.03,5.03,0.0,56.6,30.3,18.3,26721,1.00,""
33000030,hull_skiff,antigrav,turret_beam,true,70253,164.3,3933,12,5,28.0,839.2,11.28,20,2.11,3.13,0.0,26.3,13.0,5.2,1823,1.00,""
33000031,hull_skiff,antigrav,turret_beam,true,157298,132.4,9923,35,20,38.0,595.4,4.38,11,2.67,4.00,0.0,30.2,11.3,5.3,8433,1.00,""
33000032,hull_skiff,antigrav,turret_gun,true,100695,167.8,6173,44,10,28.6,24.4,0.00,1,0.30,3.88,0.0,30.3,10.1,4.5,3887,1.00,""
33000033,hull_skiff,antigrav,turret_gun,true,159367,183.1,11948,20,11,53.0,32.5,0.01,2,0.38,4.00,0.0,34.5,13.7,7.5,6447,1.00,""
33000034,hull_skiff,antigrav,turret_gun,true,321777,236.9,36491,43,27,45.1,33.2,0.01,2,0.35,4.00,0.0,38.8,19.6,7.0,26343,1.00,""
33000035,hull_skiff,antigrav,turret_missile,true,341981,115.8,28988,21,8,98.3,3622.5,98.50,502,6.40,4.00,0.0,42.7,20.2,13.3,26311,1.00,""
33000036,hull_skiff,antigrav,turret_missile,true,420293,201.6,40312,33,11,99.6,1268.9,26.87,627,5.55,4.00,0.0,52.3,19.1,9.4,26543,1.00,""
33000037,hull_skiff,antigrav,turret_missile,true,72555,191.2,4496,23,13,21.0,16999.4,484.47,994,2.54,3.73,0.0,25.4,8.5,5.2,2016,1.00,""
33000038,hull_skiff,antigrav,turret_missile,true,17251,157.1,527,83,13,5.7,745.0,11.70,329,1.22,2.70,0.0,15.7,3.2,3.0,150,1.00,""
33000039,hull_skiff,antigrav,turret_gun,true,191094,163.5,7028,19,10,55.5,860.2,0.02,4,0.35,4.00,0.0,35.8,18.6,8.8,2933,1.00,""
33000040,hull_skiff,antigrav,turret_gun,true,14774,161.0,1489,28,25,4.3,77.1,0.02,4,0.36,2.52,0.0,8.8,3.8,2.0,1180,1.00,""
33000041,hull_skiff,antigrav,turret_gun,true,458494,196.8,45716,60,23,74.0,467.2,0.01,1,0.30,4.00,0.0,49.1,16.0,12.5,36054,1.00,""
33000042,hull_skiff,antigrav,turret_gun,true,138986,164.2,8792,37,22,35.5,64.4,0.01,2,0.30,4.00,0.0,27.3,10.2,6.6,6131,1.00,""
33000043,hull_skiff,antigrav,turret_missile,true,472306,133.4,31434,11,5,141.8,11224.9,297.48,799,2.68,5.55,0.0,50.8,26.1,18.2,25629,1.00,""
33000044,hull_skiff,antigrav,turret_gun,true,8388,132.3,481,42,19,2.4,167.0,0.00,1,0.30,2.62,0.0,7.0,4.6,2.4,335,1.00,""
33000045,hull_skiff,antigrav,turret_gun,true,8818,162.5,1399,18,4,4.1,242.0,0.00,1,0.30,3.15,0.0,13.0,6.4,2.4,878,1.00,""
33000046,hull_skiff,antigrav,turret_gun,true,507108,145.5,24969,29,12,125.3,299.5,0.12,13,0.60,5.70,0.0,57.4,27.5,19.8,18420,1.00,""
33000047,hull_skiff,antigrav,turret_missile,true,24970,133.3,728,27,22,5.7,12655.4,342.46,806,2.30,3.13,0.0,11.1,7.4,2.3,493,1.00,""
33000048,hull_skiff,antigrav,turret_gun,true,45183,177.5,2048,39,17,14.2,89.2,0.11,12,0.75,3.82,0.0,18.9,6.6,4.8,701,1.00,""
33000049,hull_skiff,antigrav,turret_missile,true,247155,191.4,11599,48,19,65.5,1218.1,24.78,327,2.19,4.07,0.0,35.0,15.2,9.3,3810,1.00,""
33000050,hull_skiff,antigrav,turret_gun,true,371731,128.5,14444,19,8,94.1,374.9,0.62,35,1.09,4.28,0.0,49.3,18.6,12.0,11031,1.00,""
33000051,hull_skiff,antigrav,turret_gun,true,62400,181.5,8610,24,15,20.3,67.1,0.02,3,0.36,3.28,0.0,19.7,7.6,4.8,6561,1.00,""
33000052,hull_skiff,antigrav,turret_gun,true,495660,176.7,16026,42,21,87.0,11.4,0.00,1,0.30,4.99,0.0,51.0,19.2,14.2,7889,1.00,""
33000053,hull_skiff,antigrav,turret_gun,true,388888,160.5,16423,11,7,102.2,132.3,0.15,15,0.74,4.00,0.0,51.7,25.6,8.4,9291,1.00,""
33000054,hull_skiff,antigrav,turret_beam,true,13450,150.1,1036,30,26,5.3,120.5,33.09,7,0.64,2.72,0.0,6.9,4.6,2.2,728,1.00,""
33000055,hull_skiff,antigrav,turret_missile,true,559958,183.7,44035,65,24,76.5,21404.8,692.68,915,3.27,4.00,0.0,44.1,16.2,11.7,36021,1.00,""
33000056,hull_skiff,antigrav,turret_gun,true,283125,128.0,7600,10,5,97.4,456.7,1.06,46,1.34,4.00,0.0,46.5,17.3,14.0,4138,1.00,""
33000057,hull_skiff,antigrav,turret_gun,true,26506,140.1,1725,13,5,10.9,51.4,0.07,8,0.89,3.43,0.0,17.9,6.9,3.0,1211,1.00,""
33000058,hull_skiff,antigrav,turret_missile,true,120492,128.2,5335,14,8,35.1,1082.5,24.53,311,4.59,4.00,0.0,27.7,16.3,6.7,3908,1.00,""
33000059,hull_skiff,antigrav,turret_gun,true,51012,192.8,6895,21,11,14.0,70.1,0.03,5,0.51,3.10,0.0,21.0,10.2,3.2,5193,1.00,""
33000060,hull_skiff,antigrav,turret_gun,true,334246,166.5,20732,10,7,104.5,53.4,0.01,2,0.30,5.36,0.0,48.4,23.6,15.4,12544,1.00,""
33000061,hull_skiff,antigrav,turret_gun,true,508235,154.0,49000,39,17,94.9,205.5,0.24,20,0.83,5.68,0.0,50.8,19.6,16.4,43074,0.70,""
33000062,hull_skiff,antigrav,turret_beam,true,52924,161.8,3140,16,13,10.8,307.5,96.90,91,1.46,2.62,0.0,16.0,8.9,2.9,2358,1.00,""
33000063,hull_skiff,antigrav,turret_gun,true,95863,154.0,2503,36,15,24.1,201.6,0.13,14,0.63,3.73,0.0,23.3,11.7,5.8,997,1.00,""
33000064,hull_skiff,antigrav,turret_gun,true,16440,155.2,2003,12,10,7.9,70.9,0.05,7,0.60,2.47,0.0,6.8,4.7,2.7,1497,1.00,""
33000065,hull_skiff,antigrav,turret_beam,true,268768,150.9,18613,34,14,66.9,1336.9,4.78,10,2.39,3.64,0.0,37.3,16.7,7.2,14734,1.00,""
33000066,hull_skiff,antigrav,turret_gun,true,46990,193.6,4643,34,12,13.2,86.4,0.03,5,0.42,2.78,0.0,17.6,10.5,3.4,3013,1.00,""
33000067,hull_skiff,antigrav,turret_missile,true,202247,144.5,7492,26,12,45.4,2537.8,57.75,659,6.79,4.00,0.0,34.7,18.1,6.8,5164,1.00,""
33000068,hull_skiff,antigrav,turret_beam,true,39690,159.4,1990,21,11,18.5,164.1,0.47,0,1.33,3.00,0.0,17.2,7.8,4.0,723,1.00,""
33000069,hull_skiff,antigrav,turret_beam,true,34540,153.6,2214,106,17,7.3,30.2,0.08,0,0.51,3.82,0.0,21.6,5.1,3.3,1718,1.00,""
33000070,hull_skiff,antigrav,turret_beam,true,141535,176.9,13201,30,22,31.5,1176.1,11.93,5,0.87,3.24,0.0,23.9,15.2,5.2,10246,1.00,""
33000071,hull_skiff,antigrav,turret_missile,true,365539,113.2,49000,12,4,56.5,1010.5,19.44,645,3.60,4.00,0.0,40.7,19.3,6.4,47615,0.17,""
33000072,hull_skiff,antigrav,turret_gun,true,45095,128.9,1335,18,19,14.4,64.2,0.03,4,0.41,3.07,0.0,10.6,10.8,2.8,807,1.00,""
33000073,hull_skiff,antigrav,turret_gun,true,39873,152.9,1063,51,27,6.9,90.1,0.06,8,0.54,2.94,0.0,16.6,5.8,2.2,639,1.00,""
33000074,hull_skiff,antigrav,none,true,3549,99.3,134,15,10,1.7,0.0,0.00,0,0.00,2.40,0.0,8.8,1.4,1.9,105,1.00,""
33000075,hull_skiff,antigrav,turret_gun,true,50356,190.4,4947,26,16,15.4,515.9,1.03,48,1.22,3.55,0.0,16.5,9.2,3.4,3149,1.00,""
33000076,hull_skiff,antigrav,turret_gun,true,22961,129.0,2165,7,7,14.6,268.1,0.45,27,1.16,3.15,0.0,9.2,10.2,4.1,1621,1.00,""
33000077,hull_skiff,antigrav,turret_beam,true,83913,186.6,4660,35,22,22.6,705.0,2.64,10,3.46,3.41,0.0,19.7,8.5,4.5,2179,1.00,""
33000078,hull_skiff,antigrav,turret_missile,true,126108,164.4,19376,57,16,31.9,9680.4,255.63,920,3.71,4.00,0.0,30.4,11.7,6.1,16948,1.00,""
33000079,hull_skiff,antigrav,turret_missile,true,196595,126.6,17146,14,9,65.8,1373.6,23.57,406,1.27,4.00,0.0,33.6,21.1,8.2,14869,1.00,""
33000080,hull_skiff,antigrav,turret_beam,false,10864,121.1,1189,3,2,3.7,43.9,28.17,2,0.35,3.08,0.0,12.1,4.7,1.9,1073,0.08,"engine 0.9 x 0.6 x 0.7 m does not fit the 1.3 x 0.5 x 3.6 m bay"
33000081,hull_skiff,antigrav,turret_missile,true,4616,111.9,140,9,4,3.3,963.9,19.62,518,6.53,2.81,0.0,6.5,3.2,3.0,42,1.00,""
33000082,hull_skiff,antigrav,turret_missile,true,140218,193.7,7474,46,14,37.5,1635.7,32.31,419,3.66,3.68,0.0,25.8,14.9,6.1,2871,1.00,""
33000083,hull_skiff,antigrav,turret_missile,true,485111,185.5,29368,45,16,122.6,391.5,6.83,274,6.21,4.41,0.0,50.1,20.0,16.1,16125,1.00,""
33000084,hull_skiff,antigrav,turret_gun,true,120485,121.4,2647,37,12,32.8,216.4,0.28,23,0.79,4.00,0.0,29.2,10.8,7.0,1629,1.00,""
33000085,hull_skiff,antigrav,turret_gun,true,393836,182.4,16940,30,19,82.7,38.4,0.02,3,0.46,4.60,0.0,44.1,17.6,14.8,8441,1.00,""
33000086,hull_skiff,antigrav,turret_gun,true,224917,169.4,14465,45,22,56.1,249.1,0.11,13,0.62,4.00,0.0,29.3,13.8,8.6,9849,1.00,""
33000087,hull_skiff,antigrav,turret_gun,true,34806,177.7,1661,31,23,7.6,68.9,0.02,4,0.43,3.33,0.0,15.9,5.8,3.2,460,1.00,""
33000088,hull_skiff,antigrav,turret_gun,true,398260,140.9,8748,41,21,72.5,14.6,0.00,1,0.30,3.90,0.0,39.3,22.1,9.2,5300,1.00,""
33000089,hull_skiff,antigrav,turret_gun,true,77533,116.7,4192,23,12,25.2,133.7,0.21,16,1.09,3.34,0.0,17.3,12.6,3.7,3511,1.00,""
33000090,hull_skiff,antigrav,turret_gun,true,160878,160.3,8375,58,24,26.1,166.6,0.27,20,1.00,3.09,0.0,25.1,13.5,4.6,6554,1.00,""
33000091,hull_skiff,antigrav,turret_gun,true,804775,222.8,49000,43,21,114.1,47.8,0.01,2,0.30,5.66,0.0,48.8,26.5,17.4,27636,1.00,""
33000092,hull_skiff,antigrav,turret_gun,true,348707,217.4,17601,34,16,64.3,118.1,0.08,10,0.61,4.87,0.0,39.9,19.8,11.2,6324,1.00,""
33000093,hull_skiff,antigrav,turret_gun,true,432054,128.5,49000,29,11,110.3,47.3,0.01,2,0.39,4.92,0.0,47.7,22.0,14.2,45025,0.70,""
33000094,hull_skiff,antigrav,turret_missile,true,77913,151.3,1871,38,30,12.7,580.9,11.27,547,6.42,3.24,0.0,16.1,10.1,3.3,1076,1.00,""
33000095,hull_skiff,antigrav,turret_missile,true,517731,171.0,17835,16,5,96.9,778.9,13.34,340,3.18,3.81,0.0,55.9,27.4,7.5,9659,1.00,""
33000096,hull_skiff,antigrav,turret_missile,true,40431,155.9,2040,9,4,22.1,1052.5,23.62,331,6.22,3.40,0.0,22.0,8.8,4.0,622,1.00,""
33000097,hull_skiff,antigrav,turret_beam,true,157390,134.3,4568,7,4,58.2,24.3,0.03,0,4.15,4.00,0.0,38.1,18.5,9.1,2176,1.00,""
33000098,hull_skiff,antigrav,turret_beam,true,387341,151.0,23416,17,8,101.7,1860.0,5.05,77,12.49,5.39,0.0,52.4,24.3,11.8,17467,1.00,""
33000099,hull_skiff,antigrav,turret_beam,true,265106,160.0,11015,19,12,67.1,32.2,0.06,1,9.12,4.00,0.0,42.7,16.4,10.3,6246,1.00,""
33000100,hull_skiff,antigrav,turret_missile,true,64523,169.8,2597,19,9,17.0,12668.4,366.49,731,2.17,3.36,0.0,24.7,10.6,3.9,1183,1.00,""
33000101,hull_skiff,antigrav,turret_missile,true,164171,185.5,10742,31,17,45.8,4048.1,85.40,530,0.93,4.00,0.0,28.2,12.3,6.4,5803,1.00,""
33000102,hull_skiff,antigrav,turret_gun,true,266716,192.2,41829,35,18,52.9,110.2,0.06,9,0.56,4.00,0.0,35.5,19.4,8.3,35439,1.00,""
33000103,hull_skiff,antigrav,turret_missile,true,28987,222.3,2830,34,25,5.5,2367.8,57.66,406,3.92,2.94,0.0,17.4,3.8,2.9,1805,1.00,""
33000104,hull_skiff,antigrav,turret_missile,true,529465,132.7,49000,37,18,85.9,3204.8,66.16,474,0.88,4.00,0.0,51.5,22.4,12.5,45586,1.00,""
33000105,hull_skiff,antigrav,turret_missile,true,70887,210.3,2436,42,29,9.8,448.4,7.61,410,4.75,3.17,0.0,16.6,9.0,3.6,676,1.00,""
33000106,hull_skiff,antigrav,turret_gun,true,251319,120.5,7448,17,7,71.5,109.0,0.04,6,0.42,4.00,0.0,49.3,20.9,10.0,4982,1.00,""
34000007,hull_skiff,rotor,turret_gun,false,154608,0.0,49000,3,2,47.3,25.0,0.01,1,0.30,4.00,0.0,37.3,28.0,8.3,68702,0.08,"overloaded: 154608 kg on running gear rated 95300 kg"
34000008,hull_skiff,rotor,turret_gun,true,42033,103.8,13769,11,3,17.9,7.3,0.00,0,0.30,4.00,0.0,23.8,20.5,5.1,13290,0.25,""
34000009,hull_skiff,rotor,turret_beam,false,84631,0.0,49000,4,2,34.9,0.0,56.02,122,2.45,4.00,0.0,31.8,19.3,4.5,65253,0.08,"overloaded: 84631 kg on running gear rated 17327 kg"
34000010,hull_skiff,rotor,turret_gun,false,46859,100.1,31060,3,2,27.6,88.5,0.12,12,0.81,4.00,0.0,26.3,18.4,3.1,30398,0.08,"overloaded: 46859 kg on running gear rated 13553 kg"
34000011,hull_skiff,rotor,turret_gun,true,87876,141.2,32053,13,5,39.1,59.1,0.09,10,0.95,4.00,0.0,28.1,28.0,7.4,29439,0.25,""
34000012,hull_skiff,rotor,turret_beam,false,10966,112.2,5057,4,2,7.4,98.1,0.81,0,0.47,4.00,0.0,15.1,11.5,1.9,4811,0.08,"overloaded: 10966 kg on running gear rated 6936 kg"
34000013,hull_skiff,rotor,turret_beam,false,22761,90.6,15745,8,2,11.2,78.9,1.37,2,1.69,4.00,0.0,25.0,11.3,2.6,15547,0.08,"overloaded: 22761 kg on running gear rated 5938 kg"
34000014,hull_skiff,rotor,turret_gun,true,89721,123.2,32060,14,5,37.9,126.8,0.17,15,0.92,4.00,0.0,28.3,28.0,7.4,30371,0.35,""
34000015,hull_skiff,rotor,turret_missile,false,12439,80.6,7841,3,2,9.8,2169.0,40.45,537,2.03,4.00,0.0,14.8,10.4,3.4,7715,0.08,"overloaded: 12439 kg on running gear rated 3936 kg"
34000016,hull_skiff,rotor,turret_gun,false,99129,138.9,37931,6,2,38.3,299.7,0.09,11,0.54,4.00,0.0,35.7,28.0,7.6,35271,0.08,"overloaded: 99129 kg on running gear rated 95300 kg"
34000017,hull_skiff,rotor,none,true,3103,101.7,674,5,2,2.2,0.0,0.00,0,0.00,4.00,0.0,13.5,8.8,2.6,620,0.12,""
34000018,hull_skiff,rotor,turret_missile,false,41541,132.0,39238,6,2,22.2,1379.4,26.65,556,3.53,4.00,0.0,23.4,12.6,6.2,37570,0.08,"overloaded: 41541 kg on running gear rated 6181 kg"
34000019,hull_skiff,rotor,turret_missile,true,24625,222.5,9531,10,7,12.1,8351.8,216.49,699,2.71,4.00,0.0,17.0,19.1,5.1,6386,1.00,""
34000020,hull_skiff,rotor,turret_missile,false,9191,79.2,5546,4,2,7.7,1297.9,24.28,345,1.24,4.00,0.0,12.9,9.2,2.4,5450,0.08,"overloaded: 9191 kg on running gear rated 3182 kg"
34000021,hull_skiff,rotor,turret_beam,true,88899,103.6,30747,13,6,29.9,314.8,0.70,1,1.84,4.00,0.0,29.2,28.0,6.8,29955,0.35,""
34000022,hull_skiff,rotor,turret_gun,true,24140,112.3,5549,5,2,11.7,78.2,0.02,3,0.33,3.87,0.0,23.0,23.0,4.9,5151,0.25,""
34000023,hull_skiff,rotor,turret_beam,false,19248,118.1,13583,5,2,8.9,138.8,59.14,4,0.36,4.00,0.0,14.8,8.5,2.7,13226,0.08,"overloaded: 19248 kg on running gear rated 4961 kg"
34000024,hull_skiff,rotor,turret_gun,false,157856,0.0,49000,4,2,59.5,451.6,0.91,41,1.35,4.00,0.0,30.2,34.5,6.9,92882,0.08,"overloaded: 157856 kg on running gear rated 55495 kg"
34000025,hull_skiff,rotor,turret_missile,false,114826,135.0,46670,3,2,46.3,739.4,12.57,293,1.55,4.00,0.0,35.2,28.0,7.4,43972,0.08,"overloaded: 114826 kg on running gear rated 95300 kg"
34000026,hull_skiff,rotor,turret_gun,false,9777,0.0,22585,4,3,3.9,157.1,0.14,15,0.69,3.29,0.0,4.5,5.3,1.8,22976,0.08,"overloaded: 9777 kg on running gear rated 216 kg"
34000027,hull_skiff,rotor,turret_gun,true,68636,132.2,22989,24,12,22.0,46.0,0.02,3,0.37,3.89,0.0,23.2,26.1,6.3,21780,1.00,""
34000028,hull_skiff,rotor,turret_gun,true,28971,147.5,9895,8,4,14.7,488.9,0.90,42,1.28,4.00,0.0,18.5,17.8,4.6,8775,0.25,""
34000029,hull_skiff,rotor,turret_beam,true,94252,146.7,35195,11,7,31.4,937.5,20.62,23,1.61,4.00,0.0,25.9,28.0,6.7,32700,0.50,""
34000030,hull_skiff,rotor,turret_gun,false,78496,0.0,49000,6,2,41.0,83.7,0.02,4,0.35,4.00,0.0,33.7,23.1,7.3,49133,0.08,"overloaded: 78496 kg on running gear rated 24386 kg"
34000031,hull_skiff,rotor,turret_gun,false,9018,84.6,8576,4,3,7.6,56.8,0.08,9,0.86,4.00,0.0,8.1,7.8,2.8,8339,0.08,"overloaded: 9018 kg on running gear rated 1283 kg"
34000032,hull_skiff,rotor,turret_gun,false,22382,0.0,4702,5,2,10.1,53.3,0.01,2,0.30,4.00,0.0,22.8,22.8,4.6,4657,0.08,"engine 1.4 x 1.0 x 1.1 m does not fit the 2.4 x 0.8 x 4.0 m bay"
34000033,hull_skiff,rotor,turret_gun,true,89492,105.6,31028,18,7,27.7,30.6,0.01,1,0.30,4.00,0.0,28.8,28.0,6.6,30255,0.50,""
34000034,hull_skiff,rotor,none,false,2748,122.9,1256,6,2,1.4,0.0,0.00,0,0.00,3.54,0.0,11.3,4.8,2.2,959,0.08,"overloaded: 2748 kg on running gear rated 2744 kg"
34000035,hull_skiff,rotor,turret_gun,true,22157,112.8,4994,6,2,9.8,224.1,0.30,24,0.82,4.00,0.0,22.4,22.4,4.8,4651,0.08,""
34000036,hull_skiff,rotor,turret_gun,false,128828,0.0,49000,6,2,43.0,17.2,0.00,1,0.30,4.00,0.0,28.2,18.9,6.1,170626,0.08,"overloaded: 128828 kg on running gear rated 8939 kg"
34000037,hull_skiff,rotor,turret_missile,true,40159,101.8,13227,7,3,20.0,263.5,4.32,248,6.84,4.00,0.0,23.0,20.0,5.8,12712,1.00,""
34000038,hull_skiff,rotor,turret_gun,true,65344,134.0,22073,19,5,24.3,948.2,0.06,8,0.67,4.00,0.0,25.8,25.6,6.0,20682,0.35,""
34000039,hull_skiff,rotor,turret_missile,true,26133,164.1,8722,7,4,15.3,3420.2,83.79,516,5.33,4.00,0.0,17.5,18.8,5.4,7114,1.00,""
34000040,hull_skiff,rotor,turret_gun,false,8024,101.8,5147,5,2,6.3,73.8,0.03,5,0.44,4.00,0.0,14.0,7.6,2.1,4984,0.08,"overloaded: 8024 kg on running gear rated 2532 kg"
34000041,hull_skiff,rotor,turret_gun,true,2360,104.2,874,6,2,2.5,135.2,0.00,0,0.30,4.00,0.0,9.7,6.2,2.3,803,0.12,""
34000042,hull_skiff,rotor,turret_gun,false,13438,143.6,3814,6,3,7.6,86.0,0.06,8,0.54,3.42,0.0,18.8,18.8,4.1,2624,0.08,"engine 1.3 x 0.9 x 1.0 m does not fit the 1.8 x 0.9 x 1.0 m bay"
34000043,hull_skiff,rotor,turret_beam,false,104813,0.0,49000,4,2,42.4,0.0,79.34,42,1.04,4.00,0.0,36.1,27.2,6.4,58418,0.08,"overloaded: 104813 kg on running gear rated 41066 kg"
34000044,hull_skiff,rotor,turret_gun,true,85270,135.9,30092,7,4,32.7,319.6,0.15,15,0.70,4.00,0.0,29.2,28.0,7.0,28140,1.00,""
34000045,hull_skiff,rotor,turret_missile,false,10283,99.3,5187,4,2,7.5,361.0,5.33,272,2.56,3.57,0.0,14.4,10.7,2.3,5011,0.08,"overloaded: 10283 kg on running gear rated 5271 kg"
34000046,hull_skiff,rotor,turret_beam,false,32508,102.8,44398,4,2,13.2,135.4,88.41,23,0.72,4.00,0.0,9.9,10.6,3.5,44045,0.08,"overloaded: 32508 kg on running gear rated 2155 kg"
34000047,hull_skiff,rotor,turret_gun,true,90682,107.3,31882,6,3,34.8,33.0,0.02,3,0.50,4.00,0.0,32.5,28.0,7.0,30860,0.17,""
34000048,hull_skiff,rotor,turret_gun,false,46029,103.3,23327,4,2,26.4,28.9,0.01,2,0.30,4.00,0.0,26.9,22.5,4.5,22625,0.08,"overloaded: 46029 kg on running gear rated 23187 kg"
34000049,hull_skiff,rotor,turret_gun,false,84310,0.0,49000,5,2,37.3,38.1,0.01,1,0.30,4.00,0.0,36.6,19.1,6.4,59727,0.08,"overloaded: 84310 kg on running gear rated 20447 kg"
34000050,hull_skiff,rotor,turret_gun,true,90266,138.7,32661,20,9,31.7,163.6,0.24,20,0.90,4.00,0.0,24.8,28.0,6.8,30648,0.50,""
34000051,hull_skiff,rotor,turret_missile,true,86366,116.5,29830,14,4,30.3,372.4,6.05,310,5.70,4.00,0.0,33.7,28.0,6.6,28684,0.17,""
34000052,hull_skiff,rotor,turret_gun,false,100308,137.2,38414,3,2,39.9,7.4,0.00,0,0.30,4.00,0.0,34.8,28.0,7.0,35902,0.08,"overloaded: 100308 kg on running gear rated 95300 kg"
34000053,hull_skiff,rotor,turret_gun,false,18086,232.0,7211,4,2,9.7,474.4,0.80,41,1.12,3.89,0.0,15.8,17.8,4.2,4328,0.08,"engine 1.6 x 1.1 x 1.3 m does not fit the 3.6 x 1.0 x 2.4 m bay"
34000054,hull_skiff,rotor,turret_missile,false,10519,74.6,5675,5,2,8.2,6606.7,167.34,834,4.52,4.00,0.0,14.5,11.8,2.2,5591,0.08,"overloaded: 10519 kg on running gear rated 4531 kg"
34000055,hull_skiff,rotor,turret_gun,false,58711,0.0,49000,7,2,31.6,89.3,0.02,4,0.39,4.00,0.0,27.9,16.3,4.2,65348,0.08,"overloaded: 58711 kg on running gear rated 5768 kg"
34000056,hull_skiff,rotor,turret_missile,false,120018,98.5,48294,4,2,57.5,5375.0,148.19,608,6.66,4.00,0.0,34.9,28.0,8.0,46988,0.08,"overloaded: 120018 kg on running gear rated 95300 kg"
34000057,hull_skiff,rotor,turret_missile,true,15489,30.4,3177,4,3,11.2,2402.5,47.22,681,2.03,3.20,0.0,19.3,19.3,4.8,3164,0.25,""
34000058,hull_skiff,rotor,turret_gun,false,115328,97.3,45236,4,2,44.1,279.3,0.18,17,0.72,4.00,0.0,34.9,28.0,7.5,44261,0.08,"overloaded: 115328 kg on running gear rated 95300 kg"
34000059,hull_skiff,rotor,turret_missile,true,11432,67.4,2385,4,3,9.9,4208.6,88.06,549,0.87,4.00,0.0,16.8,16.8,4.0,2309,0.12,""
34000060,hull_skiff,rotor,turret_beam,false,55359,0.0,49000,3,2,13.0,0.0,244.78,220,1.42,4.00,0.0,17.4,9.1,3.4,83349,0.08,"overloaded: 55359 kg on running gear rated 2972 kg"
34000061,hull_skiff,rotor,turret_gun,false,11254,92.8,9187,4,2,9.6,25.5,0.01,2,0.39,4.00,0.0,10.5,10.3,3.2,8997,0.08,"overloaded: 11254 kg on running gear rated 2144 kg"
34000062,hull_skiff,rotor,turret_gun,false,22440,85.6,18825,4,2,15.7,142.0,0.05,8,0.56,4.00,0.0,17.0,12.1,4.1,18575,0.08,"overloaded: 22440 kg on running gear rated 3986 kg"
34000063,hull_skiff,rotor,turret_missile,true,87058,141.5,30681,18,9,23.9,314.0,4.88,245,3.62,4.00,0.0,29.7,28.0,6.5,29029,0.35,""
34000064,hull_skiff,rotor,turret_missile,true,90406,121.3,32058,31,11,23.9,561.8,9.02,312,3.05,4.00,0.0,30.0,28.0,6.6,30720,0.50,""
34000065,hull_skiff,rotor,turret_missile,false,5390,92.7,3438,7,2,4.7,360.1,4.94,297,1.41,4.00,0.0,11.6,6.6,2.0,3349,0.08,"overloaded: 5390 kg on running gear rated 1699 kg"
34000066,hull_skiff,rotor,turret_beam,true,33717,174.0,12132,9,5,16.7,833.3,4.99,2,0.92,4.00,0.0,18.6,19.5,5.0,10045,1.00,""
34000067,hull_skiff,rotor,turret_beam,false,39815,97.2,20473,3,2,22.8,197.8,2.22,1,1.16,4.00,0.0,29.6,17.1,3.2,19977,0.08,"overloaded: 39815 kg on running gear rated 19250 kg"
34000068,hull_skiff,rotor,turret_gun,false,16591,75.8,6978,4,2,11.3,54.0,0.01,2,0.30,3.57,0.0,18.1,15.2,2.7,6852,0.08,"overloaded: 16591 kg on running gear rated 11839 kg"
34000069,hull_skiff,rotor,turret_beam,false,27013,113.3,19922,8,2,15.7,151.2,0.34,0,0.62,4.00,0.0,24.9,11.3,4.1,19380,0.08,"overloaded: 27013 kg on running gear rated 6387 kg"
34000070,hull_skiff,rotor,turret_beam,true,24145,131.0,5774,20,5,10.8,44.6,0.14,0,0.45,4.00,0.0,22.9,22.9,5.5,5187,1.00,""
34000071,hull_skiff,rotor,turret_missile,false,5060,96.4,4203,4,3,4.0,640.9,11.74,282,3.76,3.45,0.0,8.0,7.7,2.0,3416,0.08,"overloaded: 5060 kg on running gear rated 1352 kg"
34000072,hull_skiff,rotor,turret_missile,true,37706,119.9,12542,12,7,16.7,1033.6,19.23,337,2.85,4.00,0.0,20.4,19.5,4.9,11854,0.25,""
34000073,hull_skiff,rotor,turret_gun,true,93535,139.2,34499,6,3,34.1,12.9,0.00,0,0.30,4.00,0.0,32.7,28.0,7.4,32328,0.70,""
34000074,hull_skiff,rotor,turret_gun,true,7116,135.9,1684,10,3,4.8,167.5,0.08,10,0.56,4.00,0.0,14.2,13.6,3.9,1398,0.25,""
34000075,hull_skiff,rotor,turret_beam,false,35190,148.2,46566,6,2,12.6,386.9,56.37,15,0.73,4.00,0.0,18.0,9.3,2.8,45588,0.08,"overloaded: 35190 kg on running gear rated 2552 kg"
34000076,hull_skiff,rotor,turret_gun,false,80291,0.0,49000,2,2,39.9,146.9,0.33,21,1.25,4.00,0.0,32.4,21.0,6.1,55632,0.08,"overloaded: 80291 kg on running gear rated 20355 kg"
34000077,hull_skiff,rotor,turret_missile,false,24355,69.7,9653,2,2,23.6,1836.1,40.88,362,2.16,4.00,0.0,18.1,20.9,4.1,9454,0.08,"overloaded: 24355 kg on running gear rated 19670 kg"
34000078,hull_skiff,rotor,turret_beam,false,7948,77.6,7424,4,2,8.8,38.9,0.22,0,0.39,3.07,0.0,10.0,7.9,3.0,7303,0.08,"overloaded: 7948 kg on running gear rated 1146 kg"
34000079,hull_skiff,rotor,turret_missile,true,88407,146.4,31965,35,8,30.4,6572.7,180.94,685,5.53,4.00,0.0,28.7,28.0,6.9,29706,0.70,""
34000080,hull_skiff,rotor,turret_gun,true,91577,104.6,32126,13,6,29.6,333.5,0.19,18,0.70,4.00,0.0,29.3,28.0,6.8,31318,0.70,""
34000081,hull_skiff,rotor,turret_gun,false,5289,92.8,3393,5,3,5.4,20.5,0.00,1,0.30,3.54,0.0,9.1,8.5,1.8,3289,0.08,"overloaded: 5289 kg on running gear rated 1665 kg"
34000082,hull_skiff,rotor,turret_beam,false,11146,114.0,6514,6,3,8.7,122.2,0.83,0,0.78,4.00,0.0,13.7,12.9,2.1,6207,0.08,"overloaded: 11146 kg on running gear rated 4375 kg"
34000083,hull_skiff,rotor,turret_gun,true,50085,133.7,16928,38,10,17.6,353.7,0.63,33,1.25,4.00,0.0,20.7,22.3,5.6,15925,0.70,""
34000084,hull_skiff,rotor,turret_beam,false,8396,135.7,4334,8,2,4.8,101.0,0.28,0,1.20,4.00,0.0,18.8,8.7,1.8,4047,0.08,"overloaded: 8396 kg on running gear rated 4397 kg"
34000085,hull_skiff,rotor,turret_beam,false,87780,0.0,49000,6,2,38.9,0.0,0.25,1,4.16,4.00,0.0,36.1,23.7,7.3,54892,0.08,"overloaded: 87780 kg on running gear rated 27322 kg"
34000086,hull_skiff,rotor,turret_beam,false,9361,84.0,3472,4,2,5.4,30.3,5.15,2,0.94,4.00,0.0,17.8,10.2,2.7,3370,0.08,"overloaded: 9361 kg on running gear rated 8789 kg"
34000087,hull_skiff,rotor,turret_missile,false,69893,126.6,38070,4,2,31.6,120.6,1.70,216,5.58,4.00,0.0,35.2,21.2,5.6,36545,0.08,"overloaded: 69893 kg on running gear rated 31115 kg"
34000088,hull_skiff,rotor,turret_gun,true,91188,121.9,32459,16,5,31.0,277.2,0.35,26,0.85,4.00,0.0,29.0,28.0,7.0,31119,0.70,""
34000089,hull_skiff,rotor,turret_gun,false,13041,96.0,9738,3,2,12.7,26.3,0.01,1,0.30,3.50,0.0,11.8,9.9,4.4,8724,0.08,"overloaded: 13041 kg on running gear rated 3547 kg"
34000090,hull_skiff,rotor,none,false,1452,97.1,971,4,2,1.2,0.0,0.00,0,0.00,3.81,0.0,4.7,3.0,2.4,898,0.08,"overloaded: 1452 kg on running gear rated 462 kg"
34000091,hull_skiff,rotor,turret_gun,false,3873,109.2,2760,10,2,3.3,107.0,0.12,13,0.79,4.00,0.0,9.1,5.7,1.5,2651,0.08,"overloaded: 3873 kg on running gear rated 1006 kg"
34000092,hull_skiff,rotor,turret_beam,false,54282,92.1,36756,6,2,28.1,207.7,6.13,15,2.64,4.00,0.0,29.9,17.2,5.7,36210,0.08,"overloaded: 54282 kg on running gear rated 14847 kg"
34000093,hull_skiff,rotor,turret_missile,false,36607,0.0,7069,6,3,14.1,11153.6,312.28,848,4.37,4.00,0.0,27.3,27.3,5.4,8129,0.08,"overloaded: 36607 kg on running gear rated 35647 kg"
34000094,hull_skiff,rotor,turret_beam,false,50487,82.8,23665,3,2,27.4,147.4,0.58,0,1.07,4.00,0.0,28.5,22.6,5.4,23150,0.08,"overloaded: 50487 kg on running gear rated 29226 kg"
34000095,hull_skiff,rotor,turret_missile,true,92688,112.1,33141,16,5,37.4,2057.4,37.70,493,1.50,4.00,0.0,31.3,28.0,7.8,31890,0.50,""
34000096,hull_skiff,rotor,turret_missile,false,80690,0.0,49000,4,2,40.4,10462.0,281.40,663,0.83,4.00,0.0,32.9,19.2,5.9,61514,0.08,"overloaded: 80690 kg on running gear rated 16898 kg"
34000097,hull_skiff,rotor,turret_missile,false,25074,94.4,22620,8,2,14.2,992.0,16.19,357,1.13,4.00,0.0,20.9,10.0,4.6,22313,0.08,"overloaded: 25074 kg on running gear rated 3854 kg"
34000098,hull_skiff,rotor,turret_beam,false,101198,154.9,39037,3,2,29.9,1051.0,336.42,81,0.68,3.77,0.0,24.8,28.0,6.0,36381,0.08,"overloaded: 101198 kg on running gear rated 95300 kg"
34000099,hull_skiff,rotor,turret_gun,true,22455,213.6,8271,12,4,11.4,244.1,0.09,11,0.56,4.00,0.0,17.8,18.9,4.6,5642,0.17,""
34000100,hull_skiff,rotor,turret_missile,true,91599,95.2,31992,17,8,32.3,1851.1,40.83,490,6.66,4.00,0.0,26.3,28.0,6.8,31330,0.70,""
34000101,hull_skiff,rotor,turret_missile,false,20964,115.1,4796,5,2,9.1,904.9,17.04,388,5.17,4.00,0.0,21.5,21.5,4.5,4464,0.08,"engine 1.4 x 1.0 x 1.1 m does not fit the 2.8 x 0.9 x 4.7 m bay"
34000102,hull_skiff,rotor,turret_beam,false,33726,154.1,11354,4,2,14.9,131.7,0.45,0,1.46,4.00,0.0,23.6,19.5,4.7,10061,0.08,"engine 1.9 x 1.3 x 1.5 m does not fit the 4.9 x 1.2 x 6.6 m bay"
34000103,hull_skiff,rotor,turret_gun,true,51181,87.2,17914,6,3,22.7,61.9,0.01,1,0.30,4.00,0.0,29.5,28.0,3.8,17556,0.17,""
34000104,hull_skiff,rotor,turret_gun,false,8081,89.1,1862,5,4,5.2,207.6,0.25,21,0.84,3.70,0.0,14.2,14.2,3.2,1617,0.08,"engine 1.0 x 0.7 x 0.8 m does not fit the 2.2 x 0.5 x 2.4 m bay"
34000105,hull_skiff,rotor,none,false,1890,161.5,2322,4,3,2.7,0.0,0.00,0,0.00,2.89,0.0,3.0,5.5,1.3,2055,0.08,"overloaded: 1890 kg on running gear rated 194 kg"
34000106,hull_skiff,rotor,turret_gun,true,94257,128.4,34884,4,2,43.3,474.1,0.79,41,1.10,4.00,0.0,29.9,28.0,7.9,32703,0.12,""
